"Species","GeneID","GeneName","Elements","Citation.s....DOI.only","Closest.ortholog.species","Tissue","Comments","Primary/Inferred","Inferred.from.","A.thaliana orthologs","M.truncatula orthologs","O.sativa orthologs","T.aestivum orthologs","Z.mays orthologs","P.trichocarpa orthologs","S.bicolor orthologs","S.italica orthologs","S.viridis orthologs","V.vinifera orthologs"
"G.max","Glyma.07G067700",NA,"Fe",NA,NA,NA,NA,"Inferred","AT1G01580","AT1G01580,AT1G01590","Medtr8g028780,Medtr8g028795","LOC_Os04g48930","Traes_2BL_E11AA2D03","","Potri.014G088000","","","",""
"G.max","Glyma.16G033800",NA,"Fe",NA,NA,NA,NA,"Inferred","AT1G01580","AT1G01580,AT1G01590","Medtr8g028780,Medtr8g028795","LOC_Os04g48930","Traes_2BL_E11AA2D03","","Potri.014G088000","","","",""
"G.max","Glyma.18G235900",NA,"Fe",NA,NA,NA,NA,"Inferred","AT1G01580","AT1G01580,AT1G01590","","LOC_Os04g48930","Traes_2BL_E11AA2D03","","Potri.014G088000","","","",""
"G.max","Glyma.09G021000",NA,"Se,S",NA,NA,NA,NA,"Inferred","AT1G08490","AT1G08490","Medtr3g083980","LOC_Os12g18900","Traes_4BS_BD7AF055E","GRMZM2G060470","","Sobic.004G132600,Sobic.005G014700","Seita.1G134500","Sevir.1G132950",""
"G.max","Glyma.15G127400",NA,"Se,S",NA,NA,NA,NA,"Inferred","AT1G08490","AT1G08490","Medtr3g083980","LOC_Os12g18900","Traes_4BS_BD7AF055E","GRMZM2G060470","Potri.009G066000","Sobic.004G132600,Sobic.005G014700","Seita.1G134500","Sevir.1G132950","GSVIVG01037384001"
"G.max","Glyma.05G049500",NA,"P",NA,NA,NA,NA,"Inferred","AT1G12640","AT1G12640,AT1G63050","Medtr4g102750","LOC_Os02g45344","Traes_6AL_75BA4C59A,Traes_6BL_891A1BAAE,Traes_6DL_4E31B8DE8","GRMZM2G481755","Potri.001G110100,Potri.003G121700","Sobic.004G283600","Seita.1G270400","Sevir.1G275100","GSVIVG01019857001"
"G.max","Glyma.17G131500",NA,"P",NA,NA,NA,NA,"Inferred","AT1G12640","AT1G12640,AT1G63050","Medtr4g102750","LOC_Os02g45344","Traes_6AL_75BA4C59A,Traes_6BL_891A1BAAE,Traes_6DL_4E31B8DE8","GRMZM2G481755","Potri.001G110100,Potri.003G121700","Sobic.004G283600","Seita.1G270400","Sevir.1G275100","GSVIVG01019857001"
"G.max","Glyma.07G228400",NA,"P",NA,NA,NA,NA,"Inferred","AT1G14040","AT1G14040,AT2G03240,AT2G03260","","","","","","","","",""
"G.max","Glyma.20G031700",NA,"P",NA,NA,NA,NA,"Inferred","AT1G14040","AT1G14040,AT2G03240,AT2G03260","","","","","","","","","GSVIVG01003225001,GSVIVG01003219001,GSVIVG01004438001"
"G.max","Glyma.20G032400",NA,"P",NA,NA,NA,NA,"Inferred","AT1G14040","AT1G14040,AT2G03240,AT2G03260","","","","","Potri.008G090400,Potri.010G164900,Potri.010G165300,Potri.010G165800","","","","GSVIVG01003225001,GSVIVG01003219001,GSVIVG01004438001"
"G.max","Glyma.20G032500",NA,"P",NA,NA,NA,NA,"Inferred","AT1G14040","AT1G14040,AT2G03240,AT2G03260","","","","","Potri.008G090400,Potri.010G164900,Potri.010G165300,Potri.010G165800","","","","GSVIVG01003225001,GSVIVG01003219001,GSVIVG01004438001"
"G.max","Glyma.20G032600",NA,"P",NA,NA,NA,NA,"Inferred","AT1G14040","AT1G14040,AT2G03240,AT2G03260","","","","","Potri.008G090400,Potri.010G164900,Potri.010G165300,Potri.010G165800","","","","GSVIVG01003225001,GSVIVG01003219001,GSVIVG01004438001"
"G.max","Glyma.05G236200",NA,"Zn",NA,NA,NA,NA,"Inferred","AT1G14870","AT1G14870,AT1G14880,AT5G35525","","LOC_Os02g36940,LOC_Os02g36950","Traes_4AL_5D644DE5A,Traes_4AL_B98797B11,Traes_5BL_04FDA138E1,Traes_5BL_33C4FE16E,Traes_5BL_E942C6ACB,Traes_5DL_8B9E316C1,Traes_5DL_F62190F0A1","GRMZM2G151230","Potri.010G127700","Sobic.001G024700,Sobic.001G024800","Seita.1G209500,Seita.1G209700","Sevir.1G213100","GSVIVG01011687001"
"G.max","Glyma.05G236300",NA,"Zn",NA,NA,NA,NA,"Inferred","AT1G14870","AT1G14870,AT1G14880,AT5G35525","Medtr5g017650,Medtr8g104870","LOC_Os02g36940,LOC_Os02g36950","Traes_4AL_5D644DE5A,Traes_4AL_B98797B11,Traes_5BL_04FDA138E1,Traes_5BL_33C4FE16E,Traes_5BL_E942C6ACB,Traes_5DL_8B9E316C1,Traes_5DL_F62190F0A1","GRMZM2G151230","Potri.010G127700","Sobic.004G192100,Sobic.006G107900","Seita.1G209500,Seita.1G209700","Sevir.1G213100","GSVIVG01011687001"
"G.max","Glyma.08G043500",NA,"Zn",NA,NA,NA,NA,"Inferred","AT1G14870","AT1G14870,AT1G14880,AT5G35525","","LOC_Os02g36940,LOC_Os02g36950","Traes_4AL_5D644DE5A,Traes_4AL_B98797B11,Traes_5BL_04FDA138E1,Traes_5BL_33C4FE16E,Traes_5BL_E942C6ACB,Traes_5DL_8B9E316C1,Traes_5DL_F62190F0A1","GRMZM2G151230","Potri.010G127700","Sobic.004G192100,Sobic.006G107900","Seita.1G209500,Seita.1G209700","Sevir.1G212900","GSVIVG01011687001"
"G.max","Glyma.17G096900",NA,"Fe,Mn,Zn",NA,NA,NA,NA,"Inferred","AT1G18910,AT1G74770","AT1G18910,AT1G74770","Medtr4g107440","","","","","","","",""
"G.max","Glyma.04G023100",NA,"Fe,Zn,Co,Mn",NA,NA,NA,NA,"Inferred","AT1G20110","AT1G20110","Medtr3g114080","LOC_Os06g50840","Traes_2AS_19B6321CB,Traes_2BS_CCA9B58A3","GRMZM2G061156","Potri.002G018900,Potri.005G242700","Sobic.010G269100","Seita.2G363000","Sevir.4G295200","GSVIVG01009956001"
"G.max","Glyma.06G023000",NA,"Fe,Zn,Co,Mn",NA,NA,NA,NA,"Inferred","AT1G20110","AT1G20110","Medtr3g114080","LOC_Os06g50840","Traes_2AS_19B6321CB,Traes_2BS_CCA9B58A3","GRMZM2G061156","Potri.002G018900,Potri.005G242700","Sobic.010G269100","Seita.2G363000","Sevir.4G295200","GSVIVG01009956001"
"G.max","Glyma.09G089700",NA,"K",NA,NA,NA,NA,"Inferred","AT1G30270","AT1G30270","Medtr2g049790","LOC_Os07g05620","Traes_2AL_D66EA2EB5,Traes_2BL_A1F2BF8FC,Traes_2DL_2BA772DB5","GRMZM2G013236","","Sobic.002G034700","Seita.2G032200","Sevir.2G037000",""
"G.max","Glyma.13G220000",NA,"Cd,As",NA,NA,NA,NA,"Inferred","AT1G30400,LOC_Os04g52900","AT1G30400,AT2G34660","Medtr2g019020","LOC_Os04g52900","Traes_2AL_0A38A0EFC,Traes_2DL_5F40C7E14","GRMZM2G084181","Potri.011G091200","Sobic.006G219300","Seita.7G241100","Sevir.7G252600","GSVIVG01021589001"
"G.max","Glyma.15G092400",NA,"Cd,As",NA,NA,NA,NA,"Inferred","AT1G30400,LOC_Os04g52900","AT1G30400,AT2G34660","Medtr2g019020","LOC_Os04g52900","Traes_2AL_0A38A0EFC,Traes_2DL_5F40C7E14","GRMZM2G084181","","Sobic.006G219300","Seita.7G241100","Sevir.7G252600",""
"G.max","Glyma.09G085300",NA,"Ca,K,Na,S",NA,NA,NA,NA,"Inferred","AT1G30450","AT1G30450","Medtr2g048510","LOC_Os08g23440","Traes_2AS_58901E0DC,Traes_2DS_6C351FD1B,Traes_5AL_21B739F34,Traes_5BL_0992ADD0A,Traes_5DL_7953B077C,Traes_7AS_2BF62E1DE,Traes_7BS_725BE98D0","GRMZM2G113276,GRMZM2G401874","Potri.011G090900","Sobic.005G040700,Sobic.009G105900","Seita.3G275800,Seita.5G025700","Sevir.3G283200,Sevir.5G024400","GSVIVG01021607001"
"G.max","Glyma.15G193400",NA,"Ca,K,Na,S",NA,NA,NA,NA,"Inferred","AT1G30450","AT1G30450","Medtr2g048510","LOC_Os08g23440","Traes_2AS_58901E0DC,Traes_2DS_6C351FD1B,Traes_5AL_21B739F34,Traes_5BL_0992ADD0A,Traes_5DL_7953B077C,Traes_7AS_2BF62E1DE,Traes_7BS_725BE98D0","GRMZM2G113276,GRMZM2G401874","","Sobic.005G040700,Sobic.009G105900","Seita.3G275800,Seita.5G025700","Sevir.3G283200,Sevir.5G024400",""
"G.max","Glyma.01G200100",NA,"K,NO3-",NA,NA,NA,NA,"Inferred","AT1G32450","AT1G32450","Medtr5g014150","","Traes_6AL_168121E7E,Traes_6DL_0A59B823C","GRMZM2G061303","","Sobic.004G276200","Seita.1G296400","",""
"G.max","Glyma.05G070600",NA,"K,NO3-",NA,NA,NA,NA,"Inferred","AT1G32450","AT1G32450","Medtr4g098800","","Traes_6AL_168121E7E,Traes_6DL_0A59B823C","GRMZM2G061303","Potri.001G145200,Potri.003G088800","Sobic.004G276200","Seita.1G296400","","GSVIVG01018395001"
"G.max","Glyma.11G042000",NA,"K,NO3-",NA,NA,NA,NA,"Inferred","AT1G32450","AT1G32450","Medtr5g014150","","Traes_6AL_168121E7E,Traes_6DL_0A59B823C","GRMZM2G061303","","Sobic.004G276200","Seita.1G296400","","GSVIVG01018395001"
"G.max","Glyma.17G153300",NA,"K,NO3-",NA,NA,NA,NA,"Inferred","AT1G32450","AT1G32450","Medtr4g098800","","Traes_6AL_168121E7E,Traes_6DL_0A59B823C","GRMZM2G061303","Potri.001G145200,Potri.003G088800","Sobic.004G276200","Seita.1G296400","","GSVIVG01018395001"
"G.max","Glyma.08G187800",NA,"S,Se",NA,NA,NA,NA,"Inferred","AT1G36370","AT1G22020,AT1G36370","Medtr2g006570","LOC_Os01g65410,LOC_Os05g35440","Traes_3AL_4020ECFB3,Traes_3B_AEE1A6778","GRMZM2G452630","","Sobic.003G373600","Seita.5G398800","Sevir.5G404100",""
"G.max","Glyma.12G170300",NA,"S,Se",NA,NA,NA,NA,"Inferred","AT1G36370","AT1G22020,AT1G36370","Medtr2g006570","LOC_Os01g65410,LOC_Os05g35440","Traes_3AL_4020ECFB3,Traes_3B_AEE1A6778","GRMZM2G452630","","Sobic.003G373600","Seita.5G398800","Sevir.5G404100",""
"G.max","Glyma.03G231200",NA,"Fe,Cd,Co,Mo",NA,NA,NA,NA,"Inferred","AT1G56430,LOC_Os03g19420","AT1G09240,AT1G56430,AT5G04950,AT5G56080","Medtr7g112130","LOC_Os03g19420,LOC_Os03g19427,LOC_Os07g48980","Traes_2BS_CB79BAFB1,Traes_6AS_5D0B8CF891,Traes_6DS_0BF81EADB,Traes_6DS_1965FC73E","AC233955.1_FG003,GRMZM2G030036,GRMZM2G034956,GRMZM2G050108,GRMZM2G124785,GRMZM2G312481,GRMZM2G385200,GRMZM2G439195,GRMZM2G478568,GRMZM2G704488","Potri.005G014300,Potri.005G017300","Sobic.001G151400,Sobic.001G395900","Seita.2G440200,Seita.9G045300,Seita.9G429600","Sevir.2G452700,Sevir.9G044800",""
"G.max","Glyma.09G036400",NA,"Fe,Cd,Co,Mo",NA,NA,NA,NA,"Inferred","AT1G56430,LOC_Os03g19420","AT1G09240,AT1G56430,AT5G04950,AT5G56080","Medtr2g034240","LOC_Os03g19420,LOC_Os03g19427,LOC_Os07g48980","Traes_2BS_CB79BAFB1,Traes_6AS_5D0B8CF891,Traes_6DS_0BF81EADB,Traes_6DS_1965FC73E","AC233955.1_FG003,GRMZM2G030036,GRMZM2G034956,GRMZM2G050108,GRMZM2G124785,GRMZM2G312481,GRMZM2G385200,GRMZM2G439195,GRMZM2G478568,GRMZM2G704488","","Sobic.001G151400,Sobic.001G395900","Seita.2G440200,Seita.9G045300,Seita.9G429600","Sevir.2G452700,Sevir.9G044800",""
"G.max","Glyma.19G228400",NA,"Fe,Cd,Co,Mo",NA,NA,NA,NA,"Inferred","AT1G56430,LOC_Os03g19420","AT1G09240,AT1G56430,AT5G04950,AT5G56080","Medtr7g112130","LOC_Os03g19420,LOC_Os03g19427,LOC_Os07g48980","Traes_2BS_CB79BAFB1,Traes_6AS_5D0B8CF891,Traes_6DS_0BF81EADB,Traes_6DS_1965FC73E","AC233955.1_FG003,GRMZM2G030036,GRMZM2G034956,GRMZM2G050108,GRMZM2G124785,GRMZM2G312481,GRMZM2G385200,GRMZM2G439195,GRMZM2G478568,GRMZM2G704488","Potri.005G014300,Potri.005G017300","Sobic.001G151400,Sobic.001G395900","Seita.2G440200,Seita.9G045300,Seita.9G429600","Sevir.2G452700,Sevir.9G044800",""
"G.max","Glyma.07G015800",NA,"Cd",NA,NA,NA,NA,"Inferred","AT1G59870","AT1G15210,AT1G59870","Medtr8g014360","LOC_Os06g36090","Traes_3AL_D6ED281BC,Traes_3DL_94539BFE9,Traes_3DL_94539BFE91","GRMZM2G029506,GRMZM2G366146","Potri.001G189500,Potri.003G049600","Sobic.003G281500","Seita.4G181500","Sevir.4G150000","GSVIVG01016999001"
"G.max","Glyma.08G201300",NA,"Cd",NA,NA,NA,NA,"Inferred","AT1G59870","AT1G15210,AT1G59870","Medtr8g014360","LOC_Os06g36090","Traes_3AL_D6ED281BC,Traes_3DL_94539BFE9,Traes_3DL_94539BFE91","GRMZM2G029506,GRMZM2G366146","","Sobic.003G281500","Seita.4G181500","Sevir.4G150000",""
"G.max","Glyma.13G355000",NA,"Cd",NA,NA,NA,NA,"Inferred","AT1G59870","AT1G15210,AT1G59870","Medtr2g101090","LOC_Os06g36090","Traes_3AL_D6ED281BC,Traes_3DL_94539BFE9,Traes_3DL_94539BFE91","GRMZM2G029506,GRMZM2G366146","","Sobic.003G281500","Seita.4G181500","Sevir.4G150000",""
"G.max","Glyma.06G052000",NA,"Fe",NA,NA,NA,NA,"Inferred","AT1G60960","AT1G10970,AT1G60960","Medtr3g104400","LOC_Os06g37010","Traes_7AL_A13A246B4,Traes_7DL_24CBFF460","GRMZM2G064382","Potri.018G053300","Sobic.010G171300","Seita.3G112800","Sevir.4G249800","GSVIVG01035402001"
"G.max","Glyma.19G140000",NA,"Cu",NA,NA,NA,NA,"Inferred","AT1G63440,LOC_Os04g46940","AT1G63440","Medtr5g010420","LOC_Os04g46940","Traes_2AL_D0EABF355,Traes_2BL_19B3E60AA,Traes_2DL_51FF05F66","GRMZM2G143512,GRMZM2G144083","Potri.001G105800,Potri.003G125600","Sobic.006G173700,Sobic.006G173800","Seita.7G193900,Seita.7G194000","Sevir.7G205900,Sevir.7G206000","GSVIVG01019769001"
"G.max","Glyma.10G203200",NA,"Cu",NA,NA,NA,NA,"Inferred","AT1G66240,LOC_Os08g10480","AT1G66240","Medtr1g092670","LOC_Os08g10480","Traes_7AL_4C5A18F7C,Traes_7DL_4B6FAFD6B","","Potri.008G023800,Potri.010G236500","Sobic.008G179500","Seita.8G110600","Sevir.8G115200","GSVIVG01034760001"
"G.max","Glyma.20G187100",NA,"Cu",NA,NA,NA,NA,"Inferred","AT1G66240,LOC_Os08g10480","AT1G66240","Medtr1g092670","LOC_Os08g10480","Traes_7AL_4C5A18F7C,Traes_7DL_4B6FAFD6B","","Potri.008G023800,Potri.010G236500","Sobic.008G179500","Seita.8G110600","Sevir.8G115200","GSVIVG01034760001"
"G.max","Glyma.10G273000",NA,"P",NA,NA,NA,NA,"Inferred","AT1G68320","AT1G25340,AT1G68320","Medtr1g110460","","","GRMZM2G096358,GRMZM2G162709","Potri.008G122100,Potri.010G123000","","Seita.5G087200","","GSVIVG01011872001"
"G.max","Glyma.20G117000",NA,"P",NA,NA,NA,NA,"Inferred","AT1G68320","AT1G25340,AT1G68320","Medtr1g110460","","","GRMZM2G096358,GRMZM2G162709","Potri.008G122100,Potri.010G123000","","Seita.5G087200","","GSVIVG01011872001"
"G.max","Glyma.07G222700",NA,"P,As",NA,NA,NA,NA,"Inferred","AT1G76430","AT1G20860,AT1G76430","Medtr4g083960","LOC_Os06g21950","Traes_2BS_FC53255DE,Traes_2DS_988925F1A","","Potri.002G005500,Potri.005G256100","Sobic.010G133300","Seita.4G140700","Sevir.4G173800",""
"G.max","Glyma.20G021600",NA,"P,As",NA,NA,NA,NA,"Inferred","AT1G76430","AT1G20860,AT1G76430","Medtr4g083960","LOC_Os06g21950","Traes_2BS_FC53255DE,Traes_2DS_988925F1A","","Potri.002G005500,Potri.005G256100","Sobic.010G133300","Seita.4G140700","Sevir.4G173800",""
"G.max","Glyma.15G003900",NA,"B",NA,NA,NA,NA,"Inferred","AT1G80760","AT1G80760","Medtr2g104940","","","","Potri.001G046800,Potri.003G180900","","","","GSVIVG01034224001"
"G.max","Glyma.07G023600",NA,"Mn",NA,NA,NA,NA,"Inferred","AT1G80830","AT1G15960,AT1G80830","","LOC_Os06g46310","Traes_7AL_08B2A7BB2,Traes_7BL_CA6B7C9E6,Traes_7DL_26A2F4353","GRMZM2G069198","","Sobic.010G227800","Seita.4G263200","Sevir.4G276100",""
"G.max","Glyma.08G218200",NA,"Mn",NA,NA,NA,NA,"Inferred","AT1G80830","AT1G15960,AT1G80830","","LOC_Os06g46310","Traes_7AL_08B2A7BB2,Traes_7BL_CA6B7C9E6,Traes_7DL_26A2F4353","GRMZM2G069198","","Sobic.010G227800","Seita.4G263200","Sevir.4G276100",""
"G.max","Glyma.13G369900",NA,"Mn",NA,NA,NA,NA,"Inferred","AT1G80830","AT1G15960,AT1G80830","Medtr2g104990","LOC_Os06g46310","Traes_7AL_08B2A7BB2,Traes_7BL_CA6B7C9E6,Traes_7DL_26A2F4353","GRMZM2G069198","","Sobic.010G227800","Seita.4G263200","Sevir.4G276100",""
"G.max","Glyma.15G003500",NA,"Mn",NA,NA,NA,NA,"Inferred","AT1G80830","AT1G15960,AT1G80830","Medtr2g104990","LOC_Os06g46310","Traes_7AL_08B2A7BB2,Traes_7BL_CA6B7C9E6,Traes_7DL_26A2F4353","GRMZM2G069198","Potri.001G044900","Sobic.010G227800","Seita.4G263200","Sevir.4G276100","GSVIVG01034237001"
"G.max","Glyma.05G240600",NA,"Fe,Zn",NA,NA,NA,NA,"Inferred","AT2G01770,LOC_Os04g38940,LOC_Os09g23300","AT2G01770","Medtr8g105790","LOC_Os04g38940,LOC_Os09g23300","Traes_2AL_A3A25F40E,Traes_2BL_54954138A,Traes_2DL_B37EC8078,Traes_5BL_7CE3EDE29,Traes_5DL_DA6449AC6","GRMZM2G074672,GRMZM2G107306","Potri.010G104200","Sobic.006G109000","Seita.7G126700","Sevir.7G134800","GSVIVG01011628001"
"G.max","Glyma.08G047500",NA,"Fe,Zn",NA,NA,NA,NA,"Inferred","AT2G01770,LOC_Os04g38940,LOC_Os09g23300","AT2G01770","Medtr8g105790","LOC_Os04g38940,LOC_Os09g23300","Traes_2AL_A3A25F40E,Traes_2BL_54954138A,Traes_2DL_B37EC8078,Traes_5BL_7CE3EDE29,Traes_5DL_DA6449AC6","GRMZM2G074672,GRMZM2G107306","Potri.010G104200","Sobic.006G109000","Seita.7G126700","Sevir.7G134800","GSVIVG01011628001"
"G.max","Glyma.08G092000",NA,"Na",NA,NA,NA,NA,"Inferred","AT2G01980","AT2G01980","","LOC_Os12g44360","Traes_3B_03F2D00E9","GRMZM2G098494","Potri.008G140700,Potri.010G100900","Sobic.008G192900","Seita.3G409000","Sevir.3G427000","GSVIVG01011573001"
"G.max","Glyma.16G049600",NA,"S",NA,NA,NA,NA,"Inferred","AT2G13540","AT2G13540","Medtr7g083840","LOC_Os03g22570","Traes_4BS_9831A28AE","GRMZM2G083689","Potri.009G049200","Sobic.001G373800","Seita.9G406000","Sevir.9G409800","GSVIVG01037230001"
"G.max","Glyma.19G101600",NA,"S",NA,NA,NA,NA,"Inferred","AT2G13540","AT2G13540","Medtr7g083840","LOC_Os03g22570","Traes_4BS_9831A28AE","GRMZM2G083689","Potri.009G049200","Sobic.001G373800","Seita.9G406000","Sevir.9G409800","GSVIVG01037230001"
"G.max","Glyma.11G108100",NA,"Zn",NA,NA,NA,NA,"Inferred","AT2G16770,AT4G35040","AT2G16770,AT4G35040","Medtr4g073100","LOC_Os06g50310","Traes_5AS_6F02C9967,Traes_5BS_FC54F9BEA,Traes_5DS_4F7973584,Traes_7AL_A8CAE984E","GRMZM2G000171,GRMZM2G055413","","Sobic.010G267500","Seita.4G281600,Seita.9G059700","Sevir.4G293800,Sevir.9G058800",""
"G.max","Glyma.12G033000",NA,"Zn",NA,NA,NA,NA,"Inferred","AT2G16770,AT4G35040","AT2G16770,AT4G35040","Medtr4g073100","LOC_Os06g50310","Traes_5AS_6F02C9967,Traes_5BS_FC54F9BEA,Traes_5DS_4F7973584,Traes_7AL_A8CAE984E","GRMZM2G000171,GRMZM2G055413","Potri.004G175200,Potri.009G134900","Sobic.010G267500","Seita.4G281600,Seita.9G059700","Sevir.4G293800,Sevir.9G058800",""
"G.max","Glyma.13G099600",NA,"Zn,Cd",NA,NA,NA,NA,"Inferred","AT2G19110,AT4G30110,LOC_Os07g12900","AT2G19110,AT4G30110","Medtr4g127580","LOC_Os07g12900","Traes_7AL_8304348B7,Traes_7DL_A5269C73F","GRMZM2G099191","","Sobic.010G250900","Seita.2G090300,Seita.2G090500,Seita.4G242300","Sevir.2G092800,Sevir.2G093100,Sevir.4G255000",""
"G.max","Glyma.17G060400",NA,"Zn,Cd",NA,NA,NA,NA,"Inferred","AT2G19110,AT4G30110,LOC_Os07g12900","AT2G19110,AT4G30110","","LOC_Os07g12900","Traes_7AL_8304348B7,Traes_7DL_A5269C73F","GRMZM2G099191","Potri.006G076900","Sobic.010G250900","Seita.2G090300,Seita.2G090500,Seita.4G242300","Sevir.2G092800,Sevir.2G093100,Sevir.4G255000","GSVIVG01010896001"
"G.max","Glyma.12G017900",NA,"As",NA,NA,NA,NA,"Inferred","AT2G21045","AT2G21045","Medtr2g017630","LOC_Os02g01220,LOC_Os04g17660","Traes_6AS_E5666AE7C","AC204711.3_FG003","Potri.014G131300","Sobic.006G032700","Seita.2G199200","Sevir.2G207400",""
"G.max","Glyma.01G190700",NA,"Fe,Mn,Zn",NA,NA,NA,NA,"Inferred","AT2G23150","AT2G23150","Medtr5g016270","LOC_Os12g39180","Traes_4BS_9337E9B2F,Traes_5BS_DE1CD2DA4,Traes_5DS_8FAA08B51","GRMZM2G028036","Potri.007G050600,Potri.007G050700","Sobic.001G170000,Sobic.008G143700","Seita.3G367300,Seita.9G171400","Sevir.3G384700,Sevir.9G169700","GSVIVG01000173001"
"G.max","Glyma.05G101700",NA,"Fe,Mn,Zn",NA,NA,NA,NA,"Inferred","AT2G23150","AT2G23150","Medtr4g095075","","Traes_4BS_9337E9B2F,Traes_5BS_DE1CD2DA4,Traes_5DS_8FAA08B51","GRMZM2G028036","Potri.007G050600,Potri.007G050700","Sobic.001G170000,Sobic.008G143700","","Sevir.3G384700,Sevir.9G169700","GSVIVG01000173001"
"G.max","Glyma.11G051500",NA,"Fe,Mn,Zn",NA,NA,NA,NA,"Inferred","AT2G23150","AT2G23150","Medtr5g016270","LOC_Os12g39180","Traes_4BS_9337E9B2F,Traes_5BS_DE1CD2DA4,Traes_5DS_8FAA08B51","GRMZM2G028036","Potri.007G050600,Potri.007G050700","Sobic.001G170000,Sobic.008G143700","Seita.3G367300,Seita.9G171400","Sevir.3G384700,Sevir.9G169700","GSVIVG01000173001"
"G.max","Glyma.17G165200",NA,"Fe,Mn,Zn",NA,NA,NA,NA,"Inferred","AT2G23150","AT2G23150","Medtr4g095075","","Traes_4BS_9337E9B2F,Traes_5BS_DE1CD2DA4,Traes_5DS_8FAA08B51","GRMZM2G028036","Potri.007G050600,Potri.007G050700","Sobic.001G170000,Sobic.008G143700","","Sevir.3G384700,Sevir.9G169700","GSVIVG01000173001"
"G.max","Glyma.08G346600",NA,"Cu,Zn",NA,NA,NA,NA,"Inferred","AT2G23240,AT2G42000","AT2G23240,AT2G42000","Medtr7g053460","","Traes_1AL_F0648088C","GRMZM2G402564","","Sobic.001G311200","Seita.9G339800","Sevir.9G343900",""
"G.max","Glyma.18G157800",NA,"Cu,Zn",NA,NA,NA,NA,"Inferred","AT2G23240,AT2G42000","AT2G23240,AT2G42000","Medtr7g053460","","Traes_1AL_F0648088C","GRMZM2G402564","Potri.004G206400,Potri.009G167700","Sobic.001G311200","Seita.9G339800","Sevir.9G343900",""
"G.max","Glyma.04G073000",NA,"Mo",NA,NA,NA,NA,"Inferred","AT2G25680,LOC_Os08g01120","AT2G25680","Medtr3g108190","LOC_Os08g01120","Traes_2AL_1855F06E3,Traes_2BL_9560982FA","GRMZM2G083156","Potri.006G245900,Potri.006G246000","Sobic.001G187300","Seita.9G184500","Sevir.9G183400","GSVIVG01035740001"
"G.max","Glyma.06G074100",NA,"Mo",NA,NA,NA,NA,"Inferred","AT2G25680,LOC_Os08g01120","AT2G25680","Medtr3g108190","LOC_Os08g01120","Traes_2AL_1855F06E3,Traes_2BL_9560982FA","GRMZM2G083156","Potri.006G245900,Potri.006G246000","Sobic.001G187300","Seita.9G184500","Sevir.9G183400","GSVIVG01035740001"
"G.max","Glyma.14G130000",NA,"Mo",NA,NA,NA,NA,"Inferred","AT2G25680,LOC_Os08g01120","AT2G25680","Medtr1g010210","LOC_Os08g01120","Traes_2AL_1855F06E3,Traes_2BL_9560982FA","GRMZM2G083156","Potri.006G245900,Potri.006G246000","Sobic.001G187300","Seita.9G184500","Sevir.9G183400","GSVIVG01035740001"
"G.max","Glyma.17G203000",NA,"Mo",NA,NA,NA,NA,"Inferred","AT2G25680,LOC_Os08g01120","AT2G25680","Medtr1g010210","LOC_Os08g01120","Traes_2AL_1855F06E3,Traes_2BL_9560982FA","GRMZM2G083156","Potri.006G245900,Potri.006G246000","Sobic.001G187300","Seita.9G184500","Sevir.9G183400","GSVIVG01035740001"
"G.max","Glyma.17G203200",NA,"Mo",NA,NA,NA,NA,"Inferred","AT2G25680,LOC_Os08g01120","AT2G25680","Medtr1g010210","LOC_Os08g01120","Traes_2AL_1855F06E3,Traes_2BL_9560982FA","GRMZM2G083156","Potri.006G245900,Potri.006G246000","Sobic.001G187300","Seita.9G184500","Sevir.9G183400","GSVIVG01035740001"
"G.max","Glyma.17G203500",NA,"Mo",NA,NA,NA,NA,"Inferred","AT2G25680,LOC_Os08g01120","AT2G25680","","LOC_Os08g01120","Traes_2AL_1855F06E3,Traes_2BL_9560982FA","GRMZM2G083156","Potri.006G245900,Potri.006G246000","Sobic.001G187300","Seita.9G184500","Sevir.9G183400","GSVIVG01035740001"
"G.max","Glyma.11G192800",NA,"Fe",NA,NA,NA,NA,"Inferred","AT2G28160","AT2G28160","","LOC_Os04g31290","Traes_2AL_088338613,Traes_2BL_F442E87DD","GRMZM2G107672,GRMZM2G173521,GRMZM2G313756","Potri.009G005600,Potri.T155900","Sobic.006G047200","Seita.7G069900,Seita.7G070000","Sevir.7G076300,Sevir.7G076400","GSVIVG01031466001"
"G.max","Glyma.12G081200",NA,"Fe",NA,NA,NA,NA,"Inferred","AT2G28160","AT2G28160","","LOC_Os04g31290","Traes_2AL_088338613,Traes_2BL_F442E87DD","GRMZM2G107672,GRMZM2G173521,GRMZM2G313756","","Sobic.006G047200","Seita.7G069900,Seita.7G070000","Sevir.7G076300,Sevir.7G076400",""
"G.max","Glyma.12G178500",NA,"Fe",NA,NA,NA,NA,"Inferred","AT2G28160","AT2G28160","Medtr2g084280","LOC_Os04g31290","Traes_2AL_088338613,Traes_2BL_F442E87DD","GRMZM2G107672,GRMZM2G173521,GRMZM2G313756","Potri.009G005600,Potri.T155900","Sobic.006G047200","Seita.7G069900,Seita.7G070000","Sevir.7G076300,Sevir.7G076400","GSVIVG01031466001"
"G.max","Glyma.13G322100",NA,"Fe",NA,NA,NA,NA,"Inferred","AT2G28160","AT2G28160","Medtr2g084280","LOC_Os04g31290","Traes_2AL_088338613,Traes_2BL_F442E87DD","GRMZM2G107672,GRMZM2G173521,GRMZM2G313756","Potri.009G005600,Potri.T155900","Sobic.006G047200","Seita.7G069900,Seita.7G070000","Sevir.7G076300,Sevir.7G076400","GSVIVG01031466001"
"G.max","Glyma.11G144000",NA,"Ca,Mn,Zn,Na,S,K,As,Se,Mo",NA,NA,NA,NA,"Inferred","AT2G28670","AT1G07730,AT2G28670","Medtr4g062470,Medtr4g062520","LOC_Os01g06250","Traes_4DL_BEA8B1874","AC206350.3_FG005","Potri.008G049200,Potri.010G211800","Sobic.003G064800","Seita.5G110100","Sevir.5G106900",""
"G.max","Glyma.11G144200",NA,"Ca,Mn,Zn,Na,S,K,As,Se,Mo",NA,NA,NA,NA,"Inferred","AT2G28670","AT1G07730,AT2G28670","Medtr4g062470,Medtr4g062520","LOC_Os01g06250","Traes_4DL_BEA8B1874","AC206350.3_FG005","Potri.008G049200,Potri.010G211800","Sobic.003G064800","Seita.5G110100","Sevir.5G106900",""
"G.max","Glyma.12G067400",NA,"Ca,Mn,Zn,Na,S,K,As,Se,Mo",NA,NA,NA,NA,"Inferred","AT2G28670","AT1G07730,AT2G28670","Medtr4g062470,Medtr4g062520","LOC_Os01g06250","Traes_4DL_BEA8B1874","AC206350.3_FG005","Potri.008G049200,Potri.010G211800","Sobic.003G064800","Seita.5G110100","Sevir.5G106900",""
"G.max","Glyma.07G196500",NA,"P",NA,NA,NA,NA,"Inferred","AT2G33770,LOC_Os05g48390","AT2G33770","Medtr4g088835","LOC_Os05g48390","Traes_1AL_E5224B6EA,Traes_1BL_241A3B9EF,Traes_1DL_F122253A3","GRMZM2G381709,GRMZM2G464572","Potri.004G043500,Potri.011G052600","Sobic.009G228100","Seita.3G150400","Sevir.3G153100","GSVIVG01005206001"
"G.max","Glyma.13G179600",NA,"P",NA,NA,NA,NA,"Inferred","AT2G33770,LOC_Os05g48390","AT2G33770","Medtr4g088835","LOC_Os05g48390","Traes_1AL_E5224B6EA,Traes_1BL_241A3B9EF,Traes_1DL_F122253A3","GRMZM2G381709,GRMZM2G464572","","Sobic.009G228100","Seita.3G150400","Sevir.3G153100",""
"G.max","Glyma.13G239100",NA,"P",NA,NA,NA,NA,"Inferred","AT2G33770,LOC_Os05g48390","AT2G33770","Medtr2g013650,Medtr4g020620","LOC_Os05g48390","Traes_1AL_E5224B6EA,Traes_1BL_241A3B9EF,Traes_1DL_F122253A3","GRMZM2G381709,GRMZM2G464572","Potri.004G043500,Potri.011G052600","Sobic.009G228100","Seita.3G150400","Sevir.3G153100","GSVIVG01005206001"
"G.max","Glyma.15G074200",NA,"P",NA,NA,NA,NA,"Inferred","AT2G33770,LOC_Os05g48390","AT2G33770","Medtr2g013650,Medtr4g020620","LOC_Os05g48390","Traes_1AL_E5224B6EA,Traes_1BL_241A3B9EF,Traes_1DL_F122253A3","GRMZM2G381709,GRMZM2G464572","","Sobic.009G228100","Seita.3G150400","Sevir.3G153100",""
"G.max","Glyma.03G173100",NA,"Ni",NA,NA,NA,NA,"Inferred","AT2G37430","AT2G37430,AT3G53600","","","","","","Sobic.001G035300","","",""
"G.max","Glyma.03G173300",NA,"Ni",NA,NA,NA,NA,"Inferred","AT2G37430","AT2G37430,AT3G53600","Medtr7g100100","","","","","Sobic.009G016300","","",""
"G.max","Glyma.10G045200",NA,"Ni",NA,NA,NA,NA,"Inferred","AT2G37430","AT2G37430,AT3G53600","Medtr1g067660","","","","","Sobic.001G035300","","",""
"G.max","Glyma.10G045400",NA,"Ni",NA,NA,NA,NA,"Inferred","AT2G37430","AT2G37430,AT3G53600","Medtr1g067640,Medtr1g067650","","Traes_5BL_3B50B6963,Traes_5BL_56E52A2FC,Traes_5BL_630A8A142,Traes_5BL_6F2D345E2,Traes_5BL_8DB8274DB1,Traes_5BL_B038BE0A3,Traes_5BL_D53A846BE,Traes_5DL_4E890ABF3,Traes_5DL_9D713AD9C,Traes_5DS_4C00D348F","","","Sobic.001G035300","","",""
"G.max","Glyma.13G132800",NA,"Ni",NA,NA,NA,NA,"Inferred","AT2G37430","AT2G37430,AT3G53600","Medtr1g067660","","","","","Sobic.001G035300","","",""
"G.max","Glyma.13G133100",NA,"Ni",NA,NA,NA,NA,"Inferred","AT2G37430","AT2G37430,AT3G53600","Medtr1g067640,Medtr1g067650","","Traes_5BL_3B50B6963,Traes_5BL_56E52A2FC,Traes_5BL_630A8A142,Traes_5BL_6F2D345E2,Traes_5BL_8DB8274DB1,Traes_5BL_B038BE0A3,Traes_5BL_D53A846BE,Traes_5DL_4E890ABF3,Traes_5DL_9D713AD9C,Traes_5DS_4C00D348F","","","Sobic.001G035300","","",""
"G.max","Glyma.19G174000",NA,"Ni",NA,NA,NA,NA,"Inferred","AT2G37430","AT2G37430,AT3G53600","","","Traes_5BL_3B50B6963,Traes_5BL_56E52A2FC,Traes_5BL_630A8A142,Traes_5BL_6F2D345E2,Traes_5BL_8DB8274DB1,Traes_5BL_B038BE0A3,Traes_5BL_D53A846BE,Traes_5DL_4E890ABF3,Traes_5DL_9D713AD9C,Traes_5DS_4C00D348F","","","Sobic.001G035300","","",""
"G.max","Glyma.19G174200",NA,"Ni",NA,NA,NA,NA,"Inferred","AT2G37430","AT2G37430,AT3G53600","Medtr7g100100","","","","","Sobic.009G016300","","",""
"G.max","Glyma.01G128300",NA,"Co,Ni",NA,NA,NA,NA,"Inferred","AT2G38460,AT5G03570","AT2G38460,AT5G03570","Medtr4g013240,Medtr4g013245","LOC_Os06g36450","Traes_4DL_A266BC7CA","GRMZM2G110862,GRMZM2G148060","","Sobic.010G168400","Seita.4G269800","Sevir.4G281800",""
"G.max","Glyma.03G042400",NA,"Co,Ni",NA,NA,NA,NA,"Inferred","AT2G38460,AT5G03570","AT2G38460,AT5G03570","Medtr4g013240,Medtr4g013245","LOC_Os06g36450","Traes_4DL_A266BC7CA","GRMZM2G110862,GRMZM2G148060","Potri.016G128500,Potri.016G128600,Potri.T141700","Sobic.010G168400","Seita.4G269800","Sevir.4G281800","GSVIVG01030252001,GSVIVG01030250001"
"G.max","Glyma.03G162800",NA,"P",NA,NA,NA,NA,"Inferred","AT2G38940","AT2G38940,AT3G54700","Medtr7g096880","","Traes_4AL_C56125840,Traes_5BL_1CF10603C,Traes_5BL_FC28B66D8,Traes_5DL_391DF2590,Traes_5DL_D473C031B,Traes_5DL_E15C27E9B","GRMZM2G112377","Potri.005G223500,Potri.005G223600","Sobic.007G164400","Seita.4G276500,Seita.6G253400","Sevir.4G288300,Sevir.6G257900",""
"G.max","Glyma.10G036800",NA,"P",NA,NA,NA,NA,"Inferred","AT2G38940","AT2G38940,AT3G54700","Medtr1g069935","","Traes_4AL_C56125840,Traes_5BL_1CF10603C,Traes_5BL_FC28B66D8,Traes_5DL_391DF2590,Traes_5DL_D473C031B,Traes_5DL_E15C27E9B","GRMZM2G112377","","Sobic.007G164400","Seita.4G276500,Seita.6G253400","Sevir.4G288300,Sevir.6G257900",""
"G.max","Glyma.19G164300",NA,"P",NA,NA,NA,NA,"Inferred","AT2G38940","AT2G38940,AT3G54700","Medtr7g096880","","Traes_4AL_C56125840,Traes_5BL_1CF10603C,Traes_5BL_FC28B66D8,Traes_5DL_391DF2590,Traes_5DL_D473C031B,Traes_5DL_E15C27E9B","GRMZM2G112377","Potri.005G223500,Potri.005G223600","Sobic.007G164400","Seita.4G276500,Seita.6G253400","Sevir.4G288300,Sevir.6G257900",""
"G.max","Glyma.02G095400",NA,"Mn",NA,NA,NA,NA,"Inferred","AT2G39450","AT2G39450","Medtr7g022890","LOC_Os01g62070","Traes_1AL_4FB613BF5,Traes_1BL_3E65FFB6B,Traes_1DL_47B0A6A7A,Traes_3B_8D1DAA8DE","GRMZM2G014454","","Sobic.003G349200","Seita.3G215300,Seita.5G374300","Sevir.3G220300,Sevir.5G379500",""
"G.max","Glyma.18G286100",NA,"Mn",NA,NA,NA,NA,"Inferred","AT2G39450","AT2G39450","Medtr7g022890","LOC_Os01g62070","Traes_1AL_4FB613BF5,Traes_1BL_3E65FFB6B,Traes_1DL_47B0A6A7A,Traes_3B_8D1DAA8DE","GRMZM2G014454","Potri.008G049600,Potri.010G211300","Sobic.003G349200","Seita.3G215300,Seita.5G374300","Sevir.3G220300,Sevir.5G379500","GSVIVG01016640001"
"G.max","Glyma.07G049200",NA,"Zn",NA,NA,NA,NA,"Inferred","AT2G46800","AT2G46800","Medtr2g036390","LOC_Os05g03780","Traes_1AS_520F23BD4,Traes_1BS_7F56C8B50,Traes_1DS_A22F0D613,Traes_4BL_8D52C046B,Traes_4DL_B61644BA1","GRMZM2G036908,GRMZM2G477741","","","Seita.3G049900","Sevir.3G050000",""
"G.max","Glyma.16G017800",NA,"Zn",NA,NA,NA,NA,"Inferred","AT2G46800","AT2G46800","Medtr2g036390","LOC_Os05g03780","Traes_1AS_520F23BD4,Traes_1BS_7F56C8B50,Traes_1DS_A22F0D613,Traes_4BL_8D52C046B,Traes_4DL_B61644BA1","GRMZM2G036908,GRMZM2G477741","Potri.001G450900,Potri.011G150600","","Seita.3G049900","Sevir.3G050000","GSVIVG01019690001"
"G.max","Glyma.03G222300",NA,"B",NA,NA,NA,NA,"Inferred","AT2G47160,AT3G62270,LOC_Os12g37840","AT2G47160,AT3G62270","Medtr7g110000","LOC_Os12g37840","Traes_5AS_B9B99F1F2,Traes_5BS_AE9A54888,Traes_5DS_94753D198","GRMZM2G082203,GRMZM2G166159","Potri.002G191000,Potri.014G116000","Sobic.008G132300","Seita.3G333100","Sevir.3G347400","GSVIVG01028186001"
"G.max","Glyma.19G219500",NA,"B",NA,NA,NA,NA,"Inferred","AT2G47160,AT3G62270,LOC_Os12g37840","AT2G47160,AT3G62270","Medtr7g110000","LOC_Os12g37840","Traes_5AS_B9B99F1F2,Traes_5BS_AE9A54888,Traes_5DS_94753D198","GRMZM2G082203,GRMZM2G166159","Potri.002G191000,Potri.014G116000","Sobic.008G132300","Seita.3G333100","Sevir.3G347400","GSVIVG01028186001"
"G.max","Glyma.09G241100",NA,"P",NA,NA,NA,NA,"Inferred","AT3G01310,AT5G15070","AT3G01310,AT5G15070","Medtr7g009060","LOC_Os03g48300","Traes_4AL_52B53A5D2,Traes_4BS_77F5E1A28,Traes_4DS_4E9831209","GRMZM2G057140","","Sobic.001G132600","Seita.9G135000","Sevir.9G133900",""
"G.max","Glyma.13G065500",NA,"P",NA,NA,NA,NA,"Inferred","AT3G01310,AT5G15070","AT3G01310,AT5G15070","Medtr6g011290","LOC_Os03g48300","","GRMZM2G057140","","Sobic.001G132600","Seita.9G135000","Sevir.9G133900",""
"G.max","Glyma.18G255000",NA,"P",NA,NA,NA,NA,"Inferred","AT3G01310,AT5G15070","AT3G01310,AT5G15070","Medtr7g009060","LOC_Os03g48300","Traes_4AL_52B53A5D2,Traes_4BS_77F5E1A28,Traes_4DS_4E9831209","GRMZM2G057140","","Sobic.001G132600","Seita.9G135000","Sevir.9G133900",""
"G.max","Glyma.19G019100",NA,"P",NA,NA,NA,NA,"Inferred","AT3G01310,AT5G15070","AT3G01310,AT5G15070","Medtr6g011290","LOC_Os03g48300","Traes_4AL_52B53A5D2,Traes_4BS_77F5E1A28,Traes_4DS_4E9831209","GRMZM2G057140","","Sobic.001G132600","Seita.9G135000","Sevir.9G133900",""
"G.max","Glyma.13G207200",NA,"Na,K,Rb,Mg,Ca,Fe,Mo",NA,NA,NA,NA,"Inferred","AT3G06060","AT3G06060,AT5G19200","Medtr2g022600","LOC_Os02g47350","Traes_6AL_5B7EC197B,Traes_6BL_75894702B","GRMZM2G147701,GRMZM2G167431","","Sobic.004G269700,Sobic.004G337066","Seita.1G287300","Sevir.1G292400",""
"G.max","Glyma.15G105400",NA,"Na,K,Rb,Mg,Ca,Fe,Mo",NA,NA,NA,NA,"Inferred","AT3G06060","AT3G06060,AT5G19200","Medtr2g022600","LOC_Os02g47350","Traes_6AL_5B7EC197B,Traes_6BL_75894702B","GRMZM2G147701,GRMZM2G167431","Potri.010G191800","Sobic.004G269700,Sobic.004G337066","Seita.1G287300","Sevir.1G292400","GSVIVG01017907001"
"G.max","Glyma.02G140500",NA,"As",NA,NA,NA,NA,"Inferred","AT3G06100","AT3G06100","","","","","Potri.008G203300","","","","GSVIVG01017896001"
"G.max","Glyma.10G033600",NA,"As",NA,NA,NA,NA,"Inferred","AT3G06100","AT3G06100","","","","","Potri.008G203300","","","","GSVIVG01017896001"
"G.max","Glyma.09G102800",NA,"Mn",NA,NA,NA,NA,"Inferred","AT3G08040","AT3G08040","Medtr3g029510","","","","","","","",""
"G.max","Glyma.12G237400",NA,"Mn",NA,NA,NA,NA,"Inferred","AT3G08040","AT3G08040","Medtr8g036660,Medtr8g037170","","","","","","","",""
"G.max","Glyma.15G274600",NA,"Mn",NA,NA,NA,NA,"Inferred","AT3G08040","AT3G08040","Medtr3g029510","","","","","","","",""
"G.max","Glyma.08G164400",NA,"Mn",NA,NA,NA,NA,"Inferred","AT3G12750","AT3G12750","Medtr2g064310","LOC_Os07g12890","Traes_2AL_BE05B34FF,Traes_2BL_A1BCBD2BE,Traes_2BS_9D8F265EC,Traes_2DL_D0582A4B1,Traes_2DS_6E24A6653","GRMZM2G093276","Potri.008G083100,Potri.010G173300","Sobic.002G083200","Seita.2G090600,Seita.3G208000,Seita.3G208100,Seita.7G190900","Sevir.3G213300,Sevir.3G213400,Sevir.7G203200","GSVIVG01012141001"
"G.max","Glyma.15G262800",NA,"Mn",NA,NA,NA,NA,"Inferred","AT3G12750","AT3G12750","Medtr2g064310","LOC_Os07g12890","Traes_2AL_BE05B34FF,Traes_2BL_A1BCBD2BE,Traes_2BS_9D8F265EC,Traes_2DL_D0582A4B1,Traes_2DS_6E24A6653","GRMZM2G093276","Potri.008G083100,Potri.010G173300","Sobic.002G083200","Seita.2G090600,Seita.3G208000,Seita.3G208100,Seita.7G190900","Sevir.3G213300,Sevir.3G213400,Sevir.7G203200","GSVIVG01012141001"
"G.max","Glyma.08G336900",NA,"Mn,Fe,K,P",NA,NA,NA,NA,"Inferred","AT3G13320","AT1G55720,AT1G55730,AT3G13320","","","","","Potri.001G469800,Potri.011G166900","","","","GSVIVG01014774001"
"G.max","Glyma.08G337000",NA,"Mn,Fe,K,P",NA,NA,NA,NA,"Inferred","AT3G13320","AT1G55720,AT1G55730,AT3G13320","","","","","Potri.001G469800,Potri.011G166900","","","","GSVIVG01014774001"
"G.max","Glyma.18G072200",NA,"Mn,Fe,K,P",NA,NA,NA,NA,"Inferred","AT3G13320","AT1G55720,AT1G55730,AT3G13320","","","","","","","","",""
"G.max","Glyma.03G263400",NA,"S",NA,NA,NA,NA,"Inferred","AT3G14280","AT3G14280","Medtr7g117550","LOC_Os02g54180,LOC_Os06g09350","Traes_7DS_7F0B548D5","","Potri.001G163100,Potri.003G072400","Sobic.004G321500,Sobic.010G071400","Seita.1G179900,Seita.1G342900,Seita.2G256600,Seita.4G041800,Seita.4G042000","Sevir.1G349900,Sevir.4G039500,Sevir.4G039600","GSVIVG01016673001"
"G.max","Glyma.07G045700",NA,"S",NA,NA,NA,NA,"Inferred","AT3G14280","AT3G14280","Medtr8g023100","LOC_Os02g54180,LOC_Os06g09350","Traes_7DS_7F0B548D5","","","Sobic.004G321500,Sobic.010G071400","Seita.1G179900,Seita.1G342900,Seita.2G256600,Seita.4G041800,Seita.4G042000","Sevir.1G349900,Sevir.4G039500,Sevir.4G039600",""
"G.max","Glyma.16G013600",NA,"S",NA,NA,NA,NA,"Inferred","AT3G14280","AT3G14280","Medtr8g023100","LOC_Os02g54180,LOC_Os06g09350","Traes_7DS_7F0B548D5","","","Sobic.004G321500,Sobic.010G071400","Seita.1G179900,Seita.1G342900,Seita.2G256600,Seita.4G041800,Seita.4G042000","Sevir.1G349900,Sevir.4G039500,Sevir.4G039600",""
"G.max","Glyma.19G262400",NA,"S",NA,NA,NA,NA,"Inferred","AT3G14280","AT3G14280","Medtr7g117550","LOC_Os02g54180,LOC_Os06g09350","Traes_7DS_7F0B548D5","","Potri.001G163100,Potri.003G072400","Sobic.004G321500,Sobic.010G071400","Seita.1G179900,Seita.1G342900,Seita.2G256600,Seita.4G041800,Seita.4G042000","Sevir.1G349900,Sevir.4G039500,Sevir.4G039600","GSVIVG01016673001"
"G.max","Glyma.06G246600",NA,"Na,Fe,Zn,Mn,Mo",NA,NA,NA,NA,"Inferred","AT3G15380","AT3G15380","Medtr8g059125","LOC_Os04g58470,LOC_Os04g58504","Traes_2AL_533B673F0,Traes_2BL_3DDB1826B,Traes_2DL_DCE370754,Traes_7BL_3902E0349,Traes_7DL_6F84F387C","GRMZM2G051917,GRMZM2G125768","Potri.011G121100","Sobic.006G270400,Sobic.007G000700","Seita.3G012800,Seita.6G001600","Sevir.3G014100,Sevir.6G001500","GSVIVG01014366001"
"G.max","Glyma.12G150800",NA,"Na,Fe,Zn,Mn,Mo",NA,NA,NA,NA,"Inferred","AT3G15380","AT3G15380","Medtr8g059125","LOC_Os04g58470,LOC_Os04g58504","Traes_2AL_533B673F0,Traes_2BL_3DDB1826B,Traes_2DL_DCE370754,Traes_7BL_3902E0349,Traes_7DL_6F84F387C","GRMZM2G051917,GRMZM2G125768","","Sobic.006G270400,Sobic.007G000700","Seita.3G012800,Seita.6G001600","Sevir.3G014100,Sevir.6G001500",""
"G.max","Glyma.12G223200",NA,"Na,Fe,Zn,Mn,Mo",NA,NA,NA,NA,"Inferred","AT3G15380","AT3G15380","Medtr2g079490","LOC_Os04g58470,LOC_Os04g58504","Traes_2AL_533B673F0,Traes_2BL_3DDB1826B,Traes_2DL_DCE370754,Traes_7BL_3902E0349,Traes_7DL_6F84F387C","GRMZM2G051917,GRMZM2G125768","Potri.011G121100","Sobic.006G270400,Sobic.007G000700","Seita.3G012800,Seita.6G001600","Sevir.3G014100,Sevir.6G001500","GSVIVG01014366001"
"G.max","Glyma.13G278300",NA,"Na,Fe,Zn,Mn,Mo",NA,NA,NA,NA,"Inferred","AT3G15380","AT3G15380","Medtr2g079490","LOC_Os04g58470,LOC_Os04g58504","Traes_2AL_533B673F0,Traes_2BL_3DDB1826B,Traes_2DL_DCE370754,Traes_7BL_3902E0349,Traes_7DL_6F84F387C","GRMZM2G051917,GRMZM2G125768","","Sobic.006G270400,Sobic.007G000700","Seita.3G012800,Seita.6G001600","Sevir.3G014100,Sevir.6G001500",""
"G.max","Glyma.05G237500",NA,"Fe,Zn,Mn",NA,NA,NA,NA,"Inferred","AT3G18290","AT3G18290","Medtr8g104410","LOC_Os01g49470","Traes_1DL_94289C61D,Traes_3AL_667B9174E,Traes_3B_38BD6A407,Traes_3DL_7AF5E2768","GRMZM2G175661,GRMZM2G312712","Potri.012G055100","Sobic.003G262200,Sobic.009G222200","Seita.3G156900,Seita.5G276900","Sevir.3G159900,Sevir.5G279700","GSVIVG01008317001"
"G.max","Glyma.07G093700",NA,"Fe,Zn,Mn",NA,NA,NA,NA,"Inferred","AT3G18290","AT3G18290","Medtr6g083900","LOC_Os01g49470","Traes_1DL_94289C61D,Traes_3AL_667B9174E,Traes_3B_38BD6A407,Traes_3DL_7AF5E2768","GRMZM2G175661,GRMZM2G312712","","Sobic.003G262200,Sobic.009G222200","Seita.3G156900,Seita.5G276900","Sevir.3G159900,Sevir.5G279700",""
"G.max","Glyma.08G044700",NA,"Fe,Zn,Mn",NA,NA,NA,NA,"Inferred","AT3G18290","AT3G18290","Medtr8g104410","LOC_Os01g49470","Traes_1DL_94289C61D,Traes_3AL_667B9174E,Traes_3B_38BD6A407,Traes_3DL_7AF5E2768","GRMZM2G175661,GRMZM2G312712","","Sobic.003G262200,Sobic.009G222200","Seita.3G156900,Seita.5G276900","Sevir.3G159900,Sevir.5G279700",""
"G.max","Glyma.09G182600",NA,"Fe,Zn,Mn",NA,NA,NA,NA,"Inferred","AT3G18290","AT3G18290","Medtr6g083900","LOC_Os01g49470","Traes_1DL_94289C61D,Traes_3AL_667B9174E,Traes_3B_38BD6A407,Traes_3DL_7AF5E2768","GRMZM2G175661,GRMZM2G312712","Potri.012G055100","Sobic.003G262200,Sobic.009G222200","Seita.3G156900,Seita.5G276900","Sevir.3G159900,Sevir.5G279700","GSVIVG01008317001"
"G.max","Glyma.10G242600",NA,"S",NA,NA,NA,NA,"Inferred","AT3G22890","AT3G22890,AT4G14680","Medtr1g102550","LOC_Os03g53230","Traes_5AL_66D8F6463,Traes_5BL_5CED2C911,Traes_5DL_BCEFD69DA","GRMZM2G051270,GRMZM2G149952","Potri.008G159000,Potri.010G081200","Sobic.001G094300","Seita.9G096900","Sevir.9G095300","GSVIVG01018057001"
"G.max","Glyma.20G151500",NA,"S",NA,NA,NA,NA,"Inferred","AT3G22890","AT3G22890,AT4G14680","Medtr1g102550","LOC_Os03g53230","Traes_5AL_66D8F6463,Traes_5BL_5CED2C911,Traes_5DL_BCEFD69DA","GRMZM2G051270,GRMZM2G149952","Potri.008G159000,Potri.010G081200","Sobic.001G094300","Seita.9G096900","Sevir.9G095300","GSVIVG01018057001"
"G.max","Glyma.10G007300",NA,"Fe",NA,NA,NA,NA,"Inferred","AT3G23210,AT4G14410","AT3G23210,AT4G14410","Medtr1g043430","","","","Potri.008G165700,Potri.010G072900","","","","GSVIVG01027766001"
"G.max","Glyma.20G088600",NA,"Fe",NA,NA,NA,NA,"Inferred","AT3G23210,AT4G14410","AT3G23210,AT4G14410","Medtr1g043430","","","","","","","",""
"G.max","Glyma.02G003700",NA,"P",NA,NA,NA,NA,"Inferred","AT3G23430,LOC_Os02g56510","AT3G23430","Medtr1g041695","LOC_Os02g56510","Traes_6BL_0325BEAA4,Traes_6BL_6D7561359,Traes_6BL_CB0A10DC9,Traes_6DL_C4DC2B23A","GRMZM2G466545","Potri.008G169400,Potri.010G069000","Sobic.004G339800","Seita.1G360400","Sevir.1G367100","GSVIVG01027857001"
"G.max","Glyma.10G004800",NA,"P",NA,NA,NA,NA,"Inferred","AT3G23430,LOC_Os02g56510","AT3G23430","Medtr1g041695","LOC_Os02g56510","Traes_6BL_0325BEAA4,Traes_6BL_6D7561359,Traes_6BL_CB0A10DC9,Traes_6DL_C4DC2B23A","GRMZM2G466545","Potri.008G169400,Potri.010G069000","Sobic.004G339800","Seita.1G360400","Sevir.1G367100","GSVIVG01027857001"
"G.max","Glyma.10G183300",NA,"P",NA,NA,NA,NA,"Inferred","AT3G23430,LOC_Os02g56510","AT3G23430","Medtr1g075640","LOC_Os02g56510","Traes_6BL_0325BEAA4,Traes_6BL_6D7561359,Traes_6BL_CB0A10DC9,Traes_6DL_C4DC2B23A","GRMZM2G466545","Potri.008G169400,Potri.010G069000","Sobic.004G339800","Seita.1G360400","Sevir.1G367100","GSVIVG01027857001"
"G.max","Glyma.20G206900",NA,"P",NA,NA,NA,NA,"Inferred","AT3G23430,LOC_Os02g56510","AT3G23430","Medtr1g075640","LOC_Os02g56510","Traes_6BL_0325BEAA4,Traes_6BL_6D7561359,Traes_6BL_CB0A10DC9,Traes_6DL_C4DC2B23A","GRMZM2G466545","","Sobic.004G339800","Seita.1G360400","Sevir.1G367100",""
"G.max","Glyma.05G027600",NA,"Fe,Zn,Mn,Co",NA,NA,NA,NA,"Inferred","AT3G47640","AT3G47640","Medtr4g108360","LOC_Os03g26210,LOC_Os07g43530","Traes_2AS_9AEA9BDEA,Traes_2AS_C4568AE60,Traes_2BS_8A40B568C,Traes_2DS_1FE8E9DE9,Traes_2DS_FE62DB7F5","GRMZM2G017145,GRMZM2G350312","Potri.003G074400,Potri.015G142700","Sobic.001G355600,Sobic.002G385300","Seita.2G400400,Seita.8G180600,Seita.9G384500","Sevir.2G412100,Sevir.9G389000","GSVIVG01011386001"
"G.max","Glyma.17G098900",NA,"Fe,Zn,Mn,Co",NA,NA,NA,NA,"Inferred","AT3G47640","AT3G47640","Medtr4g108360","LOC_Os03g26210,LOC_Os07g43530","Traes_2AS_9AEA9BDEA,Traes_2AS_C4568AE60,Traes_2BS_8A40B568C,Traes_2DS_1FE8E9DE9,Traes_2DS_FE62DB7F5","GRMZM2G017145,GRMZM2G350312","","Sobic.001G355600,Sobic.002G385300","Seita.2G400400,Seita.8G180600,Seita.9G384500","Sevir.2G412100,Sevir.9G389000",""
"G.max","Glyma.04G174800",NA,"Na",NA,NA,NA,NA,"Inferred","AT3G47950","AT3G47950,AT5G62670","Medtr4g107500","LOC_Os03g48310,LOC_Os12g44150","Traes_4DS_2EEB4E70B,Traes_5AS_FDCDBC783,Traes_5BS_7DDBE5B89,Traes_5DS_DECAA37DD","GRMZM2G035520,GRMZM2G068259,GRMZM2G104325","Potri.012G071600,Potri.015G066000","Sobic.001G132400,Sobic.002G065000,Sobic.008G190500","Seita.3G406700,Seita.9G134900","Sevir.2G071500,Sevir.3G424800,Sevir.9G133800","GSVIVG01008074001"
"G.max","Glyma.05G030700",NA,"Na",NA,NA,NA,NA,"Inferred","AT3G47950","AT3G47950,AT5G62670","Medtr4g107500","LOC_Os03g48310,LOC_Os12g44150","Traes_4DS_2EEB4E70B,Traes_5AS_FDCDBC783,Traes_5BS_7DDBE5B89,Traes_5DS_DECAA37DD","GRMZM2G035520,GRMZM2G068259,GRMZM2G104325","","Sobic.001G132400,Sobic.002G065000,Sobic.008G190500","Seita.3G406700,Seita.9G134900","Sevir.2G071500,Sevir.3G424800,Sevir.9G133800",""
"G.max","Glyma.06G189900",NA,"Na",NA,NA,NA,NA,"Inferred","AT3G47950","AT3G47950,AT5G62670","Medtr4g107500","LOC_Os03g48310,LOC_Os12g44150","Traes_4DS_2EEB4E70B,Traes_5AS_FDCDBC783,Traes_5BS_7DDBE5B89,Traes_5DS_DECAA37DD","GRMZM2G035520,GRMZM2G068259,GRMZM2G104325","Potri.012G071600,Potri.015G066000","Sobic.001G132400,Sobic.002G065000,Sobic.008G190500","Seita.3G406700,Seita.9G134900","Sevir.2G071500,Sevir.3G424800,Sevir.9G133800","GSVIVG01008074001"
"G.max","Glyma.17G096100",NA,"Na",NA,NA,NA,NA,"Inferred","AT3G47950","AT3G47950,AT5G62670","Medtr4g107500","LOC_Os03g48310,LOC_Os12g44150","Traes_4DS_2EEB4E70B,Traes_5AS_FDCDBC783,Traes_5BS_7DDBE5B89,Traes_5DS_DECAA37DD","GRMZM2G035520,GRMZM2G068259,GRMZM2G104325","","Sobic.001G132400,Sobic.002G065000,Sobic.008G190500","Seita.3G406700,Seita.9G134900","Sevir.2G071500,Sevir.3G424800,Sevir.9G133800","GSVIVG01008074001"
"G.max","Glyma.01G122800",NA,"P,K",NA,NA,NA,NA,"Inferred","AT3G51860","AT2G38170,AT3G51860","Medtr4g016720","LOC_Os01g37690,LOC_Os05g51610","Traes_2AL_26065F906,Traes_2BL_445F5B3B7,Traes_2DL_2A2F4F62B","GRMZM2G011592,GRMZM5G809587","","Sobic.009G257800","Seita.3G120500,Seita.5G194500","Sevir.3G122500,Sevir.5G196600","GSVIVG01024741001"
"G.max","Glyma.03G058300",NA,"P,K",NA,NA,NA,NA,"Inferred","AT3G51860","AT2G38170,AT3G51860","Medtr4g016720","LOC_Os01g37690,LOC_Os05g51610","Traes_2AL_26065F906,Traes_2BL_445F5B3B7,Traes_2DL_2A2F4F62B","GRMZM2G011592,GRMZM5G809587","","Sobic.009G257800","Seita.3G120500,Seita.5G194500","Sevir.3G122500,Sevir.5G196600",""
"G.max","Glyma.03G058500",NA,"P,K",NA,NA,NA,NA,"Inferred","AT3G51860","AT2G38170,AT3G51860","Medtr4g016720","LOC_Os01g37690,LOC_Os05g51610","Traes_2AL_26065F906,Traes_2BL_445F5B3B7,Traes_2DL_2A2F4F62B","GRMZM2G011592,GRMZM5G809587","","Sobic.009G257800","Seita.3G120500,Seita.5G194500","Sevir.3G122500,Sevir.5G196600","GSVIVG01024741001"
"G.max","Glyma.07G149600",NA,"P,K",NA,NA,NA,NA,"Inferred","AT3G51860","AT2G38170,AT3G51860","Medtr7g068380","LOC_Os01g37690,LOC_Os05g51610","Traes_2AL_26065F906,Traes_2BL_445F5B3B7,Traes_2DL_2A2F4F62B","GRMZM2G011592,GRMZM5G809587","","Sobic.009G257800","Seita.3G120500,Seita.5G194500","Sevir.3G122500,Sevir.5G196600",""
"G.max","Glyma.18G200500",NA,"P,K",NA,NA,NA,NA,"Inferred","AT3G51860","AT2G38170,AT3G51860","Medtr7g068380","LOC_Os01g37690,LOC_Os05g51610","Traes_2AL_26065F906,Traes_2BL_445F5B3B7,Traes_2DL_2A2F4F62B","GRMZM2G011592,GRMZM5G809587","","Sobic.009G257800","Seita.3G120500,Seita.5G194500","Sevir.3G122500,Sevir.5G196600",""
"G.max","Glyma.02G145100",NA,"S",NA,NA,NA,NA,"Inferred","AT3G51895","AT3G51895","Medtr1g071530","LOC_Os03g06520","Traes_4AS_68B3D79A1,Traes_4BL_0C898C5C8,Traes_4DL_ECEE169A7","GRMZM2G154211","Potri.002G049500,Potri.005G213500","Sobic.001G496800","Seita.9G532700","Sevir.9G537000","GSVIVG01001196001,GSVIVG01001198001"
"G.max","Glyma.03G156700",NA,"S",NA,NA,NA,NA,"Inferred","AT3G51895","AT3G51895","Medtr7g095430","LOC_Os03g06520","Traes_4AS_68B3D79A1,Traes_4BL_0C898C5C8,Traes_4DL_ECEE169A7","GRMZM2G154211","Potri.002G049500,Potri.005G213500","Sobic.001G496800","Seita.9G532700","Sevir.9G537000","GSVIVG01001196001,GSVIVG01001198001"
"G.max","Glyma.10G028900",NA,"S",NA,NA,NA,NA,"Inferred","AT3G51895","AT3G51895","Medtr1g071530","LOC_Os03g06520","Traes_4AS_68B3D79A1,Traes_4BL_0C898C5C8,Traes_4DL_ECEE169A7","GRMZM2G154211","Potri.002G049500,Potri.005G213500","Sobic.001G496800","Seita.9G532700","Sevir.9G537000","GSVIVG01001196001,GSVIVG01001198001"
"G.max","Glyma.19G159000",NA,"S",NA,NA,NA,NA,"Inferred","AT3G51895","AT3G51895","Medtr7g095430","LOC_Os03g06520","Traes_4AS_68B3D79A1,Traes_4BL_0C898C5C8,Traes_4DL_ECEE169A7","GRMZM2G154211","Potri.002G049500,Potri.005G213500","Sobic.001G496800","Seita.9G532700","Sevir.9G537000","GSVIVG01001196001,GSVIVG01001198001"
"G.max","Glyma.03G130400",NA,"Fe",NA,NA,NA,NA,"Inferred","AT3G56970,AT3G56980","AT2G41240,AT3G56970,AT3G56980","Medtr7g090410","LOC_Os01g72370","Traes_2AL_ACBAA6A31,Traes_2BL_00608F8D6,Traes_2DL_865346DA2,Traes_3AL_95403ABBA,Traes_3AL_F577372C1,Traes_3B_089C0C2EB,Traes_3B_2A12B8F93,Traes_3DL_886A895A4,Traes_7AL_AF1593775","AC193786.3_FG005,GRMZM2G057413","Potri.006G037200,Potri.006G037600,Potri.016G037300","Sobic.003G428800","Seita.5G455700,Seita.9G469400","Sevir.5G462400,Sevir.9G473100","GSVIVG01033618001,GSVIVG01027323001,GSVIVG01034621001"
"G.max","Glyma.03G130600",NA,"Fe",NA,NA,NA,NA,"Inferred","AT3G56970,AT3G56980","AT2G41240,AT3G56970,AT3G56980","Medtr7g090410","LOC_Os01g72370","Traes_2AL_ACBAA6A31,Traes_2BL_00608F8D6,Traes_2DL_865346DA2,Traes_3AL_95403ABBA,Traes_3AL_F577372C1,Traes_3B_089C0C2EB,Traes_3B_2A12B8F93,Traes_3DL_886A895A4,Traes_7AL_AF1593775","AC193786.3_FG005,GRMZM2G057413","Potri.006G037200,Potri.006G037600,Potri.016G037300","Sobic.003G428800","Seita.5G455700,Seita.9G469400","Sevir.5G462400,Sevir.9G473100","GSVIVG01033618001,GSVIVG01027323001,GSVIVG01034621001"
"G.max","Glyma.19G132500",NA,"Fe",NA,NA,NA,NA,"Inferred","AT3G56970,AT3G56980","AT2G41240,AT3G56970,AT3G56980","Medtr7g090410","LOC_Os01g72370","Traes_2AL_ACBAA6A31,Traes_2BL_00608F8D6,Traes_2DL_865346DA2,Traes_3AL_95403ABBA,Traes_3AL_F577372C1,Traes_3B_089C0C2EB,Traes_3B_2A12B8F93,Traes_3DL_886A895A4,Traes_7AL_AF1593775","AC193786.3_FG005,GRMZM2G057413","Potri.006G037200,Potri.006G037600,Potri.016G037300","Sobic.003G428800","Seita.5G455700,Seita.9G469400","Sevir.5G462400,Sevir.9G473100","GSVIVG01033618001,GSVIVG01027323001,GSVIVG01034621001"
"G.max","Glyma.03G146700",NA,"Mn",NA,NA,NA,NA,"Inferred","AT3G58060,LOC_Os03g12530","AT3G58060","Medtr3g062610","LOC_Os03g12530","Traes_4AS_B5D20D324,Traes_4BL_E65703779,Traes_4DL_84BDB65D9","GRMZM2G118497","","Sobic.001G445000","Seita.9G478600","Sevir.9G482200",""
"G.max","Glyma.19G150000",NA,"Mn",NA,NA,NA,NA,"Inferred","AT3G58060","AT3G58060","","","","","","","","",""
"G.max","Glyma.05G168200",NA,"Mg",NA,NA,NA,NA,"Inferred","AT3G58970","AT3G58970","Medtr8g088670","LOC_Os10g39790","Traes_1AL_B39515B38,Traes_1DL_CDEA09786","GRMZM2G145794,GRMZM2G453832","Potri.006G081700","Sobic.001G309400","Seita.9G337700","Sevir.9G341300","GSVIVG01022826001"
"G.max","Glyma.08G126600",NA,"Mg",NA,NA,NA,NA,"Inferred","AT3G58970","AT3G58970","Medtr8g088670","LOC_Os10g39790","Traes_1AL_B39515B38,Traes_1DL_CDEA09786","GRMZM2G145794,GRMZM2G453832","Potri.006G081700","Sobic.001G309400","Seita.9G337700","Sevir.9G341300","GSVIVG01022826001"
"G.max","Glyma.03G154400",NA,"Fe",NA,NA,NA,NA,"Inferred","AT4G02780","AT4G02780","Medtr7g094970","LOC_Os02g17780","Traes_1BS_8A9B3CE82,Traes_1DS_CD37D3A95,Traes_7DL_02E7F7D6A,Traes_7DL_211D5CA44","GRMZM2G044481,GRMZM2G081554","","Sobic.001G248600","Seita.9G262400,Seita.9G351400","Sevir.9G265300,Sevir.9G357500",""
"G.max","Glyma.03G154700",NA,"Fe",NA,NA,NA,NA,"Inferred","AT4G02780","AT4G02780","Medtr7g011663","LOC_Os02g17780","Traes_1BS_8A9B3CE82,Traes_1DS_CD37D3A95,Traes_7DL_02E7F7D6A,Traes_7DL_211D5CA44","GRMZM2G044481,GRMZM2G081554","Potri.002G052100,Potri.005G210300","Sobic.001G248600","Seita.9G262400,Seita.9G351400","Sevir.9G265300,Sevir.9G357500","GSVIVG01001155001,GSVIVG01001153001"
"G.max","Glyma.19G157000",NA,"Fe",NA,NA,NA,NA,"Inferred","AT4G02780","AT4G02780","Medtr7g011663","LOC_Os02g17780","Traes_1BS_8A9B3CE82,Traes_1DS_CD37D3A95,Traes_7DL_02E7F7D6A,Traes_7DL_211D5CA44","GRMZM2G044481,GRMZM2G081554","","Sobic.001G248600","Seita.9G262400,Seita.9G351400","Sevir.9G265300,Sevir.9G357500",""
"G.max","Glyma.01G002300",NA,"Na",NA,NA,NA,NA,"Inferred","AT4G10310,LOC_Os01g20160,Traes_4DL_3F8034BFD,GRMZM2G047616","AT4G10310","Medtr6g092970","LOC_Os01g20160,LOC_Os02g07830","Traes_4DL_3F8034BFD","GRMZM2G047616","Potri.018G132200","Sobic.004G059800","Seita.1G068700","Sevir.1G067600,Sevir.5G023200,Sevir.5G195200","GSVIVG01010922001,GSVIVG01010919001,GSVIVG01010937001,GSVIVG01010921001"
"G.max","Glyma.06G271600",NA,"Na",NA,NA,NA,NA,"Inferred","AT4G10310,LOC_Os01g20160,GRMZM2G047616","AT4G10310","Medtr6g092970","LOC_Os01g20160,LOC_Os02g07830","Traes_2BL_7F4C72451,Traes_2BL_A01AE8ABA","GRMZM2G047616","Potri.018G132200","Sobic.003G145800","Seita.5G024400,Seita.5G192900","Sevir.1G067600,Sevir.5G023200,Sevir.5G195200","GSVIVG01010922001,GSVIVG01010919001,GSVIVG01010937001,GSVIVG01010921001"
"G.max","Glyma.07G130100",NA,"Na",NA,NA,NA,NA,"Inferred","AT4G10310,LOC_Os01g20160,Traes_4DL_3F8034BFD,GRMZM2G047616","AT4G10310","Medtr6g092970","LOC_Os01g20160,LOC_Os02g07830","Traes_4DL_3F8034BFD","GRMZM2G047616","Potri.018G132200","Sobic.004G059800","Seita.1G068700","Sevir.1G067600,Sevir.5G023200,Sevir.5G195200","GSVIVG01010922001,GSVIVG01010919001,GSVIVG01010937001,GSVIVG01010921001"
"G.max","Glyma.12G133400",NA,"Na",NA,NA,NA,NA,"Inferred","AT4G10310,LOC_Os01g20160,GRMZM2G047616","AT4G10310","Medtr6g092970","LOC_Os01g20160,LOC_Os02g07830","Traes_2BL_7F4C72451,Traes_2BL_A01AE8ABA","GRMZM2G047616","Potri.018G132200","Sobic.003G145800","Seita.5G024400,Seita.5G192900","Sevir.1G067600,Sevir.5G023200,Sevir.5G195200","GSVIVG01010922001,GSVIVG01010919001,GSVIVG01010937001,GSVIVG01010921001"
"G.max","Glyma.10G221100",NA,"B",NA,NA,NA,NA,"Inferred","AT4G10380,GRMZM2G176209","AT4G10380","Medtr1g097840","LOC_Os10g36924","Traes_1AL_0912DED70,Traes_1BL_CC64CA41E","GRMZM2G176209","Potri.001G455000,Potri.011G146900","Sobic.001G195800","Seita.9G193500","Sevir.9G193400","GSVIVG01019729001"
"G.max","Glyma.20G170400",NA,"B",NA,NA,NA,NA,"Inferred","AT4G10380,GRMZM2G176209","AT4G10380","","LOC_Os10g36924","","GRMZM2G176209","Potri.001G455000,Potri.011G146900","Sobic.001G195800","Seita.9G193500","Sevir.9G193400","GSVIVG01019729001"
"G.max","Glyma.03G264100",NA,"Rb,Cs",NA,NA,NA,NA,"Inferred","AT4G13420","AT4G13420","","LOC_Os01g70490","Traes_2BL_D0C7517E1,Traes_2BL_E48A792E2,Traes_2DL_74E015594,Traes_2DL_FFB3FD2B3,Traes_4AL_FF208A87A,Traes_4BL_7FE25C6A2,Traes_4DL_496B8485B,Traes_6AS_1B62A022B,Traes_6AS_5F8725CDA","","Potri.001G045200,Potri.001G069600,Potri.T134000","Sobic.003G413600,Sobic.003G413700","Seita.5G439500","Sevir.5G446100","GSVIVG01011951001"
"G.max","Glyma.07G042500",NA,"Rb,Cs,K",NA,NA,NA,NA,"Inferred","AT4G13420,GRMZM2G084779","AT4G13420","","LOC_Os01g70490","Traes_2BL_D0C7517E1,Traes_2BL_E48A792E2,Traes_2DL_74E015594,Traes_2DL_FFB3FD2B3,Traes_4AL_FF208A87A,Traes_4BL_7FE25C6A2,Traes_4DL_496B8485B,Traes_6AS_1B62A022B,Traes_6AS_5F8725CDA","GRMZM2G084779","Potri.001G045200,Potri.001G069600,Potri.T134000","Sobic.003G413600,Sobic.003G413700","Seita.5G439500","Sevir.5G446100","GSVIVG01011951001"
"G.max","Glyma.19G263100",NA,"Rb,Cs,K",NA,NA,NA,NA,"Inferred","AT4G13420,GRMZM2G084779","AT4G13420","Medtr4g099260","LOC_Os01g70490","Traes_2BL_D0C7517E1,Traes_2BL_E48A792E2,Traes_2DL_74E015594,Traes_2DL_FFB3FD2B3,Traes_4AL_FF208A87A,Traes_4BL_7FE25C6A2,Traes_4DL_496B8485B,Traes_6AS_1B62A022B,Traes_6AS_5F8725CDA","GRMZM2G084779","Potri.001G045200,Potri.001G069600,Potri.T134000","Sobic.003G413600,Sobic.003G413700","Seita.5G439500","Sevir.5G446100","GSVIVG01011951001"
"G.max","Glyma.07G267800",NA,"Fe,Cd",NA,NA,NA,NA,"Inferred","AT4G16370","AT4G16370","Medtr4g133968","LOC_Os03g54000","Traes_5BL_1FB170E61","GRMZM2G421491","Potri.006G006000,Potri.016G006500","Sobic.001G087700","Seita.9G090100","Sevir.9G088600","GSVIVG01005133001"
"G.max","Glyma.17G006100",NA,"Fe,Cd",NA,NA,NA,NA,"Inferred","AT4G16370","AT4G16370","Medtr4g133968","LOC_Os03g54000","Traes_5BL_1FB170E61","GRMZM2G421491","Potri.006G006000,Potri.016G006500","Sobic.001G087700","Seita.9G090100","Sevir.9G088600","GSVIVG01005133001"
"G.max","Glyma.07G223200",NA,"Fe,Mn,Co,Cd,Zn",NA,NA,NA,NA,"Inferred","AT4G19690,Medtr4g083570","AT1G31260,AT4G19680,AT4G19690","Medtr4g083570","","","","Potri.015G117700,Potri.015G117900","","","","GSVIVG01026252001"
"G.max","Glyma.20G022500",NA,"Fe,Mn,Co,Cd,Zn",NA,NA,NA,NA,"Inferred","AT4G19690,Medtr4g083570","AT1G31260,AT4G19680,AT4G19690","Medtr4g083570","","","","Potri.015G117700,Potri.015G117900","","","","GSVIVG01026252001"
"G.max","Glyma.05G207600",NA,"Cd,As",NA,NA,NA,NA,"Inferred","AT4G23100","AT4G23100","Medtr8g098350","LOC_Os05g03820,LOC_Os07g27790","Traes_1BS_D3FD8CC9D,Traes_1DS_EFDF9CB72","GRMZM2G020096,GRMZM2G111579","","Sobic.009G029600","Seita.3G050000","Sevir.3G050100",""
"G.max","Glyma.08G014300",NA,"Cd,As",NA,NA,NA,NA,"Inferred","AT4G23100","AT4G23100","Medtr8g098350","LOC_Os05g03820,LOC_Os07g27790","Traes_1BS_D3FD8CC9D,Traes_1DS_EFDF9CB72","GRMZM2G020096,GRMZM2G111579","Potri.001G104500,Potri.003G126900","Sobic.009G029600","Seita.3G050000","Sevir.3G050100","GSVIVG01019757001"
"G.max","Glyma.10G172900",NA,"Fe,Zn,Cu",NA,NA,NA,NA,"Inferred","AT4G24120","AT4G24120","Medtr1g077840","","","","Potri.001G082400,Potri.001G084400","","","",""
"G.max","Glyma.20G217400",NA,"Fe,Zn,Cu",NA,NA,NA,NA,"Inferred","AT4G24120","AT4G24120","Medtr1g077840","","","","","","","",""
"G.max","Glyma.03G166400",NA,"P",NA,NA,NA,NA,"Inferred","AT4G28610,Traes_4AS_7220D33B3","AT4G28610","Medtr7g098250","LOC_Os07g25710","Traes_4AS_7220D33B3,Traes_4DL_2C27C34AF","GRMZM2G006477,GRMZM2G162409","Potri.002G257800","Sobic.001G384300,Sobic.002G121600","Seita.2G118400,Seita.9G416300","Sevir.2G125000,Sevir.9G420400","GSVIVG01028403001"
"G.max","Glyma.10G039700",NA,"P",NA,NA,NA,NA,"Inferred","AT4G28610,Traes_4AS_7220D33B3","AT4G28610","","LOC_Os07g25710","Traes_4AS_7220D33B3,Traes_4DL_2C27C34AF","GRMZM2G006477,GRMZM2G162409","","Sobic.001G384300,Sobic.002G121600","Seita.2G118400,Seita.9G416300","Sevir.2G125000,Sevir.9G420400",""
"G.max","Glyma.13G126200",NA,"P",NA,NA,NA,NA,"Inferred","AT4G28610,Traes_4AS_7220D33B3","AT4G28610","","LOC_Os07g25710","Traes_4AS_7220D33B3,Traes_4DL_2C27C34AF","GRMZM2G006477,GRMZM2G162409","","Sobic.001G384300,Sobic.002G121600","Seita.2G118400,Seita.9G416300","Sevir.2G125000,Sevir.9G420400",""
"G.max","Glyma.19G167500",NA,"P",NA,NA,NA,NA,"Inferred","AT4G28610,Traes_4AS_7220D33B3","AT4G28610","Medtr7g098250","LOC_Os07g25710","Traes_4AS_7220D33B3,Traes_4DL_2C27C34AF","GRMZM2G006477,GRMZM2G162409","Potri.002G257800","Sobic.001G384300,Sobic.002G121600","Seita.2G118400,Seita.9G416300","Sevir.2G125000,Sevir.9G420400","GSVIVG01028403001"
"G.max","Glyma.07G010800",NA,"K",NA,NA,NA,NA,"Inferred","AT4G33000","AT4G33000","Medtr8g016170","LOC_Os01g39770,LOC_Os01g51420","Traes_3AL_8456B7FB8,Traes_3B_29245B340,Traes_3B_29245B3401,Traes_3B_A9E5C3905","GRMZM2G116584","","Sobic.003G196400,Sobic.003G275000","Seita.5G259100","Sevir.5G210300",""
"G.max","Glyma.08G194000",NA,"K",NA,NA,NA,NA,"Inferred","AT4G33000","AT4G33000","Medtr8g016170","LOC_Os01g39770,LOC_Os01g51420","Traes_3AL_8456B7FB8,Traes_3B_29245B340,Traes_3B_29245B3401,Traes_3B_A9E5C3905","GRMZM2G116584","","Sobic.003G196400,Sobic.003G275000","Seita.5G259100","Sevir.5G210300",""
"G.max","Glyma.05G098800",NA,"Zn",NA,NA,NA,NA,"Inferred","AT4G37270","AT4G37270","Medtr4g094985","LOC_Os06g47550","Traes_7AL_84D5BAE85,Traes_7BL_041308E74,Traes_7DL_271C7BED5","GRMZM2G067853","Potri.007G049000","Sobic.010G240500","Seita.4G253000,Seita.9G039700","Sevir.4G265200","GSVIVG01000217001"
"G.max","Glyma.17G166800",NA,"Zn",NA,NA,NA,NA,"Inferred","AT4G37270","AT4G37270","Medtr4g094985","LOC_Os06g47550","Traes_7AL_84D5BAE85,Traes_7BL_041308E74,Traes_7DL_271C7BED5","GRMZM2G067853","Potri.007G049000","Sobic.010G240500","Seita.4G253000,Seita.9G039700","Sevir.4G265200","GSVIVG01000217001"
"G.max","Glyma.19G185200",NA,"As,P",NA,NA,NA,NA,"Inferred","AT5G03455","AT5G03455","Medtr7g102310","LOC_Os03g01770","Traes_1DL_74A35C8D0","GRMZM2G011520","Potri.006G122700","Sobic.001G308800,Sobic.001G538600","Seita.5G006400,Seita.8G097500,Seita.9G337000,Seita.9G574100","Sevir.6G149500,Sevir.9G340600,Sevir.9G577800","GSVIVG01033661001"
"G.max","Glyma.04G124800",NA,"Zn,Fe",NA,NA,NA,NA,"Inferred","AT5G13740,LOC_Os12g03899","AT5G13740,AT5G13750","Medtr3g086440","LOC_Os11g04020,LOC_Os11g04030,LOC_Os11g04104,LOC_Os12g03860,LOC_Os12g03899","Traes_4AL_4231650FC,Traes_4AL_5C7A4DA54,Traes_4BS_1DCF82CB7,Traes_4DS_9033E70FF","GRMZM2G115658,GRMZM2G141081,GRMZM2G336448,GRMZM5G877788","Potri.008G010600,Potri.016G024400","Sobic.005G024700,Sobic.005G024800,Sobic.005G024900,Sobic.005G097900,Sobic.008G015700,Sobic.008G015800,Sobic.008G016000,Sobic.008G084800","Seita.3G089200,Seita.7G312000,Seita.7G312200,Seita.7G312300,Seita.7G312500,Seita.8G020600,Seita.8G020800,Seita.8G070700","Sevir.3G091300,Sevir.7G322300,Sevir.7G322400,Sevir.8G023200,Sevir.8G023300,Sevir.8G023400,Sevir.8G071400","GSVIVG01027391001,GSVIVG01027385001,GSVIVG01025827001,GSVIVG01027394001"
"G.max","Glyma.06G313500",NA,"Zn,Fe",NA,NA,NA,NA,"Inferred","AT5G13740,LOC_Os12g03899","AT5G13740,AT5G13750","","LOC_Os11g04020,LOC_Os11g04030,LOC_Os11g04104,LOC_Os12g03860,LOC_Os12g03899","Traes_4AL_4231650FC,Traes_4AL_5C7A4DA54,Traes_4BS_1DCF82CB7,Traes_4DS_9033E70FF","GRMZM2G115658,GRMZM2G141081,GRMZM2G336448,GRMZM5G877788","Potri.008G010600,Potri.016G024400","Sobic.005G024700,Sobic.005G024800,Sobic.005G024900,Sobic.005G097900,Sobic.008G015700,Sobic.008G015800,Sobic.008G016000,Sobic.008G084800","Seita.3G089200,Seita.7G312000,Seita.7G312200,Seita.7G312300,Seita.7G312500,Seita.8G020600,Seita.8G020800,Seita.8G070700","Sevir.3G091300,Sevir.7G322300,Sevir.7G322400,Sevir.8G023200,Sevir.8G023300,Sevir.8G023400,Sevir.8G071400",""
"G.max","Glyma.06G313600",NA,"Zn,Fe",NA,NA,NA,NA,"Inferred","AT5G13740,LOC_Os12g03899","AT5G13740,AT5G13750","Medtr3g086440","LOC_Os11g04020,LOC_Os11g04030,LOC_Os11g04104,LOC_Os12g03860,LOC_Os12g03899","Traes_4AL_4231650FC,Traes_4AL_5C7A4DA54,Traes_4BS_1DCF82CB7,Traes_4DS_9033E70FF","GRMZM2G115658,GRMZM2G141081,GRMZM2G336448,GRMZM5G877788","","Sobic.005G024700,Sobic.005G024800,Sobic.005G024900,Sobic.005G097900,Sobic.008G015700,Sobic.008G015800,Sobic.008G016000,Sobic.008G084800","Seita.3G089200,Seita.7G312000,Seita.7G312200,Seita.7G312300,Seita.7G312500,Seita.8G020600,Seita.8G020800,Seita.8G070700","Sevir.3G091300,Sevir.7G322300,Sevir.7G322400,Sevir.8G023200,Sevir.8G023300,Sevir.8G023400,Sevir.8G071400",""
"G.max","Glyma.06G313700",NA,"Zn,Fe",NA,NA,NA,NA,"Inferred","AT5G13740,LOC_Os12g03899","AT5G13740,AT5G13750","Medtr3g086440","LOC_Os11g04020,LOC_Os11g04030,LOC_Os11g04104,LOC_Os12g03860,LOC_Os12g03899","","GRMZM2G115658,GRMZM2G141081,GRMZM2G336448,GRMZM5G877788","","Sobic.005G024700,Sobic.005G024800,Sobic.005G024900,Sobic.005G097900,Sobic.008G015700,Sobic.008G015800,Sobic.008G016000,Sobic.008G084800","Seita.3G089200,Seita.7G312000,Seita.7G312200,Seita.7G312300,Seita.7G312500,Seita.8G020600,Seita.8G020800,Seita.8G070700","Sevir.3G091300,Sevir.7G322300,Sevir.7G322400,Sevir.8G023200,Sevir.8G023300,Sevir.8G023400,Sevir.8G071400",""
"G.max","Glyma.13G186400",NA,"Zn,Fe",NA,NA,NA,NA,"Inferred","AT5G13740,LOC_Os12g03899","AT5G13740,AT5G13750","Medtr8g042770,Medtr8g042780,Medtr8g042870","LOC_Os11g04020,LOC_Os11g04030,LOC_Os11g04104,LOC_Os12g03860,LOC_Os12g03899","Traes_4AL_4231650FC,Traes_4AL_5C7A4DA54,Traes_4BS_1DCF82CB7,Traes_4DS_9033E70FF","GRMZM2G115658,GRMZM2G141081,GRMZM2G336448,GRMZM5G877788","","Sobic.005G024700,Sobic.005G024800,Sobic.005G024900,Sobic.005G097900,Sobic.008G015700,Sobic.008G015800,Sobic.008G016000,Sobic.008G084800","Seita.3G089200,Seita.7G312000,Seita.7G312200,Seita.7G312300,Seita.7G312500,Seita.8G020600,Seita.8G020800,Seita.8G070700","Sevir.3G091300,Sevir.7G322300,Sevir.7G322400,Sevir.8G023200,Sevir.8G023300,Sevir.8G023400,Sevir.8G071400",""
"G.max","Glyma.13G186500",NA,"Zn,Fe",NA,NA,NA,NA,"Inferred","AT5G13740,LOC_Os12g03899","AT5G13740,AT5G13750","Medtr8g042770,Medtr8g042780,Medtr8g042870","LOC_Os11g04020,LOC_Os11g04030,LOC_Os11g04104,LOC_Os12g03860,LOC_Os12g03899","Traes_4AL_4231650FC,Traes_4AL_5C7A4DA54,Traes_4BS_1DCF82CB7,Traes_4DS_9033E70FF","GRMZM2G115658,GRMZM2G141081,GRMZM2G336448,GRMZM5G877788","","Sobic.005G024700,Sobic.005G024800,Sobic.005G024900,Sobic.005G097900,Sobic.008G015700,Sobic.008G015800,Sobic.008G016000,Sobic.008G084800","Seita.3G089200,Seita.7G312000,Seita.7G312200,Seita.7G312300,Seita.7G312500,Seita.8G020600,Seita.8G020800,Seita.8G070700","Sevir.3G091300,Sevir.7G322300,Sevir.7G322400,Sevir.8G023200,Sevir.8G023300,Sevir.8G023400,Sevir.8G071400",""
"G.max","Glyma.13G186600",NA,"Zn,Fe",NA,NA,NA,NA,"Inferred","AT5G13740,LOC_Os12g03899","AT5G13740,AT5G13750","Medtr8g042770,Medtr8g042780,Medtr8g042870","LOC_Os11g04020,LOC_Os11g04030,LOC_Os11g04104,LOC_Os12g03860,LOC_Os12g03899","Traes_4AL_4231650FC,Traes_4AL_5C7A4DA54,Traes_4BS_1DCF82CB7,Traes_4DS_9033E70FF","GRMZM2G115658,GRMZM2G141081,GRMZM2G336448,GRMZM5G877788","","Sobic.005G024700,Sobic.005G024800,Sobic.005G024900,Sobic.005G097900,Sobic.008G015700,Sobic.008G015800,Sobic.008G016000,Sobic.008G084800","Seita.3G089200,Seita.7G312000,Seita.7G312200,Seita.7G312300,Seita.7G312500,Seita.8G020600,Seita.8G020800,Seita.8G070700","Sevir.3G091300,Sevir.7G322300,Sevir.7G322400,Sevir.8G023200,Sevir.8G023300,Sevir.8G023400,Sevir.8G071400",""
"G.max","Glyma.13G186700",NA,"Zn,Fe",NA,NA,NA,NA,"Inferred","AT5G13740,LOC_Os12g03899","AT5G13740,AT5G13750","Medtr8g042770,Medtr8g042780,Medtr8g042870","LOC_Os11g04020,LOC_Os11g04030,LOC_Os11g04104,LOC_Os12g03860,LOC_Os12g03899","Traes_4AL_4231650FC,Traes_4AL_5C7A4DA54,Traes_4BS_1DCF82CB7,Traes_4DS_9033E70FF","GRMZM2G115658,GRMZM2G141081,GRMZM2G336448,GRMZM5G877788","Potri.008G010600,Potri.016G024400","Sobic.005G024700,Sobic.005G024800,Sobic.005G024900,Sobic.005G097900,Sobic.008G015700,Sobic.008G015800,Sobic.008G016000,Sobic.008G084800","Seita.3G089200,Seita.7G312000,Seita.7G312200,Seita.7G312300,Seita.7G312500,Seita.8G020600,Seita.8G020800,Seita.8G070700","Sevir.3G091300,Sevir.7G322300,Sevir.7G322400,Sevir.8G023200,Sevir.8G023300,Sevir.8G023400,Sevir.8G071400","GSVIVG01027391001,GSVIVG01027385001,GSVIVG01025827001,GSVIVG01027394001"
"G.max","Glyma.15G224200",NA,"Zn,Fe",NA,NA,NA,NA,"Inferred","AT5G13740,LOC_Os12g03899","AT5G13740,AT5G13750","Medtr8g042770,Medtr8g042780,Medtr8g042870","LOC_Os11g04020,LOC_Os11g04030,LOC_Os11g04104,LOC_Os12g03860,LOC_Os12g03899","Traes_4AL_4231650FC,Traes_4AL_5C7A4DA54,Traes_4BS_1DCF82CB7,Traes_4DS_9033E70FF","GRMZM2G115658,GRMZM2G141081,GRMZM2G336448,GRMZM5G877788","Potri.008G010600,Potri.016G024400","Sobic.005G024700,Sobic.005G024800,Sobic.005G024900,Sobic.005G097900,Sobic.008G015700,Sobic.008G015800,Sobic.008G016000,Sobic.008G084800","Seita.3G089200,Seita.7G312000,Seita.7G312200,Seita.7G312300,Seita.7G312500,Seita.8G020600,Seita.8G020800,Seita.8G070700","Sevir.3G091300,Sevir.7G322300,Sevir.7G322400,Sevir.8G023200,Sevir.8G023300,Sevir.8G023400,Sevir.8G071400","GSVIVG01027391001,GSVIVG01027385001,GSVIVG01025827001,GSVIVG01027394001"
"G.max","Glyma.08G241600",NA,"Ca,Mg",NA,NA,NA,NA,"Inferred","AT5G15410","AT5G15410","Medtr7g012260","LOC_Os03g55100","Traes_5BL_F6419E9D0","GRMZM2G074317,GRMZM5G858887","","Sobic.001G083800","Seita.9G085500","Sevir.9G083800",""
"G.max","Glyma.18G263900",NA,"Ca,Mg",NA,NA,NA,NA,"Inferred","AT5G15410","AT5G15410","Medtr7g012260","LOC_Os03g55100","Traes_5BL_F6419E9D0","GRMZM2G074317,GRMZM5G858887","","Sobic.001G083800","Seita.9G085500","Sevir.9G083800",""
"G.max","Glyma.02G240700",NA,"Fe,Mn,Zn",NA,NA,NA,NA,"Inferred","AT5G17290","AT5G17290","Medtr5g076920","LOC_Os02g02570","Traes_6AS_71E2F7AA0,Traes_6AS_D63283162,Traes_6BS_0C41C87D1","GRMZM2G098420","","Sobic.004G013600","Seita.1G112300","Sevir.1G112000",""
"G.max","Glyma.14G210200",NA,"Fe,Mn,Zn",NA,NA,NA,NA,"Inferred","AT5G17290","AT5G17290","Medtr5g076920","LOC_Os02g02570","Traes_6AS_71E2F7AA0,Traes_6AS_D63283162,Traes_6BS_0C41C87D1","GRMZM2G098420","","Sobic.004G013600","Seita.1G112300","Sevir.1G112000",""
"G.max","Glyma.13G213400",NA,"Cu",NA,NA,NA,NA,"Inferred","AT5G18830","AT5G18830","Medtr2g020620","LOC_Os05g33810","Traes_1AL_C921492AA,Traes_1BL_8709BB152,Traes_1DL_93BCED372","GRMZM2G109354","","Sobic.009G135000","Seita.3G246000","Sevir.3G251900",""
"G.max","Glyma.15G099400",NA,"Cu",NA,NA,NA,NA,"Inferred","AT5G18830","AT5G18830","Medtr2g020620","LOC_Os05g33810","Traes_1AL_C921492AA,Traes_1BL_8709BB152,Traes_1DL_93BCED372","GRMZM2G109354","Potri.008G197000,Potri.010G026200","Sobic.009G135000","Seita.3G246000","Sevir.3G251900","GSVIVG01017835001"
"G.max","Glyma.04G057000",NA,"Cu",NA,NA,NA,NA,"Inferred","AT5G20650","AT5G20650","Medtr3g105330","LOC_Os09g26900","","GRMZM2G003179","Potri.006G219200","Sobic.001G353200,Sobic.002G215800","Seita.2G218500","Sevir.2G228000","GSVIVG01015065001"
"G.max","Glyma.06G057400",NA,"Cu",NA,NA,NA,NA,"Inferred","AT5G20650","AT5G20650","Medtr3g105330","LOC_Os09g26900","","GRMZM2G003179","Potri.006G219200","Sobic.001G353200,Sobic.002G215800","Seita.2G218500","Sevir.2G228000","GSVIVG01015065001"
"G.max","Glyma.14G107100",NA,"Cu",NA,NA,NA,NA,"Inferred","AT5G20650","AT5G20650","Medtr1g015000","LOC_Os09g26900","","GRMZM2G003179","Potri.006G219200","Sobic.001G353200,Sobic.002G215800","Seita.2G218500","Sevir.2G228000","GSVIVG01015065001"
"G.max","Glyma.17G219400",NA,"Cu",NA,NA,NA,NA,"Inferred","AT5G20650","AT5G20650","Medtr1g015000","LOC_Os09g26900","","GRMZM2G003179","Potri.006G219200","Sobic.001G353200,Sobic.002G215800","Seita.2G218500","Sevir.2G228000","GSVIVG01015065001"
"G.max","Glyma.13G166100",NA,"Na",NA,NA,NA,NA,"Inferred","AT5G35410","AT5G35410","Medtr4g114670","LOC_Os06g40370","Traes_6BS_A98379963,Traes_6DS_4F3302912","GRMZM2G137569,GRMZM2G171507","","Sobic.010G186300","Seita.4G221700","Sevir.4G231900",""
"G.max","Glyma.17G113700",NA,"Na",NA,NA,NA,NA,"Inferred","AT5G35410","AT5G35410","Medtr4g114670","LOC_Os06g40370","Traes_6BS_A98379963,Traes_6DS_4F3302912","GRMZM2G137569,GRMZM2G171507","Potri.006G068400,Potri.018G130500","Sobic.010G186300","Seita.4G221700","Sevir.4G231900","GSVIVG01015549001"
"G.max","Glyma.02G084300",NA,"Fe",NA,NA,NA,NA,"Inferred","AT5G42130","AT5G42130","Medtr6g034515","LOC_Os01g73420","Traes_5BL_70C638A13,Traes_5BL_70C638A131,Traes_5BL_70C638A132","GRMZM2G047457","Potri.005G189600","Sobic.003G439100","Seita.5G464300","Sevir.5G470600","GSVIVG01001666001"
"G.max","Glyma.03G165000",NA,"Zn,Cd,As",NA,NA,NA,NA,"Inferred","AT5G44070,LOC_Os06g01260","AT1G03980,AT5G44070","Medtr7g097190","LOC_Os06g01260","Traes_4DL_A6F0CFF85,Traes_7AS_1E2FE9F98,Traes_7BS_9927262C2,Traes_7DS_E848BACC2","GRMZM2G091228","Potri.014G195800","Sobic.003G024200,Sobic.003G024300","Seita.5G146100,Seita.5G146200","Sevir.5G144600,Sevir.5G144700","GSVIVG01028369001"
"G.max","Glyma.19G166400",NA,"Zn,Cd,As",NA,NA,NA,NA,"Inferred","AT5G44070,LOC_Os06g01260","AT1G03980,AT5G44070","Medtr7g097190","LOC_Os06g01260","Traes_4DL_A6F0CFF85,Traes_7AS_1E2FE9F98,Traes_7BS_9927262C2,Traes_7DS_E848BACC2","GRMZM2G091228","Potri.014G195800","Sobic.003G024200,Sobic.003G024300","Seita.5G146100,Seita.5G146200","Sevir.5G144600,Sevir.5G144700","GSVIVG01028369001"
"G.max","Glyma.04G237400",NA,"Pb",NA,NA,NA,NA,"Inferred","AT5G53130","AT5G53130","Medtr3g091080","LOC_Os06g33570","Traes_6AL_A846FC781,Traes_6DS_87D783E1C,Traes_7AL_73C8ED75D,Traes_7BL_DF6FB3A22,Traes_7DL_EF8A95CB3","GRMZM2G148118","","Sobic.004G113300,Sobic.004G113400,Sobic.010G153700","Seita.1G014200,Seita.4G168400","Sevir.1G014200,Sevir.4G136300",""
"G.max","Glyma.06G126600",NA,"Pb",NA,NA,NA,NA,"Inferred","AT5G53130","AT5G53130","Medtr3g091080","LOC_Os06g33570","Traes_6AL_A846FC781,Traes_6DS_87D783E1C,Traes_7AL_73C8ED75D,Traes_7BL_DF6FB3A22,Traes_7DL_EF8A95CB3","GRMZM2G148118","","Sobic.004G113300,Sobic.004G113400,Sobic.010G153700","Seita.1G014200,Seita.4G168400","Sevir.1G014200,Sevir.4G136300",""
"G.max","Glyma.14G161600",NA,"Pb",NA,NA,NA,NA,"Inferred","AT5G53130","AT5G53130","","LOC_Os06g33570","Traes_6AL_A846FC781,Traes_6DS_87D783E1C,Traes_7AL_73C8ED75D,Traes_7BL_DF6FB3A22,Traes_7DL_EF8A95CB3","GRMZM2G148118","Potri.012G002200,Potri.015G019100","Sobic.004G113300,Sobic.004G113400,Sobic.010G153700","Seita.1G014200,Seita.4G168400","Sevir.1G014200,Sevir.4G136300","GSVIVG01028711001"
"G.max","Glyma.04G231900",NA,"Fe,Zn,Cu",NA,NA,NA,NA,"Inferred","AT5G53550,LOC_Os04g45860,LOC_Os04g45900","AT5G53550","Medtr3g092090","LOC_Os04g45860,LOC_Os04g45900","Traes_2AL_2F91AF932,Traes_2AL_CFCA01C76,Traes_2BL_6C5206B6D,Traes_2DL_131222AE2","GRMZM2G026391,GRMZM2G051179","","Sobic.006G164200,Sobic.006G164300","Seita.7G185000","Sevir.7G195100",""
"G.max","Glyma.06G133000",NA,"Fe,Zn,Cu",NA,NA,NA,NA,"Inferred","AT5G53550,LOC_Os04g45860,LOC_Os04g45900","AT5G53550","Medtr3g092090","LOC_Os04g45860,LOC_Os04g45900","Traes_2AL_2F91AF932,Traes_2AL_CFCA01C76,Traes_2BL_6C5206B6D,Traes_2DL_131222AE2","GRMZM2G026391,GRMZM2G051179","","Sobic.006G164200,Sobic.006G164300","Seita.7G185000","Sevir.7G195100",""
"G.max","Glyma.17G191300",NA,"Fe,Zn,Cu",NA,NA,NA,NA,"Inferred","AT5G53550,LOC_Os04g45860,LOC_Os04g45900","AT5G53550","","LOC_Os04g45860,LOC_Os04g45900","Traes_2AL_2F91AF932,Traes_2AL_CFCA01C76,Traes_2BL_6C5206B6D,Traes_2DL_131222AE2","GRMZM2G026391,GRMZM2G051179","","Sobic.006G164200,Sobic.006G164300","Seita.7G185000","Sevir.7G195100","GSVIVG01038611001"
"G.max","Glyma.06G266800",NA,"Cd,Co,Fe,Mn,Zn",NA,NA,NA,NA,"Inferred","AT5G54680,LOC_Os08g04390","AT5G54680","Medtr4g081370","LOC_Os07g35870,LOC_Os08g04390","Traes_2AS_FE9AC4EDD,Traes_2BS_7190FAD1A,Traes_2DS_B05DDA181","GRMZM2G017586,GRMZM2G058451,GRMZM2G069630,GRMZM2G093744","","Sobic.007G033800","Seita.2G342600,Seita.6G069500","Sevir.6G068300",""
"G.max","Glyma.12G136300",NA,"Cd,Co,Fe,Mn,Zn",NA,NA,NA,NA,"Inferred","AT5G54680,LOC_Os08g04390","AT5G54680","Medtr4g081370","LOC_Os07g35870,LOC_Os08g04390","Traes_2AS_FE9AC4EDD,Traes_2BS_7190FAD1A,Traes_2DS_B05DDA181","GRMZM2G017586,GRMZM2G058451,GRMZM2G069630,GRMZM2G093744","","Sobic.007G033800","Seita.2G342600,Seita.6G069500","Sevir.6G068300",""
"G.max","Glyma.12G214900",NA,"Cd,Co,Fe,Mn,Zn",NA,NA,NA,NA,"Inferred","AT5G54680,LOC_Os08g04390","AT5G54680","","LOC_Os07g35870,LOC_Os08g04390","Traes_2AS_FE9AC4EDD,Traes_2BS_7190FAD1A,Traes_2DS_B05DDA181","GRMZM2G017586,GRMZM2G058451,GRMZM2G069630,GRMZM2G093744","Potri.001G416600,Potri.011G132400","Sobic.007G033800","Seita.2G342600,Seita.6G069500","Sevir.6G068300",""
"G.max","Glyma.13G286700",NA,"Cd,Co,Fe,Mn,Zn",NA,NA,NA,NA,"Inferred","AT5G54680,LOC_Os08g04390","AT5G54680","","LOC_Os07g35870,LOC_Os08g04390","Traes_2AS_FE9AC4EDD,Traes_2BS_7190FAD1A,Traes_2DS_B05DDA181","GRMZM2G017586,GRMZM2G058451,GRMZM2G069630,GRMZM2G093744","Potri.001G416600,Potri.011G132400","Sobic.007G033800","Seita.2G342600,Seita.6G069500","Sevir.6G068300",""
"G.max","Glyma.08G312300",NA,"Cd",NA,NA,NA,NA,"Inferred","AT5G54810","AT4G27070,AT5G54810","Medtr3g049410","LOC_Os08g04180","Traes_7AL_7C0CB1D06,Traes_7BL_28E519867,Traes_7DL_B73A0C80B","GRMZM2G005024,GRMZM2G169593","Potri.001G420300,Potri.011G136000","Sobic.007G032000","Seita.6G072900","Sevir.6G072000","GSVIVG01001997001"
"G.max","Glyma.18G102800",NA,"Cd",NA,NA,NA,NA,"Inferred","AT5G54810","AT4G27070,AT5G54810","Medtr3g049410","LOC_Os08g04180","Traes_7AL_7C0CB1D06,Traes_7BL_28E519867,Traes_7DL_B73A0C80B","GRMZM2G005024,GRMZM2G169593","Potri.001G420300,Potri.011G136000","Sobic.007G032000","Seita.6G072900","Sevir.6G072000","GSVIVG01001997001"
"G.max","Glyma.13G094400",NA,"Li,B,Na,Mg,K,Ca,Mn,Fe,Co,Ni,Cu,Zn,Rb,Sr,Mo,Cd",NA,NA,NA,NA,"Inferred","AT5G57620","AT5G57620","Medtr4g128670","LOC_Os08g15020","","GRMZM2G011422","Potri.006G170800,Potri.018G095900","Sobic.002G209300","Seita.1G344700","","GSVIVG01029145001"
"G.max","Glyma.17G065800",NA,"Li,B,Na,Mg,K,Ca,Mn,Fe,Co,Ni,Cu,Zn,Rb,Sr,Mo,Cd",NA,NA,NA,NA,"Inferred","AT5G57620","AT5G57620","Medtr4g128670","LOC_Os08g15020","","GRMZM2G011422","Potri.006G170800,Potri.018G095900","Sobic.002G209300","Seita.1G344700","","GSVIVG01029145001"
"G.max","Glyma.11G134700",NA,"Cu",NA,NA,NA,NA,"Inferred","AT5G59030","AT2G26975,AT3G46900,AT5G59030","Medtr4g064963","LOC_Os01g56420,LOC_Os01g56430,LOC_Os05g35050","Traes_3B_6A81EC186","GRMZM2G042412","Potri.001G246000,Potri.009G038700,Potri.009G038800","Sobic.003G310200","Seita.5G333000,Seita.5G333200","Sevir.5G337200,Sevir.5G337400","GSVIVG01024841001"
"G.max","Glyma.06G145800",NA,"K",NA,NA,NA,NA,"Inferred","AT5G64930","AT5G64930","Medtr3g094760","LOC_Os01g68970,LOC_Os02g53070","Traes_3AL_2600CE5A9,Traes_3DL_738EEB08B,Traes_6AL_E7EC461BD,Traes_6BL_D2DF38E7B,Traes_6DL_E3552E85E","GRMZM2G032447,GRMZM2G158811","","Sobic.003G402900,Sobic.004G312100","Seita.1G334300,Seita.5G428700","Sevir.1G340900,Sevir.5G434600",""
"G.max","Glyma.06G115800",NA,"Fe,Mn,Cd",NA,NA,NA,NA,"Inferred","Medtr3g088460,LOC_Os07g15370","","Medtr3g088460","LOC_Os07g15370","Traes_4AS_5D4904831,Traes_4DL_657E82F56","GRMZM2G147560","Potri.002G080400,Potri.002G080500,Potri.005G181000,Potri.005G181100","Sobic.002G095400","Seita.2G100300","Sevir.2G103000","GSVIVG01008827001"
"G.max","Glyma.11G135500",NA,"Zn",NA,NA,NA,NA,"Inferred","Medtr4g064893","AT2G29410","Medtr4g064893","","","","Potri.001G245800","","","","GSVIVG01024865001"
"G.max","Glyma.12G059000",NA,"Zn",NA,NA,NA,NA,"Inferred","Medtr4g064893","AT2G29410","Medtr4g064893","","","","Potri.001G245800","","","","GSVIVG01024865001"
"G.max","Glyma.08G164800",NA,"Mn",NA,NA,NA,NA,"Inferred","LOC_Os01g03914","AT1G16310,AT1G79520","Medtr2g064405","LOC_Os01g03914","Traes_3AS_4988A011D,Traes_3B_2BC989BE8","AC182482.3_FG003","Potri.010G172800,Potri.010G172900","Sobic.003G086300","Seita.5G088300","Sevir.5G086900","GSVIVG01026116001"
"G.max","Glyma.09G099500",NA,"Mn",NA,NA,NA,NA,"Inferred","LOC_Os01g03914","AT1G16310,AT1G79520","Medtr8g046550","LOC_Os01g03914","Traes_3AS_4988A011D,Traes_3B_2BC989BE8","AC182482.3_FG003","","Sobic.003G086300","Seita.5G088300","Sevir.5G086900",""
"G.max","Glyma.09G122600",NA,"Mn",NA,NA,NA,NA,"Inferred","LOC_Os01g03914","","Medtr3g080090","LOC_Os01g03914","Traes_3AS_4988A011D,Traes_3B_2BC989BE8","AC182482.3_FG003","Potri.008G083600,Potri.010G172600","Sobic.003G086300","","","GSVIVG01036746001"
"G.max","Glyma.15G262300",NA,"Mn",NA,NA,NA,NA,"Inferred","LOC_Os01g03914","AT1G16310,AT1G79520","Medtr2g064405","LOC_Os01g03914","Traes_3AS_4988A011D,Traes_3B_2BC989BE8","AC182482.3_FG003","Potri.010G172800,Potri.010G172900","Sobic.003G086300","Seita.5G088300","Sevir.5G086900","GSVIVG01026116001"
"G.max","Glyma.15G262400",NA,"Mn",NA,NA,NA,NA,"Inferred","LOC_Os01g03914","AT1G16310,AT1G79520","Medtr2g064405","LOC_Os01g03914","Traes_3AS_4988A011D,Traes_3B_2BC989BE8","AC182482.3_FG003","Potri.010G172800,Potri.010G172900","Sobic.003G086300","Seita.5G088300","Sevir.5G086900","GSVIVG01026116001"
"G.max","Glyma.05G010600",NA,"K",NA,NA,NA,NA,"Inferred","LOC_Os01g45990","AT2G26650","Medtr4g113530","LOC_Os01g45990","Traes_3AL_D426C4603,Traes_3B_1795B9E0B,Traes_3DL_8D6F782B1","GRMZM2G022915,GRMZM2G171279","Potri.006G154600,Potri.018G071400","Sobic.003G237900","Seita.5G244400","Sevir.5G252300","GSVIVG01015479001"
"G.max","Glyma.17G118300",NA,"K",NA,NA,NA,NA,"Inferred","LOC_Os01g45990","AT2G26650","Medtr4g113530","LOC_Os01g45990","Traes_3AL_D426C4603,Traes_3B_1795B9E0B,Traes_3DL_8D6F782B1","GRMZM2G022915,GRMZM2G171279","","Sobic.003G237900","Seita.5G244400","Sevir.5G252300",""
"G.max","Glyma.10G111100",NA,"Fe",NA,NA,NA,NA,"Inferred","LOC_Os01g64250","AT3G54290","Medtr1g050385","LOC_Os01g64250","Traes_3AL_634A11206,Traes_3B_1943DBE89","AC232238.2_FG008,GRMZM2G141647","Potri.008G019700,Potri.010G239700","Sobic.003G364900","Seita.5G390600","Sevir.5G395800","GSVIVG01010724001"
"G.max","Glyma.10G278400",NA,"Fe",NA,NA,NA,NA,"Inferred","LOC_Os01g64250","AT3G54290","Medtr1g111960","LOC_Os01g64250","Traes_3AL_634A11206,Traes_3B_1943DBE89","AC232238.2_FG008,GRMZM2G141647","Potri.008G019700,Potri.010G239700","Sobic.003G364900","Seita.5G390600","Sevir.5G395800","GSVIVG01010724001"
"G.max","Glyma.20G111300",NA,"Fe",NA,NA,NA,NA,"Inferred","LOC_Os01g64250","AT3G54290","Medtr1g111960","LOC_Os01g64250","Traes_3AL_634A11206,Traes_3B_1943DBE89","AC232238.2_FG008,GRMZM2G141647","Potri.008G019700,Potri.010G239700","Sobic.003G364900","Seita.5G390600","Sevir.5G395800","GSVIVG01010724001"
"G.max","Glyma.01G242000",NA,"Mg,Na",NA,NA,NA,NA,"Inferred","LOC_Os01g64890","AT3G19640","Medtr5g005240","LOC_Os01g64890,LOC_Os01g68040","Traes_3AL_04CD57FC2,Traes_3AL_AF6C467BF,Traes_3B_4AF155431,Traes_3DL_89C57419E","GRMZM2G065971,GRMZM2G139822","","Sobic.003G395600","Seita.5G394800,Seita.5G421400","Sevir.5G427000",""
"G.max","Glyma.11G002200",NA,"Mg,Na",NA,NA,NA,NA,"Inferred","LOC_Os01g64890","AT3G19640","Medtr5g005240","LOC_Os01g64890,LOC_Os01g68040","Traes_3AL_04CD57FC2,Traes_3AL_AF6C467BF,Traes_3B_4AF155431,Traes_3DL_89C57419E","GRMZM2G065971,GRMZM2G139822","Potri.001G291900,Potri.009G086300","Sobic.003G395600","Seita.5G394800,Seita.5G421400","Sevir.5G427000","GSVIVG01037798001"
"G.max","Glyma.03G086000",NA,"Cu",NA,NA,NA,NA,"Inferred","LOC_Os02g10290","","Medtr8g012390","LOC_Os02g10290","Traes_6AS_6F306F27E,Traes_6BS_A8B960E60,Traes_6DS_26C5A0A44","GRMZM2G029951","","Sobic.004G079900","Seita.1G049200","Sevir.1G048900",""
"G.max","Glyma.16G088300",NA,"Cu",NA,NA,NA,NA,"Inferred","LOC_Os02g10290","","Medtr8g012390","LOC_Os02g10290","Traes_6AS_6F306F27E,Traes_6BS_A8B960E60,Traes_6DS_26C5A0A44","GRMZM2G029951","Potri.001G019100","Sobic.004G079900","Seita.1G049200","Sevir.1G048900","GSVIVG01025299001"
"G.max","Glyma.05G162500",NA,"As",NA,NA,NA,NA,"Inferred","LOC_Os02g13870","AT4G18910,AT4G19030","Medtr8g087710","LOC_Os02g13870,LOC_Os05g11560","Traes_5BL_1C01FBFC1,Traes_7DS_A92314B8C","GRMZM2G041980,GRMZM2G126582","","","Seita.1G025100,Seita.3G073300","",""
"G.max","Glyma.05G162600",NA,"As",NA,NA,NA,NA,"Inferred","LOC_Os02g13870","AT4G18910,AT4G19030","Medtr8g087720","LOC_Os02g13870,LOC_Os05g11560","Traes_5BL_1C01FBFC1,Traes_7DS_A92314B8C","GRMZM2G041980,GRMZM2G126582","Potri.004G063000,Potri.011G072100","Sobic.004G102200,Sobic.009G075900","Seita.1G025100,Seita.3G073300","Sevir.1G025500,Sevir.3G074900","GSVIVG01021274001"
"G.max","Glyma.08G120200",NA,"As",NA,NA,NA,NA,"Inferred","LOC_Os02g13870","AT4G18910,AT4G19030","Medtr8g087720","LOC_Os02g13870,LOC_Os05g11560","Traes_5BL_1C01FBFC1,Traes_7DS_A92314B8C","GRMZM2G041980,GRMZM2G126582","Potri.004G063000,Potri.011G072100","Sobic.004G102200,Sobic.009G075900","Seita.1G025100,Seita.3G073300","Sevir.1G025500,Sevir.3G074900","GSVIVG01021274001"
"G.max","Glyma.13G224900",NA,"As",NA,NA,NA,NA,"Inferred","LOC_Os02g13870","AT4G18910,AT4G19030","Medtr2g017570,Medtr2g017610","LOC_Os02g13870,LOC_Os05g11560","Traes_5BL_1C01FBFC1,Traes_7DS_A92314B8C","GRMZM2G041980,GRMZM2G126582","Potri.004G063000,Potri.011G072100","Sobic.004G102200,Sobic.009G075900","Seita.1G025100,Seita.3G073300","Sevir.1G025500,Sevir.3G074900","GSVIVG01021274001"
"G.max","Glyma.15G087300",NA,"As",NA,NA,NA,NA,"Inferred","LOC_Os02g13870","AT4G18910,AT4G19030","Medtr2g017570,Medtr2g017610","LOC_Os02g13870,LOC_Os05g11560","Traes_5BL_1C01FBFC1,Traes_7DS_A92314B8C","GRMZM2G041980,GRMZM2G126582","Potri.004G063000,Potri.011G072100","Sobic.004G102200,Sobic.009G075900","Seita.1G025100,Seita.3G073300","Sevir.1G025500,Sevir.3G074900","GSVIVG01021274001"
"G.max","Glyma.09G238200",NA,"Se",NA,NA,NA,NA,"Inferred","LOC_Os02g51110","","Medtr7g010650","LOC_Os02g51110,LOC_Os06g12310","Traes_6AL_4956852E0,Traes_6DL_481276D28,Traes_7AS_8344D4F43,Traes_7BS_721120525,Traes_7DS_695861FED","GRMZM2G028325,GRMZM2G081239,GRMZM2G082184,GRMZM2G137108","Potri.017G083300","Sobic.004G238100,Sobic.010G092600","Seita.1G318800,Seita.4G098700","Sevir.1G325000,Sevir.4G097800","GSVIVG01011407001"
"G.max","Glyma.18G259500",NA,"Se",NA,NA,NA,NA,"Inferred","LOC_Os02g51110","","Medtr7g010650","LOC_Os02g51110,LOC_Os06g12310","Traes_6AL_4956852E0,Traes_6DL_481276D28,Traes_7AS_8344D4F43,Traes_7BS_721120525,Traes_7DS_695861FED","GRMZM2G028325,GRMZM2G081239,GRMZM2G082184,GRMZM2G137108","","Sobic.004G238100,Sobic.010G092600","Seita.1G318800,Seita.4G098700","Sevir.1G325000,Sevir.4G097800",""
"G.max","Glyma.02G231200",NA,"Fe",NA,NA,NA,NA,"Inferred","LOC_Os03g18550","AT1G07030,AT2G30160","Medtr5g073040","LOC_Os03g18550","Traes_4DL_7B2F68152","GRMZM2G032182,GRMZM2G053908","Potri.001G282400,Potri.009G077600","Sobic.001G403700","Seita.9G437700","Sevir.9G441600","GSVIVG01024642001"
"G.max","Glyma.14G198800",NA,"Fe",NA,NA,NA,NA,"Inferred","LOC_Os03g18550","AT1G07030,AT2G30160","Medtr5g073040","LOC_Os03g18550","Traes_4DL_7B2F68152","GRMZM2G032182,GRMZM2G053908","Potri.001G282400,Potri.009G077600","Sobic.001G403700","Seita.9G437700","Sevir.9G441600","GSVIVG01024642001"
"G.max","Glyma.01G219100",NA,"Cu",NA,NA,NA,NA,"Inferred","LOC_Os04g46940","","Medtr8g079250","LOC_Os04g46940","Traes_2AL_D0EABF355,Traes_2BL_19B3E60AA,Traes_2DL_51FF05F66","GRMZM2G143512,GRMZM2G144083","","","","",""
"G.max","Glyma.07G006500",NA,"P",NA,NA,NA,NA,"Inferred","LOC_Os06g05160","AT3G15990","Medtr4g011970","LOC_Os06g05160","","GRMZM2G444801","","Sobic.010G033800","Seita.4G032500","Sevir.4G031300",""
"G.max","Glyma.08G207100",NA,"P",NA,NA,NA,NA,"Inferred","LOC_Os06g05160","AT3G15990","Medtr4g011970","LOC_Os06g05160","","GRMZM2G444801","","Sobic.010G033800","Seita.4G032500","Sevir.4G031300",""
"G.max","Glyma.13G360000",NA,"P",NA,NA,NA,NA,"Inferred","LOC_Os06g05160","AT3G15990","Medtr2g102243","LOC_Os06g05160","","GRMZM2G444801","Potri.001G179400,Potri.003G056200","Sobic.010G033800","Seita.4G032500","Sevir.4G031300","GSVIVG01017118001"
"G.max","Glyma.15G014000",NA,"P",NA,NA,NA,NA,"Inferred","LOC_Os06g05160","AT3G15990","Medtr2g102243","LOC_Os06g05160","","GRMZM2G444801","Potri.001G179400,Potri.003G056200","Sobic.010G033800","Seita.4G032500","Sevir.4G031300","GSVIVG01017118001"
"G.max","Glyma.02G299700",NA,"K",NA,NA,NA,NA,"Inferred","LOC_Os07g01810","AT5G55630","Medtr5g095650","LOC_Os03g54100,LOC_Os07g01810","Traes_5AL_51E31BF07,Traes_5BL_12780666F,Traes_5DL_A98953CFA","GRMZM2G083677","Potri.001G366800,Potri.008G004600","Sobic.001G086900","Seita.7G288300,Seita.8G118200,Seita.9G089200,Seita.9G089400","Sevir.8G124600,Sevir.9G087900","GSVIVG01014662001,GSVIVG01014661001,GSVIVG01014660001"
"G.max","Glyma.14G014100",NA,"K",NA,NA,NA,NA,"Inferred","LOC_Os07g01810","AT5G55630","Medtr5g095650","LOC_Os03g54100,LOC_Os07g01810","Traes_5AL_51E31BF07,Traes_5BL_12780666F,Traes_5DL_A98953CFA","GRMZM2G083677","","Sobic.001G086900","Seita.7G288300,Seita.8G118200,Seita.9G089200,Seita.9G089400","Sevir.8G124600,Sevir.9G087900",""
"G.max","Glyma.10G200200",NA,"P",NA,NA,NA,NA,"Inferred","LOC_Os07g09000","AT3G52190","Medtr1g090873","LOC_Os07g09000","Traes_7AL_C16365A45,Traes_7BL_48A3E8A28,Traes_7DL_53DB0C6B3","GRMZM2G158489,GRMZM2G312091","Potri.008G029200,Potri.010G232400","Sobic.001G054000,Sobic.002G060900","Seita.2G065200,Seita.9G052300","Sevir.2G068500,Sevir.9G051400","GSVIVG01034664001"
"G.max","Glyma.20G190300",NA,"P",NA,NA,NA,NA,"Inferred","LOC_Os07g09000","AT3G52190","Medtr1g090873","LOC_Os07g09000","Traes_7AL_C16365A45,Traes_7BL_48A3E8A28,Traes_7DL_53DB0C6B3","GRMZM2G158489,GRMZM2G312091","Potri.008G029200,Potri.010G232400","Sobic.001G054000,Sobic.002G060900","Seita.2G065200,Seita.9G052300","Sevir.2G068500,Sevir.9G051400","GSVIVG01034664001"
"G.max","Glyma.09G055600",NA,"Cd",NA,NA,NA,NA,"Inferred","LOC_Os07g12900","","Medtr2g036380","LOC_Os07g12900","","","","","Seita.2G090300,Seita.2G090500,Seita.4G242300","Sevir.2G092800,Sevir.2G093100,Sevir.4G255000",""
"G.max","Glyma.03G250000",NA,"P",NA,NA,NA,NA,"Inferred","Traes_4AS_7220D33B3","","Medtr7g115530","","Traes_4AS_7220D33B3,Traes_4DL_2C27C34AF","","","","","",""
"G.max","Glyma.02G307300",NA,"Fe",NA,NA,NA,NA,"Inferred","GRMZM2G060952","","Medtr5g097900,Medtr5g097910,Medtr5g097940","LOC_Os04g37470,LOC_Os04g37480,LOC_Os04g37490","","GRMZM2G048121,GRMZM2G060952","","","Seita.7G114000,Seita.7G114200,Seita.7G114300,Seita.7G114700,Seita.7G115200,Seita.7G115300","Sevir.7G122000,Sevir.7G122400,Sevir.7G122500,Sevir.7G122700,Sevir.7G123300,Sevir.7G123400",""
"G.max","Glyma.15G189300",NA,"Fe",NA,NA,NA,NA,"Inferred","GRMZM2G060952","AT1G59950,AT1G59960","Medtr0374s0050","LOC_Os04g37470,LOC_Os04g37480,LOC_Os04g37490","","GRMZM2G048121,GRMZM2G060952","Potri.008G193100","","Seita.6G227700,Seita.9G476100","Sevir.6G234900,Sevir.9G301900,Sevir.9G479900","GSVIVG01011583001,GSVIVG01011585001,GSVIVG01011582001"
"G.max","Glyma.18G285800",NA,"Fe",NA,NA,NA,NA,"Inferred","GRMZM2G060952","","Medtr3g083130","LOC_Os04g37470,LOC_Os04g37480,LOC_Os04g37490","","GRMZM2G048121,GRMZM2G060952","","","Seita.7G114000,Seita.7G114200,Seita.7G114300,Seita.7G114700,Seita.7G115200,Seita.7G115300","Sevir.7G122000,Sevir.7G122400,Sevir.7G122500,Sevir.7G122700,Sevir.7G123300,Sevir.7G123400",""
"G.max","Glyma.20G031100",NA,"Fe",NA,NA,NA,NA,"Inferred","GRMZM2G060952","AT1G59950,AT1G59960","","LOC_Os04g37470,LOC_Os04g37480,LOC_Os04g37490","","GRMZM2G048121,GRMZM2G060952","Potri.008G193100","","Seita.6G227700,Seita.9G476100","Sevir.6G234900,Sevir.9G301900,Sevir.9G479900","GSVIVG01011583001,GSVIVG01011585001,GSVIVG01011582001"
