"Species","GeneID","GeneName","Elements","Citation(s) - DOI only","Closest species orthologs","Tissue","Comments","Primary/Inferred","Inferred from?","A.thaliana orthologs","O.sativa orthologs","T.aestivum orthologs","Z.mays orthologs","G.max orthologs","P.trichocarpa orthologs","S.bicolor orthologs","S.italica orthologs","S.viridis orthologs","V.vinifera orthologs"
"M.truncatula","Medtr1g010270","MOT1.2","Mo","10.1111/pce.13388",NA,"Nodules",NA,"Primary/Inferred","AT2G25680,LOC_Os08g01120","AT2G25680","LOC_Os08g01120","Traes_2AL_1855F06E3,Traes_2BL_9560982FA","GRMZM2G083156","","Potri.006G245900,Potri.006G246000","Sobic.001G187300","Seita.9G184500","Sevir.9G183400","GSVIVG01035740001"
"M.truncatula","Medtr3g088460","NRAMP1","Fe","10.1104/pp.114.254672",NA,"Nodules",NA,"Primary/Inferred","LOC_Os07g15370","","LOC_Os07g15370,LOC_Os07g15460","Traes_4AS_5D4904831,Traes_4DL_657E82F56","GRMZM2G147560","Glyma.06G115800","Potri.002G080400,Potri.002G080500,Potri.005G181000,Potri.005G181100","Sobic.002G095400,Sobic.002G095600","Seita.2G100300","Sevir.2G103000","GSVIVG01008827001"
"M.truncatula","Medtr3g464210","MOT1.3","Mo","10.1111/nph.14739",NA,"Nodules",NA,"Primary/Inferred","AT2G25680,LOC_Os08g01120","AT2G25680","LOC_Os08g01120","Traes_2AL_1855F06E3,Traes_2BL_9560982FA","GRMZM2G083156","","Potri.006G245900,Potri.006G246000","Sobic.001G187300","Seita.9G184500","Sevir.9G183400","GSVIVG01035740001"
"M.truncatula","Medtr4g019870","COPT1","Cu","10.1111/nph.14992",NA,"Nodules",NA,"Primary","NA","","","","","","Potri.006G093200","","","",""
"M.truncatula","Medtr4g064893","MTP2","Zn","10.3389/fpls.2018.00990",NA,"Nodules",NA,"Primary","NA","AT2G29410","","","","Glyma.11G135500,Glyma.12G059000","Potri.001G245800","","","","GSVIVG01024865001"
"M.truncatula","Medtr4g083570","ZIP6","Zn","10.1111/pce.13035",NA,"Nodules",NA,"Primary","NA","AT1G31260","","","","Glyma.07G223200,Glyma.20G022500","Potri.015G117700,Potri.015G117900","","","","GSVIVG01026252001"
"M.truncatula","Medtr8g028780",NA,"Fe",NA,NA,NA,NA,"Inferred","AT1G01580","AT1G01580","LOC_Os04g48930","Traes_2BL_E11AA2D03","","Glyma.07G067700,Glyma.16G033800","Potri.014G088000","","","","GSVIVG01028874001"
"M.truncatula","Medtr8g028795",NA,"Fe",NA,NA,NA,NA,"Inferred","AT1G01580","AT1G01580","LOC_Os04g48930","Traes_2BL_E11AA2D03","","Glyma.07G067700,Glyma.16G033800","Potri.014G088000","","","","GSVIVG01028874001"
"M.truncatula","Medtr8g031070",NA,"Fe",NA,NA,NA,NA,"Inferred","AT1G01580","AT1G01580","LOC_Os04g48930","","","","","","","",""
"M.truncatula","Medtr3g083980",NA,"Se,S",NA,NA,NA,NA,"Inferred","AT1G08490","AT1G08490","LOC_Os12g18900","Traes_4BS_BD7AF055E","GRMZM2G060470","Glyma.09G021000,Glyma.15G127400","Potri.009G066000","Sobic.004G132600,Sobic.005G014700","Seita.1G134500","Sevir.1G132950","GSVIVG01037384001"
"M.truncatula","Medtr4g102750",NA,"P",NA,NA,NA,NA,"Inferred","AT1G12640","AT1G12640,AT1G63050","LOC_Os02g45344","Traes_6AL_75BA4C59A,Traes_6BL_891A1BAAE,Traes_6DL_4E31B8DE8","GRMZM2G481755","Glyma.05G049500,Glyma.17G131500","Potri.001G110100,Potri.003G121700","Sobic.004G283600","Seita.1G270400","Sevir.1G275100","GSVIVG01019857001"
"M.truncatula","Medtr5g017650",NA,"Zn",NA,NA,NA,NA,"Inferred","AT1G14870","AT1G14870,AT1G14880,AT5G35525","LOC_Os03g61470,LOC_Os03g61500","Traes_4AL_5D644DE5A,Traes_4AL_B98797B11,Traes_5BL_04FDA138E1,Traes_5BL_33C4FE16E,Traes_5BL_E942C6ACB,Traes_5DL_8B9E316C1,Traes_5DL_F62190F0A1","GRMZM2G151230","Glyma.05G236300","Potri.008G132900,Potri.010G108800","Sobic.004G192100,Sobic.006G107900","Seita.1G209500,Seita.1G209700","Sevir.1G212900","GSVIVG01011687001"
"M.truncatula","Medtr8g104870",NA,"Zn",NA,NA,NA,NA,"Inferred","AT1G14870","AT1G14870,AT1G14880,AT5G35525","LOC_Os03g61470,LOC_Os03g61500","Traes_4AL_5D644DE5A,Traes_4AL_B98797B11,Traes_5BL_04FDA138E1,Traes_5BL_33C4FE16E,Traes_5BL_E942C6ACB,Traes_5DL_8B9E316C1,Traes_5DL_F62190F0A1","GRMZM2G151230","Glyma.05G236300","Potri.008G132900,Potri.010G108800","Sobic.004G192100,Sobic.006G107900","Seita.1G209500,Seita.1G209700","Sevir.1G212900","GSVIVG01011687001"
"M.truncatula","Medtr8g104890",NA,"Zn",NA,NA,NA,NA,"Inferred","AT1G14870","AT1G14870,AT1G14880,AT5G35525","LOC_Os03g61470,LOC_Os03g61500","Traes_4AL_5D644DE5A,Traes_4AL_B98797B11,Traes_5BL_04FDA138E1,Traes_5BL_33C4FE16E,Traes_5BL_E942C6ACB,Traes_5DL_8B9E316C1,Traes_5DL_F62190F0A1","GRMZM2G023081,GRMZM2G119755,GRMZM2G325477","","","Sobic.001G024700,Sobic.001G024800","Seita.4G003800,Seita.9G024600,Seita.9G052900,Seita.9G053100","Sevir.4G004200,Sevir.9G024100,Sevir.9G052001,Sevir.9G052200","GSVIVG01011926001"
"M.truncatula","Medtr4g107440",NA,"Fe,Mn,Zn",NA,NA,NA,NA,"Inferred","AT1G18910,AT1G74770","AT1G18910,AT1G74770","","","","Glyma.17G096900","Potri.015G066600","","","",""
"M.truncatula","Medtr3g114080",NA,"Fe,Zn,Co,Mn",NA,NA,NA,NA,"Inferred","AT1G20110","AT1G20110","LOC_Os06g50840,LOC_Os07g38580","Traes_2AS_19B6321CB,Traes_2BS_CCA9B58A3","GRMZM2G061156","Glyma.04G023100,Glyma.06G023000","Potri.002G018900,Potri.005G242700","Sobic.010G269100","Seita.2G363000","Sevir.4G295200","GSVIVG01009956001"
"M.truncatula","Medtr2g049790",NA,"K",NA,NA,NA,NA,"Inferred","AT1G30270","AT1G30270","LOC_Os07g05620","Traes_2AL_D66EA2EB5,Traes_2BL_A1F2BF8FC,Traes_2DL_2BA772DB5","GRMZM2G013236","Glyma.09G089700","Potri.006G062800,Potri.018G119200,Potri.018G122300","Sobic.002G034700","Seita.2G032200","Sevir.2G037000","GSVIVG01021541001"
"M.truncatula","Medtr2g019020",NA,"Cd,As",NA,NA,NA,NA,"Inferred","AT1G30400,LOC_Os04g52900","AT1G30400,AT2G34660","LOC_Os04g52900","Traes_2AL_0A38A0EFC,Traes_2DL_5F40C7E14","GRMZM2G084181","Glyma.13G220000,Glyma.15G092400","Potri.011G091200","Sobic.006G219300","Seita.7G241100","Sevir.7G252600","GSVIVG01021589001"
"M.truncatula","Medtr2g048510",NA,"Ca,K,Na,S",NA,NA,NA,NA,"Inferred","AT1G30450","AT1G30450","LOC_Os08g23440","Traes_2DS_6C351FD1B,Traes_5AL_21B739F34,Traes_5BL_0992ADD0A,Traes_5DL_7953B077C,Traes_7AS_2BF62E1DE,Traes_7BS_725BE98D0","GRMZM2G113276,GRMZM2G401874","Glyma.09G085300,Glyma.15G193400","Potri.011G090900","Sobic.005G040700,Sobic.009G105900","Seita.3G275800,Seita.5G025700","Sevir.3G283200,Sevir.5G024400","GSVIVG01021607001"
"M.truncatula","Medtr4g098800",NA,"K",NA,NA,NA,NA,"Inferred","AT1G32450","AT1G32450","LOC_Os02g48570","Traes_6AL_168121E7E,Traes_6DL_0A59B823C","GRMZM2G061303","Glyma.05G070600,Glyma.17G153300","","","Seita.1G296400","Sevir.1G301800","GSVIVG01018395001"
"M.truncatula","Medtr5g014150",NA,"K",NA,NA,NA,NA,"Inferred","AT1G32450","AT1G32450","LOC_Os02g48570","Traes_6AL_168121E7E,Traes_6DL_0A59B823C","GRMZM2G061303","Glyma.01G200100,Glyma.11G042000","Potri.001G145200,Potri.003G088800","","Seita.1G296400","Sevir.1G301800","GSVIVG01018395001"
"M.truncatula","Medtr2g006570",NA,"S,Se",NA,NA,NA,NA,"Inferred","AT1G36370","AT1G22020,AT1G36370","LOC_Os01g65410,LOC_Os05g35440","Traes_3AL_4020ECFB3,Traes_3B_AEE1A6778","GRMZM2G452630","Glyma.08G187800,Glyma.12G170300","Potri.001G212000","Sobic.003G373600","Seita.5G398800","Sevir.5G404100","GSVIVG01008954001"
"M.truncatula","Medtr1g084050",NA,"Fe,Cd,Co,Mo",NA,NA,NA,NA,"Inferred","AT1G56430,LOC_Os03g19420","AT1G09240,AT1G56430,AT5G04950,AT5G56080","LOC_Os03g19420,LOC_Os03g19427,LOC_Os07g48980","Traes_2BS_CB79BAFB1,Traes_6AS_5D0B8CF891,Traes_6DS_0BF81EADB,Traes_6DS_1965FC73E","AC233955.1_FG003,GRMZM2G030036,GRMZM2G034956,GRMZM2G050108,GRMZM2G124785,GRMZM2G312481,GRMZM2G385200,GRMZM2G439195,GRMZM2G478568,GRMZM2G704488","","","Sobic.001G151400,Sobic.001G395900","Seita.2G440200,Seita.9G045300,Seita.9G429600","Sevir.2G452700,Sevir.9G044800","GSVIVG01029178001"
"M.truncatula","Medtr7g112130",NA,"Fe,Cd,Co,Mo",NA,NA,NA,NA,"Inferred","AT1G56430,LOC_Os03g19420","AT1G09240,AT1G56430,AT5G04950,AT5G56080","LOC_Os03g19420,LOC_Os03g19427,LOC_Os07g48980","Traes_2BS_CB79BAFB1,Traes_6AS_5D0B8CF891,Traes_6DS_0BF81EADB,Traes_6DS_1965FC73E","AC233955.1_FG003,GRMZM2G030036,GRMZM2G034956,GRMZM2G050108,GRMZM2G124785,GRMZM2G312481,GRMZM2G385200,GRMZM2G439195,GRMZM2G478568,GRMZM2G704488","Glyma.03G231200,Glyma.19G228400","Potri.005G014300,Potri.005G017300","Sobic.001G151400,Sobic.001G395900","Seita.2G440200,Seita.9G045300,Seita.9G429600","Sevir.2G452700,Sevir.9G044800","GSVIVG01029178001"
"M.truncatula","Medtr2g101090",NA,"Cd",NA,NA,NA,NA,"Inferred","AT1G59870","AT1G15210,AT1G59870","LOC_Os06g36090","Traes_7AL_7BD10B6C7,Traes_7BL_E4BC8AB8B,Traes_7DL_63530C8FA","GRMZM2G029506,GRMZM2G366146","Glyma.13G355000","Potri.001G189500,Potri.003G049600","Sobic.003G281500","Seita.4G181500","Sevir.4G150000",""
"M.truncatula","Medtr8g014360",NA,"Cd",NA,NA,NA,NA,"Inferred","AT1G59870","AT1G15210,AT1G59870","LOC_Os06g36090","Traes_7AL_7BD10B6C7,Traes_7BL_E4BC8AB8B,Traes_7DL_63530C8FA","GRMZM2G029506,GRMZM2G366146","Glyma.07G015800,Glyma.08G201300","Potri.001G189500,Potri.003G049600","Sobic.003G281500","Seita.4G181500","Sevir.4G150000","GSVIVG01016999001"
"M.truncatula","Medtr3g104400",NA,"Fe",NA,NA,NA,NA,"Inferred","AT1G60960","AT1G10970,AT1G60960","LOC_Os06g37010","Traes_1BS_D68F0BED6,Traes_1DS_C2EFEFBB9","GRMZM2G064382","Glyma.06G052000","","Sobic.010G171300","Seita.3G112800","Sevir.4G249800",""
"M.truncatula","Medtr5g010420",NA,"Cu",NA,NA,NA,NA,"Inferred","AT1G63440,LOC_Os04g46940","AT1G63440","LOC_Os04g46940","Traes_2AL_D0EABF355,Traes_2BL_19B3E60AA,Traes_2DL_51FF05F66","GRMZM2G143512,GRMZM2G144083","Glyma.19G140000","Potri.001G105800,Potri.003G125600,Potri.003G125700","Sobic.006G173700,Sobic.006G173800","Seita.7G193900,Seita.7G194000","Sevir.7G205900,Sevir.7G206000","GSVIVG01019769001"
"M.truncatula","Medtr1g110460",NA,"P",NA,NA,NA,NA,"Inferred","AT1G68320","AT1G25340,AT1G68320","","","GRMZM2G096358,GRMZM2G162709","Glyma.10G273000,Glyma.20G117000","Potri.008G122100,Potri.010G123000","Sobic.001G391500","","Sevir.5G027600","GSVIVG01011872001"
"M.truncatula","Medtr4g083960",NA,"P,As",NA,NA,NA,NA,"Inferred","AT1G76430","AT1G20860,AT1G76430","LOC_Os06g21950","","","Glyma.07G222700,Glyma.20G021600","Potri.002G005500,Potri.005G256100","Sobic.010G133300","Seita.4G140700","Sevir.4G173800",""
"M.truncatula","Medtr2g104940",NA,"B",NA,NA,NA,NA,"Inferred","AT1G80760","AT1G80760","","","","Glyma.15G003900","Potri.001G046800,Potri.003G180900","","","","GSVIVG01034224001"
"M.truncatula","Medtr4g006730",NA,"B",NA,NA,NA,NA,"Inferred","AT1G80760","AT1G80760","","","","Glyma.08G217400","Potri.001G046800,Potri.003G180900","","","","GSVIVG01034224001"
"M.truncatula","Medtr2g104990",NA,"Mn",NA,NA,NA,NA,"Inferred","AT1G80830","AT1G15960,AT1G80830","LOC_Os06g46310","Traes_7AL_08B2A7BB2,Traes_7BL_CA6B7C9E6,Traes_7DL_26A2F4353","GRMZM2G069198","Glyma.13G369900,Glyma.15G003500","Potri.001G044900","Sobic.010G227800","Seita.4G263200","Sevir.4G276100","GSVIVG01034237001"
"M.truncatula","Medtr8g105790",NA,"Fe,Zn",NA,NA,NA,NA,"Inferred","AT2G01770,LOC_Os04g38940,LOC_Os09g23300","AT2G01770","LOC_Os04g38940,LOC_Os09g23300","Traes_2AL_A3A25F40E,Traes_2BL_54954138A,Traes_2DL_B37EC8078,Traes_5BL_7CE3EDE29,Traes_5DL_DA6449AC6","GRMZM2G074672","Glyma.05G240600,Glyma.08G047500","Potri.010G104200","Sobic.006G109000","Seita.7G126700","Sevir.7G134800","GSVIVG01011628001"
"M.truncatula","Medtr8g105810",NA,"Fe,Zn",NA,NA,NA,NA,"Inferred","AT2G01770,LOC_Os04g38940,LOC_Os09g23300","AT2G01770","LOC_Os04g38940,LOC_Os09g23300","Traes_2AL_A3A25F40E,Traes_2BL_54954138A,Traes_2DL_B37EC8078,Traes_5BL_7CE3EDE29,Traes_5DL_DA6449AC6","GRMZM2G074672","","Potri.010G104200","Sobic.006G109000","Seita.7G126700","Sevir.7G134800","GSVIVG01011628001"
"M.truncatula","Medtr7g083840",NA,"S",NA,NA,NA,NA,"Inferred","AT2G13540","AT2G13540","LOC_Os03g22570","Traes_4BS_9831A28AE","GRMZM2G083689","Glyma.16G049600,Glyma.19G101600","Potri.009G049200","Sobic.001G373800","Seita.9G406000","Sevir.9G409800","GSVIVG01037230001"
"M.truncatula","Medtr4g073100",NA,"Zn",NA,NA,NA,NA,"Inferred","AT2G16770,AT4G35040","AT2G16770,AT4G35040","LOC_Os06g50310","Traes_5AS_6F02C9967,Traes_5BS_FC54F9BEA,Traes_5DS_4F7973584,Traes_7AL_A8CAE984E","GRMZM2G000171,GRMZM2G055413","Glyma.11G108100,Glyma.12G033000","","Sobic.010G267500","Seita.4G281600,Seita.9G059700","Sevir.4G293800,Sevir.9G058800",""
"M.truncatula","Medtr4g127580",NA,"Zn,Cd",NA,NA,NA,NA,"Inferred","AT2G19110,AT4G30110,LOC_Os07g12900","AT2G19110,AT4G30110","LOC_Os07g12900","Traes_7AL_8304348B7,Traes_7DL_A5269C73F","GRMZM2G099191","Glyma.13G099600","Potri.006G076900","Sobic.010G250900","Seita.4G242300","Sevir.2G093100,Sevir.4G255000","GSVIVG01010896001"
"M.truncatula","Medtr2g017630",NA,"As",NA,NA,NA,NA,"Inferred","AT2G21045","AT2G21045","LOC_Os02g01220","Traes_6AS_E5666AE7C","AC204711.3_FG003","Glyma.12G017900","Potri.014G131300","Sobic.006G032700","Seita.2G199200","Sevir.2G207400",""
"M.truncatula","Medtr4g095075",NA,"Fe,Mn,Zn",NA,NA,NA,NA,"Inferred","AT2G23150","AT2G23150","LOC_Os12g39180","Traes_4BS_9337E9B2F,Traes_5BS_DE1CD2DA4,Traes_5DS_8FAA08B51","GRMZM2G028036","Glyma.05G101700,Glyma.17G165200","Potri.007G050600,Potri.007G050700","Sobic.001G170000,Sobic.008G143700","Seita.3G367300,Seita.9G171400","Sevir.3G384700,Sevir.9G169700","GSVIVG01000173001"
"M.truncatula","Medtr5g016270",NA,"Fe,Mn,Zn",NA,NA,NA,NA,"Inferred","AT2G23150","AT2G23150","LOC_Os12g39180","Traes_4BS_9337E9B2F,Traes_5BS_DE1CD2DA4,Traes_5DS_8FAA08B51","GRMZM2G028036","Glyma.01G190700,Glyma.11G051500","Potri.007G050600,Potri.007G050700","Sobic.001G170000,Sobic.008G143700","Seita.3G367300,Seita.9G171400","Sevir.3G384700,Sevir.9G169700","GSVIVG01000173001"
"M.truncatula","Medtr7g053460",NA,"Cu,Zn",NA,NA,NA,NA,"Inferred","AT2G23240,AT2G42000","AT2G23240,AT2G42000","","","GRMZM2G402564","Glyma.08G346600,Glyma.18G157800","Potri.004G206400,Potri.009G167700","Sobic.001G311200","","",""
"M.truncatula","Medtr1g010210",NA,"Mo",NA,NA,NA,NA,"Inferred","AT2G25680,LOC_Os08g01120","AT2G25680","LOC_Os08g01120","Traes_2AL_1855F06E3,Traes_2BL_9560982FA","GRMZM2G083156","Glyma.14G130000,Glyma.17G203000,Glyma.17G203200","Potri.006G245900,Potri.006G246000","Sobic.001G187300","Seita.9G184500","Sevir.9G183400","GSVIVG01035740001"
"M.truncatula","Medtr3g108190",NA,"Mo",NA,NA,NA,NA,"Inferred","AT2G25680,LOC_Os08g01120","AT2G25680","LOC_Os08g01120","Traes_2AL_1855F06E3,Traes_2BL_9560982FA","GRMZM2G083156","Glyma.04G073000,Glyma.06G074100","","Sobic.001G187300","Seita.9G184500","Sevir.9G183400","GSVIVG01035740001"
"M.truncatula","Medtr2g084280",NA,"Fe",NA,NA,NA,NA,"Inferred","AT2G28160","AT2G28160","LOC_Os04g31290","","GRMZM2G107672,GRMZM2G173521,GRMZM2G313756","Glyma.12G178500,Glyma.13G322100","Potri.009G005600,Potri.T155900","Sobic.006G047200","Seita.7G069900,Seita.7G070000","Sevir.7G076300,Sevir.7G076400","GSVIVG01031466001"
"M.truncatula","Medtr4g057270",NA,"Fe",NA,NA,NA,NA,"Inferred","AT2G28160","AT2G28160","LOC_Os04g31290","","GRMZM2G107672,GRMZM2G173521,GRMZM2G313756","","Potri.009G005600,Potri.T155900","Sobic.006G047200","Seita.7G069900,Seita.7G070000","Sevir.7G076300,Sevir.7G076400","GSVIVG01031466001"
"M.truncatula","Medtr4g062470",NA,"Ca,Mn,Zn,Na,S,K,As,Se,Mo",NA,NA,NA,NA,"Inferred","AT2G28670","AT1G07730,AT2G28670","LOC_Os01g06250","Traes_4DL_BEA8B1874","AC206350.3_FG005","Glyma.11G144000,Glyma.11G144200,Glyma.12G067400","Potri.008G049200,Potri.010G211800","Sobic.003G064800","Seita.5G110100","Sevir.5G106900",""
"M.truncatula","Medtr4g062520",NA,"Ca,Mn,Zn,Na,S,K,As,Se,Mo",NA,NA,NA,NA,"Inferred","AT2G28670","AT1G07730,AT2G28670","LOC_Os01g06250","Traes_4DL_BEA8B1874","AC206350.3_FG005","Glyma.11G144000,Glyma.11G144200,Glyma.12G067400","Potri.008G049200,Potri.010G211800","Sobic.003G064800","Seita.5G110100","Sevir.5G106900",""
"M.truncatula","Medtr3g082700",NA,"P",NA,NA,NA,NA,"Inferred","AT2G32830","AT2G32830","LOC_Os04g10690,LOC_Os04g10750,LOC_Os10g30790","Traes_4BL_8A75B60E2","","","","","Seita.6G012100,Seita.7G032900,Seita.9G238300,Seita.9G538600","Sevir.7G019300,Sevir.9G238300,Sevir.9G542800,Sevir.9G542900,Sevir.9G553200",""
"M.truncatula","Medtr2g013650",NA,"P",NA,NA,NA,NA,"Inferred","AT2G33770,LOC_Os05g48390","AT2G33770","LOC_Os05g48390","Traes_1AL_E5224B6EA,Traes_1BL_241A3B9EF,Traes_1DL_F122253A3","GRMZM2G381709,GRMZM2G464572","Glyma.13G239100,Glyma.15G074200","Potri.004G043500,Potri.011G052600","Sobic.009G228100","Seita.3G150400","Sevir.3G153100","GSVIVG01005206001"
"M.truncatula","Medtr4g020620",NA,"P",NA,NA,NA,NA,"Inferred","AT2G33770,LOC_Os05g48390","AT2G33770","LOC_Os05g48390","Traes_1AL_E5224B6EA,Traes_1BL_241A3B9EF,Traes_1DL_F122253A3","GRMZM2G381709,GRMZM2G464572","Glyma.13G239100,Glyma.15G074200","Potri.004G043500,Potri.011G052600","Sobic.009G228100","Seita.3G150400","Sevir.3G153100","GSVIVG01005206001"
"M.truncatula","Medtr4g088835",NA,"P",NA,NA,NA,NA,"Inferred","AT2G33770,LOC_Os05g48390","AT2G33770","LOC_Os05g48390","Traes_1AL_E5224B6EA,Traes_1BL_241A3B9EF,Traes_1DL_F122253A3","GRMZM2G381709,GRMZM2G464572","Glyma.07G196500,Glyma.13G179600","Potri.004G043500,Potri.011G052600","Sobic.009G228100","Seita.3G150400","Sevir.3G153100","GSVIVG01005206001"
"M.truncatula","Medtr1g067640",NA,"Ni",NA,NA,NA,NA,"Inferred","AT2G37430","AT2G37430,AT3G53600","","","","Glyma.10G045400,Glyma.13G133100","","Sobic.001G035300","","",""
"M.truncatula","Medtr1g067650",NA,"Ni",NA,NA,NA,NA,"Inferred","AT2G37430","AT2G37430,AT3G53600","","","","Glyma.10G045400,Glyma.13G133100","","Sobic.001G035300","","",""
"M.truncatula","Medtr1g067660",NA,"Ni",NA,NA,NA,NA,"Inferred","AT2G37430","AT2G37430,AT3G53600","","","","Glyma.10G045200,Glyma.13G132800","","Sobic.001G035300","","",""
"M.truncatula","Medtr7g100100",NA,"Ni",NA,NA,NA,NA,"Inferred","AT2G37430","AT2G37430,AT3G53600","","","","Glyma.03G173300,Glyma.19G174200","","Sobic.001G035300","","",""
"M.truncatula","Medtr4g013240",NA,"Co,Ni",NA,NA,NA,NA,"Inferred","AT2G38460,AT5G03570","AT2G38460,AT5G03570","LOC_Os06g36450","Traes_4DL_A266BC7CA","GRMZM2G110862,GRMZM2G148060","Glyma.01G128300,Glyma.03G042400","Potri.016G128500,Potri.016G128600,Potri.T141700","Sobic.010G168400","Seita.4G269800","Sevir.4G281800","GSVIVG01030252001,GSVIVG01030250001"
"M.truncatula","Medtr4g013245",NA,"Co,Ni",NA,NA,NA,NA,"Inferred","AT2G38460,AT5G03570","AT2G38460,AT5G03570","LOC_Os06g36450","Traes_4DL_A266BC7CA","GRMZM2G110862,GRMZM2G148060","Glyma.01G128300,Glyma.03G042400","Potri.016G128500,Potri.016G128600,Potri.T141700","Sobic.010G168400","Seita.4G269800","Sevir.4G281800","GSVIVG01030252001,GSVIVG01030250001"
"M.truncatula","Medtr7g096870",NA,"P",NA,NA,NA,NA,"Inferred","AT2G38940","AT2G38940,AT3G54700","LOC_Os03g04360,LOC_Os08g45000","Traes_5BL_FC28B66D8,Traes_5DL_391DF2590","GRMZM2G112377,GRMZM2G154090","","Potri.005G223500,Potri.005G223600","Sobic.001G234800,Sobic.007G164400","Seita.4G276500,Seita.6G253400","Sevir.4G288300,Sevir.6G257900",""
"M.truncatula","Medtr7g096880",NA,"P",NA,NA,NA,NA,"Inferred","AT2G38940","AT2G38940,AT3G54700","LOC_Os03g04360,LOC_Os08g45000","Traes_5BL_FC28B66D8,Traes_5DL_391DF2590","GRMZM2G112377,GRMZM2G154090","Glyma.03G162800,Glyma.19G164300","Potri.005G223500,Potri.005G223600","Sobic.001G234800,Sobic.007G164400","Seita.4G276500,Seita.6G253400","Sevir.4G288300,Sevir.6G257900",""
"M.truncatula","Medtr7g022890",NA,"Mn",NA,NA,NA,NA,"Inferred","AT2G39450","AT2G39450","LOC_Os01g62070","Traes_1AL_4FB613BF5,Traes_1BL_3E65FFB6B,Traes_1DL_47B0A6A7A,Traes_3B_8D1DAA8DE","GRMZM2G014454","Glyma.02G095400,Glyma.18G286100","Potri.008G049600,Potri.010G211300","Sobic.003G349200","Seita.3G215300,Seita.5G374300","Sevir.3G220300,Sevir.5G379500","GSVIVG01016640001"
"M.truncatula","Medtr2g036390",NA,"Zn",NA,NA,NA,NA,"Inferred","AT2G46800","AT2G46800","LOC_Os05g03780","Traes_1AS_520F23BD4,Traes_1BS_7F56C8B50,Traes_1DS_A22F0D613,Traes_4BL_8D52C046B,Traes_4DL_B61644BA1","GRMZM2G036908,GRMZM2G477741","Glyma.07G049200,Glyma.16G017800","","Sobic.009G029500","Seita.3G049900","Sevir.3G050000",""
"M.truncatula","Medtr8g024240",NA,"Zn",NA,NA,NA,NA,"Inferred","AT2G46800","AT2G46800","LOC_Os05g03780","Traes_1AS_520F23BD4,Traes_1BS_7F56C8B50,Traes_1DS_A22F0D613,Traes_4BL_8D52C046B,Traes_4DL_B61644BA1","GRMZM2G036908,GRMZM2G477741","","","Sobic.009G029500","Seita.3G049900","Sevir.3G050000",""
"M.truncatula","Medtr7g110000",NA,"B",NA,NA,NA,NA,"Inferred","AT2G47160,AT3G62270,LOC_Os12g37840","AT2G47160,AT3G62270","LOC_Os12g37840","Traes_5AS_B9B99F1F2,Traes_5BS_AE9A54888,Traes_5DS_94753D198","GRMZM2G082203,GRMZM2G166159","Glyma.03G222300,Glyma.19G219500","Potri.002G191000,Potri.014G116000","Sobic.008G132300","Seita.3G333100","Sevir.3G347400","GSVIVG01017647001,GSVIVG01028186001"
"M.truncatula","Medtr6g011290",NA,"P",NA,NA,NA,NA,"Inferred","AT3G01310,AT5G15070","AT3G01310,AT5G15070","LOC_Os03g48300","Traes_4AL_52B53A5D2,Traes_4BS_77F5E1A28,Traes_4DS_4E9831209","GRMZM2G057140","Glyma.13G065500,Glyma.19G019100","","Sobic.001G132600","Seita.9G135000","Sevir.9G133900","GSVIVG01032598001"
"M.truncatula","Medtr7g009060",NA,"P",NA,NA,NA,NA,"Inferred","AT3G01310,AT5G15070","AT3G01310,AT5G15070","LOC_Os03g48300","Traes_4AL_52B53A5D2,Traes_4BS_77F5E1A28,Traes_4DS_4E9831209","GRMZM2G057140","Glyma.09G241100,Glyma.18G255000","Potri.004G129900,Potri.017G076400","Sobic.001G132600","Seita.9G135000","Sevir.9G133900","GSVIVG01032598001"
"M.truncatula","Medtr2g022600",NA,"Na,K,Rb,Mg,Ca,Fe,Mo",NA,NA,NA,NA,"Inferred","AT3G06060","AT3G06060,AT5G19200","LOC_Os02g47350","Traes_6AL_5B7EC197B,Traes_6BL_75894702B","GRMZM2G147701,GRMZM2G167431","Glyma.13G207200,Glyma.15G105400","Potri.010G191800","Sobic.004G269700,Sobic.004G337066","Seita.1G287300","Sevir.1G292400",""
"M.truncatula","Medtr3g098750",NA,"Na,K,Rb,Mg,Ca,Fe,Mo",NA,NA,NA,NA,"Inferred","AT3G06060","AT3G06060,AT5G19200","LOC_Os02g47350","Traes_6AL_5B7EC197B,Traes_6BL_75894702B","GRMZM2G147701,GRMZM2G167431","","Potri.010G191800","Sobic.004G269700,Sobic.004G337066","Seita.1G287300","Sevir.1G292400",""
"M.truncatula","Medtr3g029510",NA,"Mn",NA,NA,NA,NA,"Inferred","AT3G08040","AT3G08040","","","","Glyma.09G102800,Glyma.15G274600","Potri.001G266900,Potri.009G061100","","","","GSVIVG01032091001,GSVIVG01032092001"
"M.truncatula","Medtr8g036660",NA,"Mn",NA,NA,NA,NA,"Inferred","AT3G08040","AT3G08040","","","","Glyma.12G237400","Potri.001G266900,Potri.009G061100","","","","GSVIVG01032091001,GSVIVG01032092001"
"M.truncatula","Medtr8g037170",NA,"Mn",NA,NA,NA,NA,"Inferred","AT3G08040","AT3G08040","","","","Glyma.12G237400","Potri.001G266900,Potri.009G061100","","","","GSVIVG01032091001,GSVIVG01032092001"
"M.truncatula","Medtr8g037175",NA,"Mn",NA,NA,NA,NA,"Inferred","AT3G08040","AT3G08040","","","","","Potri.001G266900,Potri.009G061100","","","","GSVIVG01032091001,GSVIVG01032092001"
"M.truncatula","Medtr2g064310",NA,"Mn",NA,NA,NA,NA,"Inferred","AT3G12750","AT3G12750","LOC_Os07g12890","Traes_2AL_BE05B34FF,Traes_2BL_A1BCBD2BE,Traes_2BS_9D8F265EC,Traes_2DL_D0582A4B1,Traes_2DS_6E24A6653","GRMZM2G093276","Glyma.08G164400,Glyma.15G262800","Potri.008G083100,Potri.010G173300","Sobic.002G083200,Sobic.007G064900,Sobic.009G170500","Seita.2G090600,Seita.3G208100,Seita.7G190900","","GSVIVG01012141001"
"M.truncatula","Medtr3g081640",NA,"Mn",NA,NA,NA,NA,"Inferred","AT3G12750","AT3G12750","LOC_Os07g12890","Traes_2AL_BE05B34FF,Traes_2BL_A1BCBD2BE,Traes_2BS_9D8F265EC,Traes_2DL_D0582A4B1,Traes_2DS_6E24A6653","GRMZM2G093276","Glyma.13G004400,Glyma.20G063100","","Sobic.002G083200,Sobic.007G064900,Sobic.009G170500","Seita.2G090600,Seita.3G208100,Seita.7G190900","Sevir.3G213300,Sevir.3G213400,Sevir.7G203200","GSVIVG01015884001"
"M.truncatula","Medtr3g082050",NA,"Mn",NA,NA,NA,NA,"Inferred","AT3G12750","AT3G12750","LOC_Os07g12890","Traes_2AL_BE05B34FF,Traes_2BL_A1BCBD2BE,Traes_2BS_9D8F265EC,Traes_2DL_D0582A4B1,Traes_2DS_6E24A6653","GRMZM2G093276","Glyma.13G004400,Glyma.20G063100","","Sobic.002G083200,Sobic.007G064900,Sobic.009G170500","Seita.2G090600,Seita.3G208100,Seita.7G190900","Sevir.3G213300,Sevir.3G213400,Sevir.7G203200","GSVIVG01015884001"
"M.truncatula","Medtr2g105640",NA,"Mn,Fe,K,P",NA,NA,NA,NA,"Inferred","AT3G13320","AT1G55720,AT1G55730,AT3G13320","LOC_Os03g27960","Traes_4BS_0F601AE0D,Traes_4DL_4DD8BAC21","GRMZM2G046480,GRMZM2G053004","Glyma.13G372100,Glyma.15G001600","Potri.010G249200","Sobic.001G346500,Sobic.006G245100","Seita.9G374300","Sevir.9G379800","GSVIVG01016118001"
"M.truncatula","Medtr7g117550",NA,"S",NA,NA,NA,NA,"Inferred","AT3G14280","AT3G14280","LOC_Os02g54180,LOC_Os06g09350","","","Glyma.03G263400,Glyma.19G262400","Potri.001G163100,Potri.003G072400","","","","GSVIVG01016673001"
"M.truncatula","Medtr8g023100",NA,"S",NA,NA,NA,NA,"Inferred","AT3G14280","AT3G14280","LOC_Os02g54180,LOC_Os06g09350","","","Glyma.07G045700,Glyma.16G013600","Potri.001G163100,Potri.003G072400","","","","GSVIVG01016673001"
"M.truncatula","Medtr2g079490",NA,"Na,Fe,Zn,Mn,Mo",NA,NA,NA,NA,"Inferred","AT3G15380","AT3G15380","LOC_Os04g58470,LOC_Os04g58504","Traes_2AL_533B673F0,Traes_2BL_3DDB1826B,Traes_2DL_DCE370754,Traes_7BL_3902E0349,Traes_7DL_6F84F387C","GRMZM2G051917,GRMZM2G125768","Glyma.12G223200,Glyma.13G278300","Potri.011G121100","Sobic.006G270400,Sobic.007G000700","Seita.3G012800,Seita.6G001600","Sevir.3G014100,Sevir.6G001500",""
"M.truncatula","Medtr8g059125",NA,"Na,Fe,Zn,Mn,Mo",NA,NA,NA,NA,"Inferred","AT3G15380","AT3G15380","LOC_Os04g58470,LOC_Os04g58504","Traes_2AL_533B673F0,Traes_2BL_3DDB1826B,Traes_2DL_DCE370754,Traes_7BL_3902E0349,Traes_7DL_6F84F387C","GRMZM2G051917,GRMZM2G125768","Glyma.06G246600,Glyma.12G150800","Potri.011G121100","Sobic.006G270400,Sobic.007G000700","Seita.3G012800,Seita.6G001600","Sevir.3G014100,Sevir.6G001500","GSVIVG01014366001"
"M.truncatula","Medtr6g083900",NA,"Fe,Zn,Mn",NA,NA,NA,NA,"Inferred","AT3G18290","AT3G18290","LOC_Os01g49470","Traes_1DL_94289C61D,Traes_3AL_667B9174E,Traes_3B_38BD6A407,Traes_3DL_7AF5E2768","GRMZM2G175661,GRMZM2G312712","Glyma.07G093700,Glyma.09G182600","Potri.012G055100","Sobic.003G262200,Sobic.009G222200","Seita.3G156900,Seita.5G276900","Sevir.3G159900,Sevir.5G279700","GSVIVG01008317001"
"M.truncatula","Medtr8g104410",NA,"Fe,Zn,Mn",NA,NA,NA,NA,"Inferred","AT3G18290","AT3G18290","LOC_Os01g49470","Traes_1DL_94289C61D,Traes_3AL_667B9174E,Traes_3B_38BD6A407,Traes_3DL_7AF5E2768","GRMZM2G175661,GRMZM2G312712","Glyma.05G237500,Glyma.08G044700","Potri.012G055100","Sobic.003G262200,Sobic.009G222200","Seita.3G156900,Seita.5G276900","Sevir.3G159900,Sevir.5G279700","GSVIVG01008317001"
"M.truncatula","Medtr1g102550",NA,"S",NA,NA,NA,NA,"Inferred","AT3G22890","AT3G22890,AT4G14680","LOC_Os03g53230","Traes_5AL_66D8F6463,Traes_5BL_5CED2C911,Traes_5DL_BCEFD69DA","GRMZM2G051270,GRMZM2G149952","Glyma.10G242600,Glyma.20G151500","Potri.008G159000,Potri.010G081200","Sobic.001G094300","Seita.9G096900","Sevir.9G095300","GSVIVG01018057001"
"M.truncatula","Medtr1g043430",NA,"Fe",NA,NA,NA,NA,"Inferred","AT3G23210,AT4G14410","AT3G23210,AT4G14410","","","","Glyma.10G007300,Glyma.20G088600","Potri.008G165700,Potri.010G072900","","","","GSVIVG01027766001"
"M.truncatula","Medtr1g041695",NA,"P",NA,NA,NA,NA,"Inferred","AT3G23430,LOC_Os02g56510","AT3G23430","LOC_Os02g56510","Traes_6AL_B66F0AE63,Traes_6BL_0325BEAA4,Traes_6BL_6D7561359,Traes_6BL_CB0A10DC9,Traes_6DL_C4DC2B23A","GRMZM2G466545","Glyma.02G003700,Glyma.10G004800","Potri.008G169400,Potri.010G069000","Sobic.004G339800","Seita.1G360400","Sevir.1G367100","GSVIVG01027857001"
"M.truncatula","Medtr1g075640",NA,"P",NA,NA,NA,NA,"Inferred","AT3G23430,LOC_Os02g56510","AT3G23430","LOC_Os02g56510","Traes_6AL_B66F0AE63,Traes_6BL_0325BEAA4,Traes_6BL_6D7561359,Traes_6BL_CB0A10DC9,Traes_6DL_C4DC2B23A","GRMZM2G466545","Glyma.10G183300,Glyma.20G206900","Potri.008G169400,Potri.010G069000","Sobic.004G339800","Seita.1G360400","Sevir.1G367100","GSVIVG01027857001"
"M.truncatula","Medtr4g108360",NA,"Fe,Zn,Mn,Co",NA,NA,NA,NA,"Inferred","AT3G47640","AT3G47640","LOC_Os03g26210,LOC_Os07g43530","Traes_2AS_9AEA9BDEA,Traes_2AS_C4568AE60,Traes_2BS_8A40B568C,Traes_2DS_1FE8E9DE9,Traes_2DS_FE62DB7F5","GRMZM2G017145,GRMZM2G350312","Glyma.05G027600,Glyma.17G098900","Potri.003G074400,Potri.015G142700","Sobic.001G355600,Sobic.002G385300","Seita.2G400400,Seita.9G384500","Sevir.2G412100,Sevir.9G389000","GSVIVG01011386001"
"M.truncatula","Medtr4g107500",NA,"Na",NA,NA,NA,NA,"Inferred","AT3G47950","AT3G47950,AT5G62670","LOC_Os03g48310,LOC_Os12g44150","Traes_4DS_2EEB4E70B,Traes_5AS_FDCDBC783,Traes_5BS_7DDBE5B89,Traes_5DS_DECAA37DD","GRMZM2G035520,GRMZM2G068259,GRMZM2G104325","Glyma.04G174800,Glyma.05G030700,Glyma.06G189900,Glyma.17G096100","Potri.012G071600,Potri.015G066000","Sobic.001G132400,Sobic.008G190500","Seita.2G068600,Seita.3G406700,Seita.9G134900","Sevir.2G071500,Sevir.3G424800,Sevir.9G133800","GSVIVG01008074001"
"M.truncatula","Medtr4g016720",NA,"P,K",NA,NA,NA,NA,"Inferred","AT3G51860","AT2G38170,AT3G51860","LOC_Os01g37690,LOC_Os05g51610","Traes_2AL_26065F906,Traes_2BL_445F5B3B7,Traes_2DL_2A2F4F62B","GRMZM5G809587","Glyma.01G122800,Glyma.03G058300,Glyma.03G058500","Potri.006G099900,Potri.016G115500","Sobic.009G257800","Seita.3G120500,Seita.5G194500","Sevir.3G122500,Sevir.5G196600","GSVIVG01033962001"
"M.truncatula","Medtr7g068380",NA,"P,K",NA,NA,NA,NA,"Inferred","AT3G51860","AT2G38170,AT3G51860","LOC_Os01g37690,LOC_Os05g51610","Traes_2AL_26065F906,Traes_2BL_445F5B3B7,Traes_2DL_2A2F4F62B","GRMZM5G809587","Glyma.07G149600,Glyma.18G200500","Potri.006G099900,Potri.016G115500","","","","GSVIVG01033962001"
"M.truncatula","Medtr1g071530",NA,"S",NA,NA,NA,NA,"Inferred","AT3G51895","AT3G51895","LOC_Os03g06520","Traes_4AS_68B3D79A1,Traes_4BL_0C898C5C8,Traes_4DL_ECEE169A7","GRMZM2G154211","Glyma.02G145100,Glyma.10G028900","Potri.002G049500,Potri.005G213500","Sobic.001G496800","Seita.9G532700","Sevir.9G537000","GSVIVG01001196001,GSVIVG01001198001"
"M.truncatula","Medtr7g095430",NA,"S",NA,NA,NA,NA,"Inferred","AT3G51895","AT3G51895","LOC_Os03g06520","Traes_4AS_68B3D79A1,Traes_4BL_0C898C5C8,Traes_4DL_ECEE169A7","GRMZM2G154211","Glyma.03G156700,Glyma.19G159000","Potri.002G049500,Potri.005G213500","Sobic.001G496800","Seita.9G532700","Sevir.9G537000","GSVIVG01001196001,GSVIVG01001198001"
"M.truncatula","Medtr1g048710",NA,"Fe",NA,NA,NA,NA,"Inferred","AT3G56970,AT3G56980","AT2G41240,AT3G56970,AT3G56980","LOC_Os01g72370","Traes_2AL_ACBAA6A31,Traes_2BL_00608F8D6,Traes_2DL_865346DA2,Traes_3AL_B0A5AA3FD,Traes_3AL_F577372C1,Traes_3B_089C0C2EB,Traes_3B_FAAFF83D5,Traes_3DL_886A895A4,Traes_3DL_C73683B71,Traes_7AL_AF1593775","AC193786.3_FG005,GRMZM2G057413","","Potri.006G037200,Potri.006G037600,Potri.016G037300","Sobic.003G428800","Seita.5G455700,Seita.9G469400","Sevir.5G462400,Sevir.9G473100","GSVIVG01033618001,GSVIVG01027323001"
"M.truncatula","Medtr1g048720",NA,"Fe",NA,NA,NA,NA,"Inferred","AT3G56970,AT3G56980","AT2G41240,AT3G56970,AT3G56980","LOC_Os01g72370","Traes_2AL_ACBAA6A31,Traes_2BL_00608F8D6,Traes_2DL_865346DA2,Traes_3AL_B0A5AA3FD,Traes_3AL_F577372C1,Traes_3B_089C0C2EB,Traes_3B_FAAFF83D5,Traes_3DL_886A895A4,Traes_3DL_C73683B71,Traes_7AL_AF1593775","AC193786.3_FG005,GRMZM2G057413","","Potri.006G037200,Potri.006G037600,Potri.016G037300","Sobic.003G428800","Seita.5G455700,Seita.9G469400","Sevir.5G462400,Sevir.9G473100","GSVIVG01033618001,GSVIVG01027323001"
"M.truncatula","Medtr1g048750",NA,"Fe",NA,NA,NA,NA,"Inferred","AT3G56970,AT3G56980","AT2G41240,AT3G56970,AT3G56980","LOC_Os01g72370","Traes_2AL_ACBAA6A31,Traes_2BL_00608F8D6,Traes_2DL_865346DA2,Traes_3AL_B0A5AA3FD,Traes_3AL_F577372C1,Traes_3B_089C0C2EB,Traes_3B_FAAFF83D5,Traes_3DL_886A895A4,Traes_3DL_C73683B71,Traes_7AL_AF1593775","AC193786.3_FG005,GRMZM2G057413","","Potri.006G037200,Potri.006G037600,Potri.016G037300","Sobic.003G428800","Seita.5G455700,Seita.9G469400","Sevir.5G462400,Sevir.9G473100","GSVIVG01033618001,GSVIVG01027323001"
"M.truncatula","Medtr7g090410",NA,"Fe",NA,NA,NA,NA,"Inferred","AT3G56970,AT3G56980","AT2G41240,AT3G56970,AT3G56980","LOC_Os01g72370","Traes_2AL_ACBAA6A31,Traes_2BL_00608F8D6,Traes_2DL_865346DA2,Traes_3AL_B0A5AA3FD,Traes_3AL_F577372C1,Traes_3B_089C0C2EB,Traes_3B_FAAFF83D5,Traes_3DL_886A895A4,Traes_3DL_C73683B71,Traes_7AL_AF1593775","AC193786.3_FG005,GRMZM2G057413","Glyma.03G130400,Glyma.03G130600,Glyma.19G132500","Potri.006G037200,Potri.006G037600,Potri.016G037300","Sobic.003G428800","Seita.5G455700,Seita.9G469400","Sevir.5G462400,Sevir.9G473100",""
"M.truncatula","Medtr3g062610",NA,"Mn",NA,NA,NA,NA,"Inferred","AT3G58060,LOC_Os03g12530","AT3G58060","LOC_Os03g12530","Traes_4AS_B5D20D324,Traes_4BL_E65703779,Traes_4DL_84BDB65D9","GRMZM2G118497","Glyma.03G146700","Potri.001G010000,Potri.001G010100,Potri.001G010200","Sobic.001G445000","Seita.9G478600","Sevir.9G482200","GSVIVG01025383001"
"M.truncatula","Medtr5g075680",NA,"Mn",NA,NA,NA,NA,"Inferred","AT3G58060,LOC_Os03g12530","AT3G58060","LOC_Os03g12530","Traes_4AS_B5D20D324,Traes_4BL_E65703779,Traes_4DL_84BDB65D9","GRMZM2G118497","Glyma.14G206600","","Sobic.001G445000","Seita.9G478600","Sevir.9G482200",""
"M.truncatula","Medtr8g088670",NA,"Mg",NA,NA,NA,NA,"Inferred","AT3G58970","AT3G58970","LOC_Os10g39790","Traes_1AL_B39515B38,Traes_1DL_CDEA09786","GRMZM2G145794,GRMZM2G453832","Glyma.05G168200,Glyma.08G126600","Potri.006G081700","Sobic.001G309400","Seita.9G337700","Sevir.9G341300","GSVIVG01022826001"
"M.truncatula","Medtr7g011663",NA,"Fe",NA,NA,NA,NA,"Inferred","AT4G02780","AT4G02780","LOC_Os02g17780","Traes_1BS_8A9B3CE82,Traes_1DS_CD37D3A95,Traes_7AL_151CAA335,Traes_7DL_02E7F7D6A,Traes_7DL_211D5CA44","GRMZM2G044481,GRMZM2G081554","Glyma.03G154700,Glyma.19G157000","Potri.002G052100,Potri.005G210300","Sobic.001G248600","Seita.9G262400,Seita.9G351400","Sevir.9G265300,Sevir.9G357500","GSVIVG01001155001,GSVIVG01001153001"
"M.truncatula","Medtr7g011770",NA,"Fe",NA,NA,NA,NA,"Inferred","AT4G02780","AT4G02780","LOC_Os02g17780","Traes_1BS_8A9B3CE82,Traes_1DS_CD37D3A95,Traes_7AL_151CAA335,Traes_7DL_02E7F7D6A,Traes_7DL_211D5CA44","GRMZM2G044481,GRMZM2G081554","","Potri.002G052100,Potri.005G210300","Sobic.001G248600","Seita.9G262400,Seita.9G351400","Sevir.9G265300,Sevir.9G357500","GSVIVG01001155001,GSVIVG01001153001"
"M.truncatula","Medtr6g092820",NA,"Na",NA,NA,NA,NA,"Inferred","AT4G10310,GRMZM2G047616","AT4G10310","LOC_Os02g07830","Traes_6DS_FC4429EB8","GRMZM2G047616","","Potri.018G132200","Sobic.004G059800","Seita.1G068700","Sevir.1G067600","GSVIVG01010922001,GSVIVG01010919001,GSVIVG01010921001"
"M.truncatula","Medtr6g092840",NA,"Na",NA,NA,NA,NA,"Inferred","AT4G10310,GRMZM2G047616","AT4G10310","LOC_Os02g07830","Traes_6DS_FC4429EB8","GRMZM2G047616","","Potri.018G132200","Sobic.004G059800","Seita.1G068700","Sevir.1G067600","GSVIVG01010922001,GSVIVG01010919001,GSVIVG01010921001"
"M.truncatula","Medtr6g092940",NA,"Na",NA,NA,NA,NA,"Inferred","AT4G10310,GRMZM2G047616","AT4G10310","LOC_Os02g07830","Traes_6DS_FC4429EB8","GRMZM2G047616","","Potri.018G132200","Sobic.004G059800","Seita.1G068700","Sevir.1G067600","GSVIVG01010922001,GSVIVG01010919001,GSVIVG01010921001"
"M.truncatula","Medtr1g097840",NA,"B",NA,NA,NA,NA,"Inferred","AT4G10380,GRMZM2G176209","AT4G10380","LOC_Os10g36924","Traes_1AL_0912DED70,Traes_1BL_CC64CA41E","GRMZM2G176209","Glyma.10G221100","Potri.001G455000,Potri.011G146900","Sobic.001G195800","Seita.9G193500","Sevir.9G193400","GSVIVG01019729001"
"M.truncatula","Medtr4g099260",NA,"Rb,Cs,K",NA,NA,NA,NA,"Inferred","AT4G13420,GRMZM2G084779","AT4G13420","LOC_Os01g70490","Traes_2BL_D0C7517E1,Traes_2BL_E48A792E2,Traes_2DL_74E015594,Traes_2DL_FFB3FD2B3,Traes_4AL_FF208A87A,Traes_4BL_7FE25C6A2,Traes_4DL_496B8485B,Traes_6AS_1B62A022B,Traes_6AS_5F8725CDA","GRMZM2G084779","Glyma.19G263100","Potri.001G045200,Potri.001G069600,Potri.T134000","Sobic.003G413600,Sobic.003G413700","Seita.5G439500","Sevir.5G446100","GSVIVG01011951001"
"M.truncatula","Medtr8g022130",NA,"Rb,Cs,K",NA,NA,NA,NA,"Inferred","AT4G13420,GRMZM2G084779","AT4G13420","LOC_Os01g70490","Traes_3AL_6B9D38F0F,Traes_3AL_9E0B84E84,Traes_3B_75C958395,Traes_3B_FF56F227D,Traes_3DL_598708C12,Traes_3DL_E912993A9","GRMZM2G084779","","","Sobic.003G413600,Sobic.003G413700","Seita.5G439500","Sevir.5G446100",""
"M.truncatula","Medtr8g088200",NA,"Rb,Cs,K",NA,NA,NA,NA,"Inferred","AT4G13420,GRMZM2G084779","AT4G13420","LOC_Os01g70490","Traes_2BL_D0C7517E1,Traes_2BL_E48A792E2,Traes_2DL_74E015594,Traes_2DL_FFB3FD2B3,Traes_4AL_FF208A87A,Traes_4BL_7FE25C6A2,Traes_4DL_496B8485B,Traes_6AS_1B62A022B,Traes_6AS_5F8725CDA","GRMZM2G084779","","","Sobic.003G413600,Sobic.003G413700","Seita.5G439500","Sevir.5G446100","GSVIVG01011951001"
"M.truncatula","Medtr4g133968",NA,"Fe,Cd",NA,NA,NA,NA,"Inferred","AT4G16370","AT4G16370","LOC_Os03g54000","Traes_5BL_1FB170E61","GRMZM2G421491","Glyma.07G267800,Glyma.17G006100","Potri.006G006000,Potri.016G006500","Sobic.001G087700","Seita.9G090100","Sevir.9G088600","GSVIVG01005133001"
"M.truncatula","Medtr2g017570",NA,"Al,As",NA,NA,NA,NA,"Inferred","AT4G18910,LOC_Os02g13870","AT4G18910,AT4G19030","LOC_Os02g13870,LOC_Os05g11560","Traes_5BL_1C01FBFC1,Traes_7DS_A92314B8C","GRMZM2G041980,GRMZM2G126582","Glyma.13G224900,Glyma.15G087300","Potri.004G063000,Potri.011G072100","Sobic.003G026400,Sobic.004G102200,Sobic.009G075900","Seita.1G025100,Seita.3G073300","Sevir.1G025500,Sevir.3G074900","GSVIVG01021274001"
"M.truncatula","Medtr2g017590",NA,"Al,As",NA,NA,NA,NA,"Inferred","AT4G18910,LOC_Os02g13870","AT4G18910,AT4G19030","LOC_Os02g13870,LOC_Os05g11560","Traes_5BL_1C01FBFC1,Traes_7DS_A92314B8C","GRMZM2G041980,GRMZM2G126582","","Potri.004G063000,Potri.011G072100","Sobic.003G026400,Sobic.004G102200,Sobic.009G075900","Seita.1G025100,Seita.3G073300","Sevir.1G025500,Sevir.3G074900","GSVIVG01021274001"
"M.truncatula","Medtr2g017610",NA,"Al,As",NA,NA,NA,NA,"Inferred","AT4G18910,LOC_Os02g13870","AT4G18910,AT4G19030","LOC_Os02g13870,LOC_Os05g11560","Traes_5BL_1C01FBFC1,Traes_7DS_A92314B8C","GRMZM2G041980,GRMZM2G126582","Glyma.13G224900,Glyma.15G087300","Potri.004G063000,Potri.011G072100","Sobic.003G026400,Sobic.004G102200,Sobic.009G075900","Seita.1G025100,Seita.3G073300","Sevir.1G025500,Sevir.3G074900","GSVIVG01021274001"
"M.truncatula","Medtr2g017620",NA,"Al,As",NA,NA,NA,NA,"Inferred","AT4G18910,LOC_Os02g13870","AT4G18910,AT4G19030","LOC_Os02g13870,LOC_Os05g11560","","","","","Sobic.003G026400,Sobic.004G102200,Sobic.009G075900","Seita.1G025100,Seita.3G073300","Sevir.1G025500,Sevir.3G074900",""
"M.truncatula","Medtr8g087710",NA,"Al,As",NA,NA,NA,NA,"Inferred","AT4G18910,LOC_Os02g13870","AT4G18910,AT4G19030","LOC_Os02g13870,LOC_Os05g11560","Traes_5BL_1C01FBFC1,Traes_7DS_A92314B8C","GRMZM2G041980,GRMZM2G126582","Glyma.05G162500,Glyma.08G120100","Potri.004G063000,Potri.011G072100","Sobic.003G026400,Sobic.004G102200,Sobic.009G075900","Seita.1G025100,Seita.3G073300","Sevir.1G025500,Sevir.3G074900","GSVIVG01021274001"
"M.truncatula","Medtr8g087720",NA,"Al,As",NA,NA,NA,NA,"Inferred","AT4G18910,LOC_Os02g13870","AT4G18910,AT4G19030","LOC_Os02g13870,LOC_Os05g11560","Traes_5BL_1C01FBFC1,Traes_7DS_A92314B8C","GRMZM2G041980,GRMZM2G126582","Glyma.05G162600,Glyma.08G120200","Potri.004G063000,Potri.011G072100","Sobic.003G026400,Sobic.004G102200,Sobic.009G075900","Seita.1G025100,Seita.3G073300","Sevir.1G025500,Sevir.3G074900","GSVIVG01021274001"
"M.truncatula","Medtr8g098350",NA,"Cd,As",NA,NA,NA,NA,"Inferred","AT4G23100","AT4G23100","LOC_Os05g03820,LOC_Os07g27790","Traes_1BS_D3FD8CC9D,Traes_1DS_EFDF9CB72","GRMZM2G020096,GRMZM2G111579","Glyma.05G207600,Glyma.08G014300","Potri.001G104500,Potri.003G126900","Sobic.009G029600","Seita.3G050000","Sevir.3G050100","GSVIVG01019757001"
"M.truncatula","Medtr1g077840",NA,"Fe,Zn,Cu",NA,NA,NA,NA,"Inferred","AT4G24120","AT4G24120","","","","Glyma.10G172900,Glyma.20G217400","Potri.001G082400,Potri.001G084400","","","",""
"M.truncatula","Medtr7g098250",NA,"P",NA,NA,NA,NA,"Inferred","AT4G28610,Traes_4AS_7220D33B3","AT4G28610","LOC_Os07g25710","Traes_4AS_7220D33B3,Traes_4DL_2C27C34AF","GRMZM2G162409","Glyma.03G166400,Glyma.19G167500","Potri.002G257800","Sobic.002G121600","Seita.2G118400","Sevir.2G125000","GSVIVG01028403001"
"M.truncatula","Medtr8g016170",NA,"K",NA,NA,NA,NA,"Inferred","AT4G33000","AT4G33000","LOC_Os01g39770,LOC_Os01g51420","Traes_3AL_8456B7FB8,Traes_3B_29245B340,Traes_3B_29245B3401,Traes_3B_A9E5C3905","","Glyma.07G010800,Glyma.08G194000","Potri.003G035400,Potri.003G037800,Potri.006G230200","","Seita.5G259100","",""
"M.truncatula","Medtr4g094985",NA,"Zn",NA,NA,NA,NA,"Inferred","AT4G37270","AT4G37270","LOC_Os06g47550","Traes_7AL_84D5BAE85,Traes_7BL_041308E74,Traes_7DL_271C7BED5","GRMZM2G067853","Glyma.05G098800,Glyma.17G166800","Potri.007G049000","Sobic.010G240500","Seita.4G253000,Seita.9G039700","Sevir.4G265200","GSVIVG01000217001"
"M.truncatula","Medtr1g067560",NA,"Na,K,Rb",NA,NA,NA,NA,"Inferred","AT5G02600","AT5G02600","LOC_Os01g74490","Traes_5BL_019DF83AE,Traes_5DL_B0059747E","GRMZM2G096008","Glyma.10G045700,Glyma.13G133600","","Sobic.003G167500","Seita.9G034900","","GSVIVG01025598001"
"M.truncatula","Medtr7g102310",NA,"As,P",NA,NA,NA,NA,"Inferred","AT5G03455","AT5G03455","LOC_Os03g01770","Traes_1DL_74A35C8D0","GRMZM2G011520","Glyma.19G185200","Potri.006G122700","Sobic.001G308800,Sobic.001G538600","Seita.5G006400,Seita.8G097500,Seita.9G337000,Seita.9G574100","Sevir.6G149500,Sevir.9G340600,Sevir.9G577800","GSVIVG01033661001"
"M.truncatula","Medtr3g010820",NA,"Zn,Fe",NA,NA,NA,NA,"Inferred","AT5G13740,LOC_Os12g03899","AT5G13740,AT5G13750","LOC_Os11g04020,LOC_Os11g04030,LOC_Os11g04104,LOC_Os12g03860,LOC_Os12g03899","Traes_4AL_65E56F6F9,Traes_4AL_91C75CD5F,Traes_4BS_1DCF82CB7,Traes_4BS_95007B0FF,Traes_4BS_F1DDB0C41,Traes_4DL_380EE71BD,Traes_4DS_BB4FCE298,Traes_4DS_E99B50387,Traes_4DS_E99B503871,Traes_5AL_9AA8A9036","GRMZM2G115658,GRMZM2G141081,GRMZM2G336448,GRMZM5G877788","","Potri.006G026200,Potri.008G010600,Potri.016G024400","Sobic.005G024700,Sobic.005G024800,Sobic.005G024900,Sobic.005G097900,Sobic.008G015700,Sobic.008G015800,Sobic.008G084800","Seita.3G089200,Seita.7G312000,Seita.7G312300,Seita.7G312500,Seita.8G020600,Seita.8G020800,Seita.8G070700","Sevir.3G091300,Sevir.7G322400,Sevir.8G023200,Sevir.8G023400,Sevir.8G071400","GSVIVG01027391001,GSVIVG01027385001,GSVIVG01025827001,GSVIVG01027394001"
"M.truncatula","Medtr3g010850",NA,"Zn,Fe",NA,NA,NA,NA,"Inferred","AT5G13740,LOC_Os12g03899","AT5G13740,AT5G13750","LOC_Os11g04020,LOC_Os11g04030,LOC_Os11g04104,LOC_Os12g03860,LOC_Os12g03899","Traes_4AL_65E56F6F9,Traes_4AL_91C75CD5F,Traes_4BS_1DCF82CB7,Traes_4BS_95007B0FF,Traes_4BS_F1DDB0C41,Traes_4DL_380EE71BD,Traes_4DS_BB4FCE298,Traes_4DS_E99B50387,Traes_4DS_E99B503871,Traes_5AL_9AA8A9036","GRMZM2G115658,GRMZM2G141081,GRMZM2G336448,GRMZM5G877788","","Potri.006G026200,Potri.008G010600,Potri.016G024400","Sobic.005G024700,Sobic.005G024800,Sobic.005G024900,Sobic.005G097900,Sobic.008G015700,Sobic.008G015800,Sobic.008G084800","Seita.3G089200,Seita.7G312000,Seita.7G312300,Seita.7G312500,Seita.8G020600,Seita.8G020800,Seita.8G070700","Sevir.3G091300,Sevir.7G322400,Sevir.8G023200,Sevir.8G023400,Sevir.8G071400","GSVIVG01027391001,GSVIVG01027385001,GSVIVG01025827001,GSVIVG01027394001"
"M.truncatula","Medtr3g086440",NA,"Zn,Fe",NA,NA,NA,NA,"Inferred","AT5G13740,LOC_Os12g03899","AT5G13740,AT5G13750","LOC_Os11g04020,LOC_Os11g04030,LOC_Os11g04104,LOC_Os12g03860,LOC_Os12g03899","Traes_4AL_65E56F6F9,Traes_4AL_91C75CD5F,Traes_4BS_1DCF82CB7,Traes_4BS_95007B0FF,Traes_4BS_F1DDB0C41,Traes_4DL_380EE71BD,Traes_4DS_BB4FCE298,Traes_4DS_E99B50387,Traes_4DS_E99B503871,Traes_5AL_9AA8A9036","GRMZM2G115658,GRMZM2G141081,GRMZM2G336448,GRMZM5G877788","Glyma.04G124800,Glyma.06G313600,Glyma.06G313700","Potri.006G026200,Potri.008G010600,Potri.016G024400","Sobic.005G024700,Sobic.005G024800,Sobic.005G024900,Sobic.005G097900,Sobic.008G015700,Sobic.008G015800,Sobic.008G084800","Seita.3G089200,Seita.7G312000,Seita.7G312300,Seita.7G312500,Seita.8G020600,Seita.8G020800,Seita.8G070700","Sevir.3G091300,Sevir.7G322400,Sevir.8G023200,Sevir.8G023400,Sevir.8G071400","GSVIVG01027391001,GSVIVG01027385001,GSVIVG01025827001,GSVIVG01027394001"
"M.truncatula","Medtr8g042770",NA,"Zn,Fe",NA,NA,NA,NA,"Inferred","AT5G13740,LOC_Os12g03899","AT5G13740,AT5G13750","LOC_Os11g04020,LOC_Os11g04030,LOC_Os11g04104,LOC_Os12g03860,LOC_Os12g03899","Traes_4AL_65E56F6F9,Traes_4AL_91C75CD5F,Traes_4BS_1DCF82CB7,Traes_4BS_95007B0FF,Traes_4BS_F1DDB0C41,Traes_4DL_380EE71BD,Traes_4DS_BB4FCE298,Traes_4DS_E99B50387,Traes_4DS_E99B503871,Traes_5AL_9AA8A9036","GRMZM2G115658,GRMZM2G141081,GRMZM2G336448,GRMZM5G877788","Glyma.13G186400,Glyma.13G186500,Glyma.13G186600,Glyma.13G186700,Glyma.15G224200","Potri.006G026200,Potri.008G010600,Potri.016G024400","Sobic.005G024700,Sobic.005G024800,Sobic.005G024900,Sobic.005G097900,Sobic.008G015700,Sobic.008G015800,Sobic.008G084800","Seita.3G089200,Seita.7G312000,Seita.7G312300,Seita.7G312500,Seita.8G020600,Seita.8G020800,Seita.8G070700","Sevir.3G091300,Sevir.7G322400,Sevir.8G023200,Sevir.8G023400,Sevir.8G071400","GSVIVG01027391001,GSVIVG01027385001,GSVIVG01025827001,GSVIVG01027394001"
"M.truncatula","Medtr8g042780",NA,"Zn,Fe",NA,NA,NA,NA,"Inferred","AT5G13740,LOC_Os12g03899","AT5G13740,AT5G13750","LOC_Os11g04020,LOC_Os11g04030,LOC_Os11g04104,LOC_Os12g03860,LOC_Os12g03899","Traes_4AL_65E56F6F9,Traes_4AL_91C75CD5F,Traes_4BS_1DCF82CB7,Traes_4BS_95007B0FF,Traes_4BS_F1DDB0C41,Traes_4DL_380EE71BD,Traes_4DS_BB4FCE298,Traes_4DS_E99B50387,Traes_4DS_E99B503871,Traes_5AL_9AA8A9036","GRMZM2G115658,GRMZM2G141081,GRMZM2G336448,GRMZM5G877788","Glyma.13G186400,Glyma.13G186500,Glyma.13G186600,Glyma.13G186700,Glyma.15G224200","Potri.006G026200,Potri.008G010600,Potri.016G024400","Sobic.005G024700,Sobic.005G024800,Sobic.005G024900,Sobic.005G097900,Sobic.008G015700,Sobic.008G015800,Sobic.008G084800","Seita.3G089200,Seita.7G312000,Seita.7G312300,Seita.7G312500,Seita.8G020600,Seita.8G020800,Seita.8G070700","Sevir.3G091300,Sevir.7G322400,Sevir.8G023200,Sevir.8G023400,Sevir.8G071400","GSVIVG01027391001,GSVIVG01027385001,GSVIVG01025827001,GSVIVG01027394001"
"M.truncatula","Medtr8g042870",NA,"Zn,Fe",NA,NA,NA,NA,"Inferred","AT5G13740,LOC_Os12g03899","AT5G13740,AT5G13750","LOC_Os11g04020,LOC_Os11g04030,LOC_Os11g04104,LOC_Os12g03860,LOC_Os12g03899","Traes_4AL_65E56F6F9,Traes_4AL_91C75CD5F,Traes_4BS_1DCF82CB7,Traes_4BS_95007B0FF,Traes_4BS_F1DDB0C41,Traes_4DL_380EE71BD,Traes_4DS_BB4FCE298,Traes_4DS_E99B50387,Traes_4DS_E99B503871,Traes_5AL_9AA8A9036","GRMZM2G115658,GRMZM2G141081,GRMZM2G336448,GRMZM5G877788","Glyma.13G186400,Glyma.13G186500,Glyma.13G186600,Glyma.13G186700,Glyma.15G224200","Potri.006G026200,Potri.008G010600,Potri.016G024400","Sobic.005G024700,Sobic.005G024800,Sobic.005G024900,Sobic.005G097900,Sobic.008G015700,Sobic.008G015800,Sobic.008G084800","Seita.3G089200,Seita.7G312000,Seita.7G312300,Seita.7G312500,Seita.8G020600,Seita.8G020800,Seita.8G070700","Sevir.3G091300,Sevir.7G322400,Sevir.8G023200,Sevir.8G023400,Sevir.8G071400","GSVIVG01027391001,GSVIVG01027385001,GSVIVG01025827001,GSVIVG01027394001"
"M.truncatula","Medtr8g062990",NA,"Zn,Fe",NA,NA,NA,NA,"Inferred","AT5G13740,LOC_Os12g03899","AT5G13740,AT5G13750","LOC_Os11g04020,LOC_Os11g04030,LOC_Os11g04104,LOC_Os12g03860,LOC_Os12g03899","Traes_4AL_65E56F6F9,Traes_4AL_91C75CD5F,Traes_4BS_1DCF82CB7,Traes_4BS_95007B0FF,Traes_4BS_F1DDB0C41,Traes_4DL_380EE71BD,Traes_4DS_BB4FCE298,Traes_4DS_E99B50387,Traes_4DS_E99B503871,Traes_5AL_9AA8A9036","GRMZM2G115658,GRMZM2G141081,GRMZM2G336448,GRMZM5G877788","","Potri.006G026200,Potri.008G010600,Potri.016G024400","Sobic.005G024700,Sobic.005G024800,Sobic.005G024900,Sobic.005G097900,Sobic.008G015700,Sobic.008G015800,Sobic.008G084800","Seita.3G089200,Seita.7G312000,Seita.7G312300,Seita.7G312500,Seita.8G020600,Seita.8G020800,Seita.8G070700","Sevir.3G091300,Sevir.7G322400,Sevir.8G023200,Sevir.8G023400,Sevir.8G071400","GSVIVG01027391001,GSVIVG01027385001,GSVIVG01025827001,GSVIVG01027394001"
"M.truncatula","Medtr7g012260",NA,"Ca,Mg",NA,NA,NA,NA,"Inferred","AT5G15410","AT5G15410","LOC_Os03g55100","Traes_5BL_F6419E9D0","GRMZM2G074317,GRMZM5G858887","Glyma.08G241600,Glyma.18G263900","Potri.017G089800","Sobic.001G083800","Seita.9G085500","Sevir.9G083800","GSVIVG01011487001"
"M.truncatula","Medtr5g076920",NA,"Fe,Mn,Zn",NA,NA,NA,NA,"Inferred","AT5G17290","AT5G17290","LOC_Os02g02570","Traes_6AS_71E2F7AA0,Traes_6AS_D63283162,Traes_6BS_0C41C87D1","GRMZM2G098420","Glyma.02G240700,Glyma.14G210200","Potri.017G139700","Sobic.004G013600","Seita.1G112300","Sevir.1G112000","GSVIVG01013049001"
"M.truncatula","Medtr2g020620",NA,"Cu",NA,NA,NA,NA,"Inferred","AT5G18830","AT5G18830","LOC_Os05g33810","Traes_1AL_C921492AA,Traes_1BL_8709BB152,Traes_1DL_93BCED372","GRMZM2G109354","Glyma.13G213400,Glyma.15G099400","Potri.008G197000,Potri.010G026200","Sobic.009G135000","Seita.3G246000","Sevir.3G251900","GSVIVG01017835001"
"M.truncatula","Medtr1g015000",NA,"Cu",NA,NA,NA,NA,"Inferred","AT5G20650","AT5G20650","","","","Glyma.14G107100,Glyma.17G219400","","Sobic.001G353200,Sobic.002G215800","Seita.2G218500","Sevir.2G228000","GSVIVG01015065001"
"M.truncatula","Medtr3g105330",NA,"Cu",NA,NA,NA,NA,"Inferred","AT5G20650","AT5G20650","LOC_Os09g26900","","GRMZM2G003179","Glyma.04G057000,Glyma.06G057400","Potri.006G219200","Sobic.001G353200,Sobic.002G215800","Seita.2G218500","Sevir.2G228000",""
"M.truncatula","Medtr4g114670",NA,"Na",NA,NA,NA,NA,"Inferred","AT5G35410","AT5G35410","LOC_Os06g40370","Traes_7BL_9A0422DEB,Traes_7DL_85630E21D","GRMZM2G137569,GRMZM2G171507","Glyma.13G166100,Glyma.17G113700","Potri.006G068400,Potri.018G130500","Sobic.010G186300","Seita.4G221700","Sevir.4G231900","GSVIVG01015549001"
"M.truncatula","Medtr6g034515",NA,"Fe",NA,NA,NA,NA,"Inferred","AT5G42130","AT5G42130","LOC_Os01g73420","Traes_5BL_70C638A13,Traes_5BL_70C638A131,Traes_5BL_70C638A132","GRMZM2G047457","Glyma.02G084300","Potri.005G189600","Sobic.003G439100","Seita.5G464300","Sevir.5G470600","GSVIVG01001666001"
"M.truncatula","Medtr1g043200",NA,"P,As",NA,NA,NA,NA,"Inferred","AT5G43350","AT5G43350,AT5G43360,AT5G43370","LOC_Os04g10690,LOC_Os04g10750,LOC_Os10g30790","","","","Potri.010G071600,Potri.010G071700,Potri.010G072000","","Seita.6G012100,Seita.7G032900,Seita.9G238300,Seita.9G538600","Sevir.7G019300,Sevir.9G238300,Sevir.9G542800,Sevir.9G542900,Sevir.9G553200",""
"M.truncatula","Medtr1g043220",NA,"P,As",NA,NA,NA,NA,"Inferred","AT5G43350","AT5G43350,AT5G43360,AT5G43370","LOC_Os04g10690,LOC_Os04g10750,LOC_Os10g30790","","","","Potri.010G071600,Potri.010G071700,Potri.010G072000","","Seita.6G012100,Seita.7G032900,Seita.9G238300,Seita.9G538600","Sevir.7G019300,Sevir.9G238300,Sevir.9G542800,Sevir.9G542900,Sevir.9G553200",""
"M.truncatula","Medtr1g043290",NA,"P,As",NA,NA,NA,NA,"Inferred","AT5G43350","AT5G43350,AT5G43360,AT5G43370","LOC_Os04g10690,LOC_Os04g10750,LOC_Os10g30790","","","","Potri.010G071600,Potri.010G071700,Potri.010G072000","","Seita.6G012100,Seita.7G032900,Seita.9G238300,Seita.9G538600","Sevir.7G019300,Sevir.9G238300,Sevir.9G542800,Sevir.9G542900,Sevir.9G553200",""
"M.truncatula","Medtr1g074930",NA,"P,As",NA,NA,NA,NA,"Inferred","AT5G43350","AT5G43350,AT5G43360,AT5G43370","LOC_Os04g10690,LOC_Os04g10750,LOC_Os10g30790","Traes_4BL_8A75B60E2","","Glyma.10G186500,Glyma.20G204000","Potri.010G071600,Potri.010G071700,Potri.010G072000","","Seita.6G012100,Seita.7G032900,Seita.9G238300,Seita.9G538600","Sevir.7G019300,Sevir.9G238300,Sevir.9G542800,Sevir.9G542900,Sevir.9G553200",""
"M.truncatula","Medtr7g097190",NA,"Zn,Cd,As",NA,NA,NA,NA,"Inferred","AT5G44070,LOC_Os06g01260","AT1G03980,AT5G44070","LOC_Os06g01260","Traes_4DL_A6F0CFF85,Traes_7AS_1E2FE9F98,Traes_7BS_9927262C2,Traes_7DS_E848BACC2","GRMZM2G091228","Glyma.03G165000,Glyma.19G166400","Potri.014G195800","Sobic.003G024200,Sobic.003G024300","Seita.5G146100,Seita.5G146200","Sevir.5G144600,Sevir.5G144700","GSVIVG01028369001"
"M.truncatula","Medtr3g091080",NA,"Pb",NA,NA,NA,NA,"Inferred","AT5G53130","AT5G53130","LOC_Os06g33570","Traes_7AL_73C8ED75D,Traes_7DL_EF8A95CB3","GRMZM2G148118","Glyma.04G237400,Glyma.06G126600","Potri.012G002200,Potri.015G019100","Sobic.004G113300,Sobic.004G113400,Sobic.010G153700","Seita.1G014200,Seita.4G168400","Sevir.1G014200,Sevir.4G136300","GSVIVG01028711001"
"M.truncatula","Medtr3g092090",NA,"Fe,Zn,Cu",NA,NA,NA,NA,"Inferred","AT5G53550,LOC_Os04g45860,LOC_Os04g45900","AT5G53550","LOC_Os04g45860,LOC_Os04g45900","Traes_2AL_2F91AF932,Traes_2AL_CFCA01C76,Traes_2BL_6C5206B6D,Traes_2DL_131222AE2","GRMZM2G026391,GRMZM2G051179","Glyma.04G231900,Glyma.06G133000","Potri.012G024700","Sobic.006G164200,Sobic.006G164300","Seita.7G185000","Sevir.7G195100","GSVIVG01038611001"
"M.truncatula","Medtr2g082640",NA,"Cd,Co,Fe,Mn,Zn",NA,NA,NA,NA,"Inferred","AT5G54680,LOC_Os08g04390","AT5G54680","LOC_Os07g35870,LOC_Os08g04390","Traes_2AS_FE9AC4EDD,Traes_2BS_7190FAD1A,Traes_2DS_B05DDA181","GRMZM2G058451","","Potri.001G416600,Potri.011G132400","Sobic.007G033800","Seita.2G342600","Sevir.2G352900",""
"M.truncatula","Medtr4g081370",NA,"Cd,Co,Fe,Mn,Zn",NA,NA,NA,NA,"Inferred","AT5G54680,LOC_Os08g04390","AT5G54680","LOC_Os07g35870,LOC_Os08g04390","Traes_2AS_FE9AC4EDD,Traes_2BS_7190FAD1A,Traes_2DS_B05DDA181","GRMZM2G017586,GRMZM2G069630,GRMZM2G093744","Glyma.06G266800,Glyma.12G136300","Potri.001G416600,Potri.011G132400","Sobic.007G033800","Seita.6G069500","Sevir.6G068300","GSVIVG01014589001"
"M.truncatula","Medtr3g049410",NA,"Cd",NA,NA,NA,NA,"Inferred","AT5G54810","AT4G27070,AT5G54810","LOC_Os08g04180","Traes_7AL_7C0CB1D06,Traes_7BL_28E519867,Traes_7DL_B73A0C80B","GRMZM2G005024,GRMZM2G169593","Glyma.08G312300,Glyma.18G102800","Potri.001G420300,Potri.011G136000","Sobic.007G032000","Seita.6G072900","Sevir.6G072000","GSVIVG01001997001"
"M.truncatula","Medtr4g128670",NA,"Li,B,Na,Mg,K,Ca,Mn,Fe,Co,Ni,Cu,Zn,Rb,Sr,Mo,Cd",NA,NA,NA,NA,"Inferred","AT5G57620","AT5G57620","LOC_Os08g15020","","GRMZM2G011422","Glyma.13G094400,Glyma.17G065800","Potri.006G170800,Potri.018G095900","Sobic.007G092300","Seita.6G097100","Sevir.6G105000","GSVIVG01029145001"
"M.truncatula","Medtr4g064963",NA,"Cu",NA,NA,NA,NA,"Inferred","AT5G59030","AT2G26975,AT3G46900,AT5G59030,AT5G59040","LOC_Os01g56420,LOC_Os01g56430,LOC_Os05g35050","Traes_3B_6A81EC186","GRMZM2G042412","Glyma.11G134700","Potri.001G246000,Potri.009G038700,Potri.009G038800","Sobic.003G310200","Seita.5G333000,Seita.5G333200","Sevir.5G337200,Sevir.5G337400","GSVIVG01024841001"
"M.truncatula","Medtr4g065123",NA,"Cu",NA,NA,NA,NA,"Inferred","AT5G59030","AT2G26975,AT3G46900,AT5G59030,AT5G59040","LOC_Os01g56420,LOC_Os01g56430,LOC_Os05g35050","Traes_3B_6A81EC186","GRMZM2G042412","","Potri.001G246000,Potri.009G038700,Potri.009G038800","Sobic.003G310200","Seita.5G333000,Seita.5G333200","Sevir.5G337200,Sevir.5G337400","GSVIVG01024841001"
"M.truncatula","Medtr4g065660",NA,"Cu",NA,NA,NA,NA,"Inferred","AT5G59030","AT2G26975,AT3G46900,AT5G59030,AT5G59040","LOC_Os01g56420,LOC_Os01g56430,LOC_Os05g35050","Traes_3B_6A81EC186","GRMZM2G042412","","Potri.001G246000,Potri.009G038700,Potri.009G038800","Sobic.003G310200","Seita.5G333000,Seita.5G333200","Sevir.5G337200,Sevir.5G337400","GSVIVG01024841001"
"M.truncatula","Medtr3g094760",NA,"K",NA,NA,NA,NA,"Inferred","AT5G64930","AT5G64930","LOC_Os01g68970,LOC_Os02g53070","Traes_3AL_2600CE5A9,Traes_3DL_738EEB08B,Traes_6AL_E7EC461BD,Traes_6BL_D2DF38E7B,Traes_6DL_E3552E85E","GRMZM2G032447,GRMZM2G158811","Glyma.06G145800","Potri.005G083600,Potri.007G082100","Sobic.003G402900,Sobic.004G312100","Seita.1G334300,Seita.5G428700","Sevir.1G340900,Sevir.5G434600","GSVIVG01022215001"
"M.truncatula","Medtr2g064405",NA,"Mn",NA,NA,NA,NA,"Inferred","LOC_Os01g03914","AT1G16310,AT1G79520","LOC_Os01g03914","Traes_3AS_4988A011D,Traes_3B_2BC989BE8","AC182482.3_FG003","Glyma.08G164800,Glyma.15G262300,Glyma.15G262400","Potri.010G172800,Potri.010G172900","Sobic.003G086300","Seita.5G088300","Sevir.5G086900","GSVIVG01026116001"
"M.truncatula","Medtr8g046550",NA,"Mn",NA,NA,NA,NA,"Inferred","LOC_Os01g03914","AT1G16310,AT1G79520","LOC_Os01g03914","Traes_3AS_4988A011D,Traes_3B_2BC989BE8","AC182482.3_FG003","Glyma.09G099500","Potri.010G172800,Potri.010G172900","Sobic.003G086300","Seita.5G088300","Sevir.5G086900","GSVIVG01026116001"
"M.truncatula","Medtr4g113530",NA,"K",NA,NA,NA,NA,"Inferred","LOC_Os01g45990","AT2G26650","LOC_Os01g45990","Traes_3AL_D426C4603,Traes_3B_1795B9E0B,Traes_3DL_8D6F782B1","GRMZM2G022915,GRMZM2G171279","Glyma.05G010600,Glyma.17G118300","Potri.006G154600,Potri.018G071400","Sobic.003G237900","Seita.5G244400","Sevir.5G252300","GSVIVG01015479001"
"M.truncatula","Medtr1g050385",NA,"Fe",NA,NA,NA,NA,"Inferred","LOC_Os01g64250","AT3G54290","LOC_Os01g64250","Traes_3AL_634A11206,Traes_3B_1943DBE89","AC232238.2_FG008,GRMZM2G141647","Glyma.10G111100","Potri.008G019700,Potri.010G239700","Sobic.003G364900","Seita.5G390600","Sevir.5G395800","GSVIVG01010724001"
"M.truncatula","Medtr1g111960",NA,"Fe",NA,NA,NA,NA,"Inferred","LOC_Os01g64250","AT3G54290","LOC_Os01g64250","Traes_3AL_634A11206,Traes_3B_1943DBE89","AC232238.2_FG008,GRMZM2G141647","Glyma.10G278400,Glyma.20G111300","Potri.008G019700,Potri.010G239700","Sobic.003G364900","Seita.5G390600","Sevir.5G395800","GSVIVG01010724001"
"M.truncatula","Medtr5g005240",NA,"Mg,Na",NA,NA,NA,NA,"Inferred","LOC_Os01g64890","AT3G19640","LOC_Os01g64890,LOC_Os01g68040","Traes_3AL_04CD57FC2,Traes_3AL_AF6C467BF,Traes_3B_4AF155431,Traes_3DL_89C57419E","GRMZM2G065971,GRMZM2G139822","Glyma.01G242000,Glyma.11G002200","Potri.001G291900,Potri.009G086300","Sobic.003G395600","Seita.5G394800,Seita.5G421400","Sevir.5G427000","GSVIVG01037798001"
"M.truncatula","Medtr8g012390",NA,"Cu",NA,NA,NA,NA,"Inferred","LOC_Os02g10290","","LOC_Os02g10290","Traes_6AS_6F306F27E,Traes_6BS_A8B960E60,Traes_6DS_26C5A0A44","GRMZM2G029951","Glyma.03G086000,Glyma.16G088300","Potri.001G019100","Sobic.004G079900","Seita.1G049200","Sevir.1G048900","GSVIVG01025299001"
"M.truncatula","Medtr7g010650",NA,"Se",NA,NA,NA,NA,"Inferred","LOC_Os02g51110","","LOC_Os02g51110,LOC_Os06g12310","Traes_6AL_4956852E0,Traes_6DL_481276D28,Traes_7AS_8344D4F43,Traes_7BS_721120525,Traes_7DS_695861FED","GRMZM2G028325,GRMZM2G081239,GRMZM2G082184,GRMZM2G137108","Glyma.09G238200,Glyma.18G259500","Potri.017G083300","Sobic.004G238100,Sobic.010G092600","Seita.1G318800,Seita.4G098700","Sevir.1G325000,Sevir.4G097800","GSVIVG01011407001"
"M.truncatula","Medtr5g073040",NA,"Fe",NA,NA,NA,NA,"Inferred","LOC_Os03g18550","AT1G07030,AT2G30160","LOC_Os03g18550","Traes_4DL_7B2F68152","GRMZM2G032182,GRMZM2G053908","Glyma.02G231200,Glyma.14G198800","Potri.001G282400,Potri.009G077600","Sobic.001G403700","Seita.9G437700","Sevir.9G441600","GSVIVG01024642001"
"M.truncatula","Medtr2g034240",NA,"Fe",NA,NA,NA,NA,"Inferred","LOC_Os03g19420","","LOC_Os03g19420,LOC_Os03g19427,LOC_Os07g48980","Traes_2BS_CB79BAFB1,Traes_6AS_5D0B8CF891,Traes_6DS_0BF81EADB,Traes_6DS_1965FC73E","AC233955.1_FG003,GRMZM2G030036,GRMZM2G034956,GRMZM2G050108,GRMZM2G124785,GRMZM2G312481,GRMZM2G385200,GRMZM2G439195,GRMZM2G478568,GRMZM2G704488","Glyma.09G036400","Potri.010G143100","Sobic.001G151400,Sobic.001G395900","Seita.2G440200,Seita.9G045300,Seita.9G429600","Sevir.2G452700,Sevir.9G044800","GSVIVG01029178001"
"M.truncatula","Medtr0312s0020",NA,"Fe,Cu",NA,NA,NA,NA,"Inferred","LOC_Os04g45860,LOC_Os04g45900","","LOC_Os04g45860,LOC_Os04g45900","Traes_2AL_2F91AF932,Traes_2AL_CFCA01C76,Traes_2BL_6C5206B6D,Traes_2DL_131222AE2","GRMZM2G026391,GRMZM2G051179","","","Sobic.006G164200,Sobic.006G164300","Seita.7G185000","Sevir.7G195100",""
"M.truncatula","Medtr1g007540",NA,"Fe,Cu",NA,NA,NA,NA,"Inferred","LOC_Os04g45860,LOC_Os04g45900","","LOC_Os04g45860,LOC_Os04g45900","Traes_2AL_2F91AF932,Traes_2AL_CFCA01C76,Traes_2BL_6C5206B6D,Traes_2DL_131222AE2","GRMZM2G026391,GRMZM2G051179","","","Sobic.006G164200,Sobic.006G164300","Seita.7G185000","Sevir.7G195100",""
"M.truncatula","Medtr1g007580",NA,"Fe,Cu",NA,NA,NA,NA,"Inferred","LOC_Os04g45860,LOC_Os04g45900","","LOC_Os04g45860,LOC_Os04g45900","Traes_2AL_2F91AF932,Traes_2AL_CFCA01C76,Traes_2BL_6C5206B6D,Traes_2DL_131222AE2","GRMZM2G026391,GRMZM2G051179","","","Sobic.006G164200,Sobic.006G164300","Seita.7G185000","Sevir.7G195100","GSVIVG01038611001"
"M.truncatula","Medtr8g079250",NA,"Cu",NA,NA,NA,NA,"Inferred","LOC_Os04g46940","","LOC_Os04g46940","Traes_2AL_D0EABF355,Traes_2BL_19B3E60AA,Traes_2DL_51FF05F66","GRMZM2G143512,GRMZM2G144083","Glyma.01G219100","","","Seita.7G193900,Seita.7G194000","Sevir.7G205900,Sevir.7G206000","GSVIVG01019769001"
"M.truncatula","Medtr3g064510",NA,"Al",NA,NA,NA,NA,"Inferred","LOC_Os04g49410","","LOC_Os04g49410","Traes_2AL_FED8D7872,Traes_2BL_31D360F79,Traes_2DL_5F2DC4CF8","GRMZM2G072121,GRMZM2G120724","Glyma.18G044100","","Sobic.006G191700","Seita.7G212500","Sevir.7G224300",""
"M.truncatula","Medtr5g076950",NA,"Al",NA,NA,NA,NA,"Inferred","LOC_Os04g49410","AT3G03220","LOC_Os04g49410","Traes_2AL_FED8D7872,Traes_2BL_31D360F79,Traes_2DL_5F2DC4CF8","GRMZM2G072121,GRMZM2G120724","Glyma.02G240900,Glyma.14G210500","Potri.004G080200,Potri.017G140000","Sobic.006G191700","Seita.7G212500","Sevir.7G224300",""
"M.truncatula","Medtr2g102243",NA,"P",NA,NA,NA,NA,"Inferred","LOC_Os06g05160","AT3G15990","LOC_Os06g05160","","GRMZM2G444801","Glyma.13G360000,Glyma.15G014000","Potri.001G179400,Potri.003G056200","Sobic.010G033800","Seita.4G032500","Sevir.4G031300","GSVIVG01017118001"
"M.truncatula","Medtr4g011970",NA,"P",NA,NA,NA,NA,"Inferred","LOC_Os06g05160","AT3G15990","LOC_Os06g05160","","GRMZM2G444801","Glyma.07G006500,Glyma.08G207100","Potri.001G179400,Potri.003G056200","Sobic.010G033800","Seita.4G032500","Sevir.4G031300","GSVIVG01017118001"
"M.truncatula","Medtr5g095650",NA,"K",NA,NA,NA,NA,"Inferred","LOC_Os07g01810","AT5G55630","LOC_Os03g54100,LOC_Os07g01810","Traes_5AL_51E31BF07,Traes_5BL_12780666F,Traes_5DL_A98953CFA","GRMZM2G083677","Glyma.02G299700,Glyma.14G014100","Potri.001G366800,Potri.008G004600,Potri.008G004700","Sobic.001G086900","Seita.9G089200,Seita.9G089400","Sevir.8G124600,Sevir.9G087900","GSVIVG01014662001,GSVIVG01014661001,GSVIVG01014660001"
"M.truncatula","Medtr1g090873",NA,"P",NA,NA,NA,NA,"Inferred","LOC_Os07g09000","AT3G52190","LOC_Os07g09000","Traes_7AL_C16365A45,Traes_7BL_48A3E8A28,Traes_7DL_53DB0C6B3","GRMZM2G158489,GRMZM2G312091","Glyma.10G200200,Glyma.20G190300","Potri.008G029200,Potri.010G232400","Sobic.001G054000,Sobic.002G060900","Seita.2G065200,Seita.9G052300","Sevir.2G068500,Sevir.9G051400","GSVIVG01034664001"
"M.truncatula","Medtr2g036380",NA,"Cd",NA,NA,NA,NA,"Inferred","LOC_Os07g12900","","LOC_Os07g12900","","","Glyma.09G055600","","","","",""
"M.truncatula","Medtr3g088440",NA,"Fe,Mn,Cd",NA,NA,NA,NA,"Inferred","LOC_Os07g15370","","LOC_Os07g15370,LOC_Os07g15460","Traes_4AS_5D4904831,Traes_4DL_657E82F56","GRMZM2G147560","","Potri.002G080400,Potri.002G080500,Potri.005G181000,Potri.005G181100","Sobic.002G095400,Sobic.002G095600","Seita.2G100300","Sevir.2G103000",""
"M.truncatula","Medtr1g092670",NA,"Cu",NA,NA,NA,NA,"Inferred","LOC_Os08g10480","","LOC_Os08g10480","Traes_7AL_4C5A18F7C,Traes_7DL_4B6FAFD6B","","Glyma.10G203200,Glyma.20G187100","Potri.008G023800,Potri.010G236500","Sobic.008G179500","Seita.8G110600","Sevir.8G115200","GSVIVG01034760001"
"M.truncatula","Medtr4g072320",NA,"Fe",NA,NA,NA,NA,"Inferred","GRMZM2G060952","","LOC_Os03g13390,LOC_Os04g37470,LOC_Os04g37480,LOC_Os04g37490,LOC_Os10g02380,LOC_Os10g02480,LOC_Os10g02490","Traes_4AS_887399584","GRMZM2G048121,GRMZM2G060952","Glyma.09G169700,Glyma.16G219400","Potri.012G039900","Sobic.001G274800,Sobic.001G443100","Seita.6G227700,Seita.9G296100,Seita.9G476100","Sevir.6G234900,Sevir.9G479900",""
"M.truncatula","Medtr4g072350",NA,"Fe",NA,NA,NA,NA,"Inferred","GRMZM2G060952","","LOC_Os03g13390,LOC_Os04g37470,LOC_Os04g37480,LOC_Os04g37490,LOC_Os10g02380,LOC_Os10g02480,LOC_Os10g02490","Traes_4AS_887399584","GRMZM2G048121,GRMZM2G060952","Glyma.09G169700,Glyma.16G219400","Potri.012G039900","Sobic.001G274800,Sobic.001G443100","Seita.6G227700,Seita.9G296100,Seita.9G476100","Sevir.6G234900,Sevir.9G479900",""
"M.truncatula","Medtr4g072360",NA,"Fe",NA,NA,NA,NA,"Inferred","GRMZM2G060952","","LOC_Os03g13390,LOC_Os04g37470,LOC_Os04g37480,LOC_Os04g37490,LOC_Os10g02380,LOC_Os10g02480,LOC_Os10g02490","Traes_4AS_887399584","GRMZM2G048121,GRMZM2G060952","Glyma.09G169700,Glyma.16G219400","Potri.012G039900","Sobic.001G274800,Sobic.001G443100","Seita.6G227700,Seita.9G296100,Seita.9G476100","Sevir.6G234900,Sevir.9G479900",""
"M.truncatula","Medtr6g073110",NA,"Fe",NA,NA,NA,NA,"Inferred","GRMZM2G060952","","LOC_Os03g13390,LOC_Os04g37470,LOC_Os04g37480,LOC_Os04g37490,LOC_Os10g02380,LOC_Os10g02480,LOC_Os10g02490","Traes_4AS_887399584","GRMZM2G048121,GRMZM2G060952","Glyma.09G170000","Potri.012G039900","Sobic.006G018200,Sobic.006G018300","Seita.6G227700,Seita.9G296100,Seita.9G476100","Sevir.6G234900,Sevir.9G479900","GSVIVG01009396001,GSVIVG01035131001"
