"Species","GeneID","GeneName","Elements","Citation(s) - DOI only","Closest species orthologs","Tissue","Comments","Primary/Inferred","Inferred from?","A.thaliana orthologs","M.truncatula orthologs","T.aestivum orthologs","Z.mays orthologs","G.max orthologs","P.trichocarpa orthologs","S.bicolor orthologs","S.italica orthologs","S.viridis orthologs"
"O.sativa","LOC_Os01g03914","OsMTP9","Mn","10.1038/nplants.2015.170",NA,"Shoots",NA,"Primary","NA","AT1G16310,AT1G79520","Medtr2g064405,Medtr8g046550","Traes_3AS_4988A011D","AC182482.3_FG003","Glyma.08G164800,Glyma.09G099500,Glyma.09G122600,Glyma.15G262300,Glyma.15G262400","Potri.008G083600,Potri.010G172600,Potri.010G172700,Potri.010G172800,Potri.010G172900","Sobic.003G086300","Seita.5G088300","Sevir.5G086900"
"O.sativa","LOC_Os01g20160","OsHKT1;5","Na","10.1111/tpj.13595",NA,"Leaf, shoots",NA,"Primary/Inferred","Traes_4DL_3F8034BFD,GRMZM2G047616","","","Traes_4DL_3F8034BFD","GRMZM2G047616","Glyma.01G002300,Glyma.06G271600,Glyma.07G130100,Glyma.12G133400","","Sobic.003G145800","Seita.5G024400,Seita.5G192900","Sevir.5G023200,Sevir.5G195200"
"O.sativa","LOC_Os01g45990","AKT1","K","10.1093/jxb/erw103",NA,NA,NA,"Primary","NA","AT2G26650","Medtr4g113530","Traes_3AL_D426C4603,Traes_3B_1795B9E0B,Traes_3DL_8D6F782B1","GRMZM2G022915,GRMZM2G171279","Glyma.05G010600,Glyma.17G118300","Potri.006G154600,Potri.018G031600,Potri.018G071400","Sobic.003G237900","Seita.5G244400","Sevir.5G252300"
"O.sativa","LOC_Os01g64250","OsHORZ1","Fe","10.1038/ncomms3792",NA,"Shoots, seeds","*Nomenclature used from Hayashi et al (2017 - 10.1111/tpj.13612)","Primary","NA","AT3G54290","Medtr1g050385,Medtr1g111960","Traes_3B_1943DBE89","GRMZM2G141647","Glyma.10G111100,Glyma.10G278400,Glyma.20G111300","Potri.008G019700,Potri.010G239700","Sobic.003G364900","Seita.5G390600","Sevir.5G395800"
"O.sativa","LOC_Os01g64890","OsMGT1","Mg,Na","10.1104/pp.17.00532",NA,"Roots,Shoots",NA,"Primary","NA","AT3G19640","Medtr5g005240","Traes_3AL_AF6C467BF,Traes_3B_4AF155431","","Glyma.01G242000,Glyma.11G002200","","Sobic.003G369600","Seita.5G394800","Sevir.5G400300"
"O.sativa","LOC_Os02g06290","OsHAC4","As","10.1111/nph.14572",NA,"Seed",NA,"Primary","NA","","","Traes_6AS_A137671B1,Traes_6DS_98585F07B","GRMZM2G303374","","","Sobic.004G046400","Seita.1G082100","Sevir.1G080600"
"O.sativa","LOC_Os02g10290","OsHMA4","Cu","10.1038/ncomms12138",NA,"Roots,shoots,seeds","*Nomenclature used from Hayashi et al (2017 - 10.1111/tpj.13612)","Primary","NA","","Medtr8g012390","Traes_6AS_6F306F27E,Traes_6DS_26C5A0A44","GRMZM2G029951","Glyma.03G086000,Glyma.16G088300","Potri.001G019100","Sobic.004G079900","Seita.1G049200","Sevir.1G048900"
"O.sativa","LOC_Os02g13870","OsNIP1;1","As","10.1111/nph.15190",NA,"Shoots",NA,"Primary","NA","AT4G18910,AT4G19030","Medtr2g017570,Medtr2g017590,Medtr2g017610,Medtr2g017620,Medtr8g087710,Medtr8g087720","Traes_7DS_A92314B8C","GRMZM2G041980","Glyma.05G162500,Glyma.05G162600,Glyma.08G120200,Glyma.13G224900,Glyma.15G087300","Potri.004G063000,Potri.011G072100","Sobic.004G102200","Seita.1G025100","Sevir.1G025500"
"O.sativa","LOC_Os02g43370","OsYSL2","Fe,Mn","10.1111/j.1365-313X.2010.04158.x",NA,"Seeds","SULTR3;4","Primary","NA","","","Traes_6DL_AA95B2246","","","","","Seita.1G254100","Sevir.1G258400"
"O.sativa","LOC_Os02g43410","OsYSL15","Fe","10.1104/pp.109.135418",NA,"Roots,shoots,seeds",NA,"Primary","NA","","","Traes_1AL_C6A0E255E,Traes_1BL_CA93E6359,Traes_1DL_7E5ED8683,Traes_6AL_E36FCEF64","GRMZM2G156599","","","Sobic.004G299500,Sobic.004G299600","Seita.1G254300","Sevir.1G258600"
"O.sativa","LOC_Os02g51110","LSI1","Se","10.1104/pp.110.157867",NA,"Roots,shoots",NA,"Primary","NA","","Medtr7g010650","Traes_6AL_4956852E0,Traes_6DL_481276D28","GRMZM2G028325,GRMZM2G082184","Glyma.09G238200,Glyma.18G259500","Potri.017G083300","Sobic.004G238100","Seita.1G318800","Sevir.1G325000"
"O.sativa","LOC_Os02g53490","OsMTP8.2","Mn","10.1093/pcp/pcx082",NA,"Shoots,Roots",NA,"Primary","NA","","","","GRMZM5G862882","","","Sobic.004G315400","Seita.1G337100","Sevir.1G343700"
"O.sativa","LOC_Os02g56510","OsPHO1;2","P","10.1104/pp.109.149872",NA,"Shoots",NA,"Primary/Inferred","AT3G23430","AT3G23430","Medtr1g041695,Medtr1g075640","Traes_6DL_C4DC2B23A","GRMZM2G466545","Glyma.02G003700,Glyma.10G004800,Glyma.10G183300,Glyma.20G206900","Potri.008G169400,Potri.010G069000","Sobic.004G339800","Seita.1G360400","Sevir.1G367100"
"O.sativa","LOC_Os03g05640","OsPT2","Se","10.1111/nph.12596",NA,"Roots,shoots",NA,"Primary","NA","","","","GRMZM2G070087","","","","Seita.9G538500","Sevir.9G542800"
"O.sativa","LOC_Os03g09140","OsRab6a","Fe,Zn","10.1093/pcp/pcw073",NA,"Seeds,shoot,roots",NA,"Primary","NA","","","Traes_4AL_884E74F51,Traes_4BL_8E9618E24","AC166636.1_FG008","","","Sobic.001G474200","Seita.9G509800","Sevir.9G514000"
"O.sativa","LOC_Os03g12530","OsMTP8.1","Mn","10.1093/jxb/ert243",NA,"Shoots,Roots",NA,"Primary/Inferred","AT3G58060","AT3G58060","Medtr3g062610,Medtr5g075680","Traes_4AS_B5D20D324,Traes_4DL_84BDB65D9","GRMZM2G118497","Glyma.03G146700","Potri.001G010200,Potri.001G010300,Potri.003G215600","Sobic.001G445000","Seita.9G478600","Sevir.9G482200"
"O.sativa","LOC_Os03g18550","OsMIT","Fe","10.1038/ncomms1326",NA,"Shoots",NA,"Primary","NA","AT1G07030,AT2G30160","Medtr5g073040","Traes_4DL_7B2F68152","GRMZM2G032182,GRMZM2G053908","Glyma.02G231200,Glyma.14G198800","Potri.001G282400,Potri.009G077600,Potri.016G125200","Sobic.001G403700","Seita.9G437700","Sevir.9G441600"
"O.sativa","LOC_Os03g19420","OsNAS2","Fe","10.1007/s10059-012-2231-3",NA,"Seeds",NA,"Primary/Inferred","AT1G56430","AT1G09240,AT1G56430,AT5G04950,AT5G56080","Medtr1g084050,Medtr2g034240,Medtr7g112130","Traes_2AS_F55243E0C,Traes_2BS_98815CE06,Traes_4BL_BB0FC3BD3,Traes_4DL_4E10A6DFB,Traes_4DL_AF0869DDB,Traes_6AS_5D0B8CF891,Traes_6DL_1470C4162","AC233955.1_FG003,GRMZM2G030036,GRMZM2G034956,GRMZM2G124785,GRMZM2G312481,GRMZM2G385200,GRMZM2G704488","Glyma.03G231200,Glyma.09G036400,Glyma.19G228400","Potri.005G014300,Potri.005G017300,Potri.010G143100","Sobic.001G395900","Seita.9G429600","Sevir.9G044800"
"O.sativa","LOC_Os03g21240","OsPHR2","P","10.1104/pp.107.111443",NA,"Shoots",NA,"Primary/Inferred","AT4G28610,Traes_4AS_7220D33B3","AT2G20400,AT4G28610","","Traes_4AS_7220D33B3,Traes_4DL_2C27C34AF","GRMZM2G006477","","","Sobic.001G384300","Seita.9G416300","Sevir.9G420400"
"O.sativa","LOC_Os04g32920","OsHAK1","Cs","10.1093/pcp/pcx094",NA,"Shoots, seeds",NA,"Primary","NA","","","Traes_2AL_987F244D2,Traes_2BL_D0C7517E1,Traes_4AL_FF208A87A,Traes_4DL_496B8485B","GRMZM2G093826","","","Sobic.006G061300","Seita.7G082300,Seita.7G082700","Sevir.7G089700,Sevir.7G090200"
"O.sativa","LOC_Os04g38940","OsVIT1","Fe,Zn","10.1111/j.1365-313X.2012.05088.x","A.thaliana, T.aestivum","Shoots,seeds",NA,"Primary/Inferred","AT2G01770","AT2G01770","Medtr8g105790,Medtr8g105810","Traes_2AL_A3A25F40E,Traes_2BL_54954138A,Traes_2DL_B37EC8078","GRMZM2G107306","Glyma.05G240600,Glyma.08G047500","Potri.010G104200","Sobic.006G109000","Seita.7G126700","Sevir.7G134800"
"O.sativa","LOC_Os04g45860","OsYSL9","Fe","10.1007/s11103-017-0656-y",NA,"Shoots,seeds",NA,"Primary/Inferred","AT5G53550","AT5G24380,AT5G53550","Medtr0312s0020,Medtr1g007540,Medtr1g007580,Medtr3g092090","Traes_2AL_CFCA01C76,Traes_2DL_131222AE2","GRMZM2G051179","Glyma.04G231900,Glyma.06G133000,Glyma.17G191300","Potri.012G024700","Sobic.006G164200","Seita.7G185000","Sevir.7G195100"
"O.sativa","LOC_Os04g45900","OsYSL16","Cu","10.1105/tpc.112.103820",NA,"Roots,shoots,seeds","Gene ID from RAPDB, with no matching ID at MSU","Primary/Inferred","AT5G53550","AT5G24380,AT5G53550","Medtr0312s0020,Medtr1g007540,Medtr1g007580,Medtr3g092090","","GRMZM2G026391","Glyma.04G231900,Glyma.06G133000,Glyma.17G191300","Potri.012G024700","Sobic.006G164300","Seita.7G185100","Sevir.7G195200"
"O.sativa","LOC_Os04g46940","OsHMA5","Cu","10.1104/pp.113.226225",NA,"Roots,shoots",NA,"Primary/Inferred","AT1G63440","AT1G63440","Medtr5g010420,Medtr8g079250","Traes_2AL_D0EABF355,Traes_2BL_19B3E60AA,Traes_2DL_51FF05F66","GRMZM2G143512","Glyma.01G219100,Glyma.19G140000","Potri.001G105800,Potri.003G125600,Potri.003G125700","Sobic.006G173700","Seita.7G193900","Sevir.7G205900"
"O.sativa","LOC_Os04g52310","OsZIP3","Zn","10.1111/tpj.13005",NA,"Shoots",NA,"Primary/Inferred","AT3G12750","AT3G12750","","Traes_2BL_23F1C8743","GRMZM2G045849","","","Sobic.006G212200","Seita.7G234300","Sevir.7G245900"
"O.sativa","LOC_Os04g52900","OsABCC1","As","10.1073/pnas.1414968111","A.thaliana","Seeds",NA,"Primary/Inferred","AT1G30400","AT1G30400,AT2G34660","Medtr2g019020","Traes_2AL_0A38A0EFC,Traes_2DL_5F40C7E14","GRMZM2G084181","Glyma.13G220000,Glyma.15G092400","Potri.011G091200","Sobic.006G219300","Seita.7G241100","Sevir.7G252600"
"O.sativa","LOC_Os04g56430","OsRMC","Fe,Mn,Cu","10.1093/jxb/ert290",NA,"Root,shoot,seeds",NA,"Primary","NA","","","","","","","","",""
"O.sativa","LOC_Os05g34290","OsPCS1*","As","10.1111/tpj.13612","Arabidopsis thaliana","Seeds",NA,"Primary","NA","","","","","","","","",""
"O.sativa","LOC_Os05g39560","OsZIP5","Zn","10.1007/s11103-010-9637-0)",NA,"Leaf",NA,"Primary","NA","","","","GRMZM2G047762","","","Sobic.009G170500","Seita.3G208000","Sevir.3G213300"
"O.sativa","LOC_Os05g47780","OsHRZ2","Fe","10.1038/ncomms3792",NA,"Shoots, seeds","ZEAMMB73_Zm00001d028360","Primary","NA","","","","","","","","",""
"O.sativa","LOC_Os05g48390","OsPHO2","P","10.1111/j.1365-313X.2008.03734.x",NA,"Leaf","LTN2","Primary/Inferred","AT2G33770","AT2G33770","Medtr2g013650,Medtr4g020620,Medtr4g088835","Traes_1AL_E5224B6EA,Traes_1BL_241A3B9EF,Traes_1DL_F122253A3","GRMZM2G381709,GRMZM2G464572","Glyma.07G196500,Glyma.13G179600,Glyma.13G239100,Glyma.15G074200","Potri.004G043500,Potri.011G052600","Sobic.009G228100","Seita.3G150400","Sevir.3G153100"
"O.sativa","LOC_Os06g01260","OsPCS2*","As,Cd","10.1093/pcp/pcx114","Arabidopsis thaliana","Seeds",NA,"Primary/Inferred","AT5G44070","AT1G03980,AT5G44070","Medtr7g097190","Traes_4DL_A6F0CFF85","GRMZM2G091228","Glyma.03G165000,Glyma.19G166400","Potri.014G195800","Sobic.003G024200","Seita.5G146200","Sevir.5G144700"
"O.sativa","LOC_Os06g05160","SPDT","P","10.1038/nature20610",NA,"Seed","Previously OsHKT1","Primary","NA","AT3G15990","Medtr2g102243,Medtr4g011970","","GRMZM2G444801","Glyma.07G006500,Glyma.08G207100,Glyma.13G360000,Glyma.15G014000","Potri.001G179400,Potri.003G056200","Sobic.010G033800","Seita.4G032500","Sevir.4G031300"
"O.sativa","LOC_Os06g48720","OsHMA2","Zn","10.1111/j.1365-3040.2012.02527.x",NA,"Shoots,Roots",NA,"Primary","NA","","","Traes_7AL_78100D515","","","","","",""
"O.sativa","LOC_Os06g48810","OsHKT2;1","Na","10.1038/sj.emboj.7601732",NA,"Roots, shoots",NA,"Primary","NA","","","Traes_7AL_0E143E0C2,Traes_7BL_AA6117DE9,Traes_7BL_AA6117DE91","","","","","Seita.4G241600",""
"O.sativa","LOC_Os07g01810","TPKb","K","10.1111/nph.13708",NA,"Leaf,root","Previously OsHKT8","Primary","NA","AT5G55630","Medtr5g095650","Traes_4AL_BE405B578,Traes_4BS_61A38B6BA,Traes_4DS_BDB03ED9C","GRMZM2G351347","Glyma.02G299700,Glyma.14G014100","Potri.001G366800,Potri.008G004600,Potri.008G004700","Sobic.005G114000","Seita.8G118200","Sevir.8G124600"
"O.sativa","LOC_Os07g09000","OsPHF1","P","10.1104/pp.111.181669",NA,"Leaf,root",NA,"Primary","NA","AT3G52190","Medtr1g090873","Traes_7BL_48A3E8A28,Traes_7DL_53DB0C6B3","GRMZM2G158489","Glyma.10G200200,Glyma.20G190300","Potri.008G029200,Potri.010G232400","Sobic.002G060900","Seita.2G065200","Sevir.2G068500"
"O.sativa","LOC_Os07g12900","OsHMA3","Cd","10.1007/s11104-016-2812-6",NA,"Shoots,seeds",NA,"Primary/Inferred","AT2G19110,AT4G30110","AT2G19110,AT4G30110","Medtr2g036380,Medtr4g127580","Traes_5BL_D6C3DC326","GRMZM2G175576","Glyma.09G055600,Glyma.13G099600,Glyma.17G060400","Potri.006G076900","Sobic.002G083000","Seita.2G090300","Sevir.2G092800,Sevir.2G093100"
"O.sativa","LOC_Os07g15370","NRAMP5","Fe,Mn,Cd","10.1105/tpc.112.096925",NA,"Leaf",NA,"Primary/Inferred","Medtr3g088460","","Medtr3g088440,Medtr3g088460","Traes_4AS_5D4904831,Traes_4DL_657E82F56","GRMZM2G147560","Glyma.06G115800","Potri.002G080400,Potri.002G080500,Potri.005G181000,Potri.005G181100","Sobic.002G095400","Seita.2G100300","Sevir.2G103000"
"O.sativa","LOC_Os08g01120","OsMOT1;1","Mo","10.1111/nph.15546","AtMOT1;1","Shoots,Seed",NA,"Primary/Inferred","AT2G25680,Medtr1g010270,Medtr3g464210","AT2G25680","Medtr1g010210,Medtr1g010270,Medtr3g108190,Medtr3g464210","Traes_2AL_1855F06E3,Traes_2BL_9560982FA","GRMZM2G083156","Glyma.04G073000,Glyma.06G074100,Glyma.14G130000,Glyma.17G203000,Glyma.17G203200,Glyma.17G203500","Potri.006G245900,Potri.006G246000","Sobic.001G187300","Seita.9G184500","Sevir.9G183400"
"O.sativa","LOC_Os08g04390","OsPRI1","Fe","10.1104/pp.17.00794",NA,"Shoots, roots",NA,"Primary/Inferred","AT5G54680","AT1G51070,AT5G54680","Medtr2g082640,Medtr4g081370","Traes_7DL_88B60203A","GRMZM2G017586,GRMZM2G093744","Glyma.06G266800,Glyma.12G136300,Glyma.12G214900,Glyma.13G286700","","Sobic.007G033800","Seita.6G069500","Sevir.6G068300"
"O.sativa","LOC_Os08g05590","OsNIP3;2","As","10.1093/jxb/erx165",NA,"Roots",NA,"Primary","NA","","","Traes_3B_4745DEECD","GRMZM2G000471","","","Sobic.007G039600","Seita.6G062200","Sevir.6G060000"
"O.sativa","LOC_Os08g05600","OsNIP3;3","As","10.1111/nph.15190",NA,"Shoots",NA,"Primary","NA","","","Traes_3B_4745DEECD","GRMZM2G000471","","","","",""
"O.sativa","LOC_Os08g10480","OsATX1","Cu","10.1104/pp.18.00425",NA,"Shoots, Roots, Seeds",NA,"Primary/Inferred","AT1G66240","AT1G66240","Medtr1g092670","Traes_7AL_4C5A18F7C,Traes_7DL_4B6FAFD6B","","Glyma.10G203200,Glyma.20G187100","Potri.008G023800,Potri.010G236500","Sobic.008G179500","Seita.8G110600","Sevir.8G115200"
"O.sativa","LOC_Os09g23300","OsVIT2","Fe,Zn","10.1111/j.1365-313X.2012.05088.x","A.thaliana, T.aestivum","Shoots,seeds",NA,"Primary/Inferred","AT2G01770","AT2G01770","Medtr8g105790,Medtr8g105810","Traes_5BL_7CE3EDE29,Traes_5DL_DA6449AC6","GRMZM2G074672","Glyma.05G240600,Glyma.08G047500","Potri.010G104200","Sobic.002G194600","Seita.2G197500","Sevir.2G205200"
"O.sativa","LOC_Os12g03899","ZIFL12","Fe","10.1104/pp.19.00598",NA,"Shoots","OsVMT","Primary/Inferred","AT5G13740","AT5G13740,AT5G13750","Medtr3g010820,Medtr3g010850,Medtr3g086440,Medtr8g042770,Medtr8g042780,Medtr8g042870,Medtr8g062990","Traes_4BS_1DCF82CB7","GRMZM2G115658,GRMZM2G336448","Glyma.04G124800,Glyma.06G313500,Glyma.06G313600,Glyma.06G313700,Glyma.13G186400,Glyma.13G186500,Glyma.13G186600,Glyma.13G186700,Glyma.15G224200","Potri.006G026200,Potri.008G010600,Potri.009G021700,Potri.016G024400","Sobic.005G024800","Seita.7G312300,Seita.8G020800","Sevir.7G322400,Sevir.8G023400"
"O.sativa","LOC_Os12g18410","OsMIR","Fe","10.1093/mp/ssp051",NA,"Shoots,Roots,Seeds",NA,"Primary","NA","","","","","","","","",""
"O.sativa","LOC_Os12g32400","OsbHLH133","Fe","10.1111/j.1365-3040.2012.02569.x",NA,"Leaf,root,shoot",NA,"Primary","NA","","","","","","","","",""
"O.sativa","LOC_Os12g37840","OsBOR1","B","10.1105/tpc.106.049015",NA,"Shoots",NA,"Primary/Inferred","AT2G47160,AT3G62270","AT2G47160,AT3G62270","Medtr7g110000","Traes_5AS_B9B99F1F2,Traes_5BS_AE9A54888","GRMZM2G082203,GRMZM2G166159","Glyma.03G222300,Glyma.19G219500","Potri.008G100300","Sobic.008G132300","Seita.3G333100","Sevir.3G347400"
"O.sativa","Os01g0689300","OsHRZ1","Fe","10.1038/ncomms3792",NA,"Shoots, seeds",NA,"Primary","NA","","","","","","","","",""
"O.sativa","LOC_Os04g48930",NA,"Fe",NA,NA,NA,NA,"Inferred","AT1G01580","AT1G01580,AT1G01590,AT1G23020,AT5G23980,AT5G23990","Medtr1g100130,Medtr1g100150,Medtr8g028780,Medtr8g028795,Medtr8g031070","Traes_2BL_E11AA2D03","","Glyma.07G067700,Glyma.10G231600,Glyma.10G231700,Glyma.16G033800,Glyma.18G235900","Potri.004G079100,Potri.004G079200,Potri.014G088000,Potri.017G142700,Potri.017G142800","","",""
"O.sativa","LOC_Os12g18900",NA,"Se,S",NA,NA,NA,NA,"Inferred","AT1G08490","AT1G08490","Medtr3g083980","Traes_4BS_BD7AF055E","GRMZM2G060470","Glyma.09G021000,Glyma.15G127400","Potri.009G066000","Sobic.005G014700","Seita.1G134500","Sevir.1G132950"
"O.sativa","LOC_Os02g45344",NA,"P",NA,NA,NA,NA,"Inferred","AT1G12640","AT1G12640,AT1G63050","Medtr4g102750","Traes_6AL_75BA4C59A,Traes_6DL_4E31B8DE8","GRMZM2G481755","Glyma.05G049500,Glyma.17G131500","Potri.001G110100,Potri.003G121700","Sobic.004G283600","Seita.1G270400","Sevir.1G275100"
"O.sativa","LOC_Os02g36940",NA,"Zn",NA,NA,NA,NA,"Inferred","AT1G14870","AT1G14870,AT1G14880,AT5G35525","","Traes_5BL_6F9A8B375,Traes_5DL_FC4BE42B1,Traes_7DL_AD2356120","GRMZM2G151230","Glyma.05G236200,Glyma.05G236300,Glyma.08G043500","Potri.008G132900,Potri.010G108800,Potri.010G127700","Sobic.004G192100","Seita.1G209700","Sevir.1G213100"
"O.sativa","LOC_Os02g36950",NA,"Zn",NA,NA,NA,NA,"Inferred","AT1G14870","AT1G14870,AT1G14880,AT5G35525","","Traes_5BL_6F9A8B375,Traes_5DL_FC4BE42B1,Traes_7DL_AD2356120","","Glyma.05G236200,Glyma.05G236300,Glyma.08G043500","Potri.008G132900,Potri.010G108800,Potri.010G127700","","",""
"O.sativa","LOC_Os06g50840",NA,"Fe,Zn,Co,Mn",NA,NA,NA,NA,"Inferred","AT1G20110","AT1G20110","Medtr3g114080","","","Glyma.04G023100,Glyma.06G023000","Potri.002G018900,Potri.005G242700","Sobic.010G269100","Seita.4G283000","Sevir.4G295200"
"O.sativa","LOC_Os07g38580",NA,"Fe,Zn,Co,Mn",NA,NA,NA,NA,"Inferred","AT1G20110","AT1G20110","Medtr3g114080","Traes_2BS_CCA9B58A3","GRMZM2G061156","","","Sobic.002G348600","Seita.2G363000","Sevir.2G374000"
"O.sativa","LOC_Os07g05620",NA,"K",NA,NA,NA,NA,"Inferred","AT1G30270","AT1G30270","Medtr2g049790","Traes_2AL_D66EA2EB5,Traes_2BL_A1F2BF8FC,Traes_2DL_2BA772DB5","GRMZM2G013236","Glyma.09G089700","Potri.006G062800,Potri.018G119200,Potri.018G122300","Sobic.002G034700","Seita.2G032200","Sevir.2G037000"
"O.sativa","LOC_Os08g23440",NA,"Ca,K,Na,S",NA,NA,NA,NA,"Inferred","AT1G30450","AT1G30450","Medtr2g048510","Traes_5AL_21B739F34,Traes_5BL_0992ADD0A,Traes_5DL_7953B077C","GRMZM2G113276","Glyma.09G085300,Glyma.15G193400","Potri.011G090900","Sobic.009G105900","Seita.3G275800","Sevir.3G283200"
"O.sativa","LOC_Os02g48570",NA,"K,NO3-",NA,NA,NA,NA,"Inferred","AT1G32450","AT1G32450,AT4G21680","Medtr1g116930,Medtr4g098800,Medtr5g014150,Medtr7g005930,Medtr7g010820,Medtr7g013270","","GRMZM2G061303","Glyma.08G361300,Glyma.10G296600,Glyma.18G300400,Glyma.20G247400","Potri.001G145200,Potri.003G088800,Potri.014G179400","Sobic.004G260500","Seita.1G296400","Sevir.1G301800"
"O.sativa","LOC_Os01g65410",NA,"S,Se",NA,NA,NA,NA,"Inferred","AT1G36370","AT1G22020,AT1G36370","Medtr2g006570","Traes_3AL_4020ECFB3,Traes_3B_AEE1A6778","GRMZM2G452630","Glyma.08G187800,Glyma.12G170300","Potri.001G212000,Potri.002G090200,Potri.005G170800","Sobic.003G373600","Seita.5G398800","Sevir.5G404100"
"O.sativa","LOC_Os05g35440",NA,"S,Se",NA,NA,NA,NA,"Inferred","AT1G36370","AT1G22020,AT1G36370","Medtr2g006570","Traes_3AL_4020ECFB3,Traes_3B_AEE1A6778","","Glyma.08G187800,Glyma.12G170300","Potri.001G212000,Potri.002G090200,Potri.005G170800","","",""
"O.sativa","LOC_Os03g19427",NA,"Fe,Cd,Co,Mo",NA,NA,NA,NA,"Inferred","AT1G56430","AT1G09240,AT1G56430,AT5G04950,AT5G56080","Medtr1g084050,Medtr2g034240,Medtr7g112130","Traes_2AS_F55243E0C,Traes_2BS_98815CE06,Traes_4BL_BB0FC3BD3,Traes_4DL_4E10A6DFB,Traes_4DL_AF0869DDB,Traes_6AS_5D0B8CF891,Traes_6DL_1470C4162","AC233955.1_FG003,GRMZM2G030036,GRMZM2G034956,GRMZM2G124785,GRMZM2G312481,GRMZM2G385200,GRMZM2G704488","Glyma.03G231200,Glyma.09G036400,Glyma.19G228400","Potri.005G014300,Potri.005G017300,Potri.010G143100","Sobic.001G395900","Seita.9G429600","Sevir.9G044800"
"O.sativa","LOC_Os07g48980",NA,"Fe,Cd,Co,Mo",NA,NA,NA,NA,"Inferred","AT1G56430","AT1G09240,AT1G56430,AT5G04950,AT5G56080","Medtr1g084050,Medtr2g034240,Medtr7g112130","Traes_2BS_CB79BAFB1","GRMZM2G050108,GRMZM2G439195,GRMZM2G478568","Glyma.03G231200,Glyma.09G036400,Glyma.19G228400","Potri.005G014300,Potri.005G017300,Potri.010G143100","Sobic.001G151400","Seita.2G440200","Sevir.2G452700"
"O.sativa","LOC_Os06g37010",NA,"Fe",NA,NA,NA,NA,"Inferred","AT1G60960","AT1G10970,AT1G60960","Medtr1g016120,Medtr3g104400","Traes_7DL_24CBFF460","GRMZM2G064382","Glyma.04G051100,Glyma.06G052000","Potri.018G053300","","","Sevir.4G249800"
"O.sativa","LOC_Os07g32570",NA,"S,Se",NA,NA,NA,NA,"Inferred","AT1G62180","AT1G62180,AT4G04610,AT4G21990","Medtr2g023540","Traes_2BS_DDCEEE1DE","AC189750.4_FG004,GRMZM2G087254","Glyma.07G261500,Glyma.09G004400,Glyma.15G108700","Potri.004G012100,Potri.T104400","Sobic.002G314300","Seita.2G327500","Sevir.2G338800"
"O.sativa","LOC_Os01g03720",NA,"P",NA,NA,NA,NA,"Inferred","AT1G68320","AT1G25340,AT1G68320","","","GRMZM2G096358,GRMZM2G162709","","Potri.008G122100,Potri.010G123000,Potri.012G055600,Potri.015G046200","Sobic.003G087600","Seita.5G087200","Sevir.5G085400"
"O.sativa","LOC_Os06g21950",NA,"P,As",NA,NA,NA,NA,"Inferred","AT1G76430","AT1G20860,AT1G76430","Medtr4g083960","","","Glyma.07G222700,Glyma.20G021600","Potri.002G005500,Potri.005G256100","Sobic.010G133300","Seita.4G140700","Sevir.4G173800"
"O.sativa","LOC_Os06g46310",NA,"Mn",NA,NA,NA,NA,"Inferred","AT1G80830","AT1G15960,AT1G80830","Medtr2g104990","Traes_7AL_08B2A7BB2,Traes_7BL_CA6B7C9E6,Traes_7DL_26A2F4353","GRMZM2G069198","Glyma.07G023600,Glyma.08G218200,Glyma.13G369900,Glyma.15G003500","Potri.001G044900","Sobic.010G227800","Seita.4G263200","Sevir.4G276100"
"O.sativa","LOC_Os12g44360",NA,"Na",NA,NA,NA,NA,"Inferred","AT2G01980","AT2G01980","","Traes_3B_03F2D00E9","GRMZM2G098494","Glyma.08G092000","Potri.008G140700,Potri.010G100900","Sobic.008G192900","Seita.3G409000","Sevir.3G427000"
"O.sativa","LOC_Os03g22570",NA,"S",NA,NA,NA,NA,"Inferred","AT2G13540","AT2G13540","Medtr7g083840","Traes_4BS_9831A28AE","GRMZM2G083689","Glyma.16G049600,Glyma.19G101600","Potri.009G049200","Sobic.001G373800","Seita.9G406000","Sevir.9G409800"
"O.sativa","LOC_Os06g50310",NA,"Zn",NA,NA,NA,NA,"Inferred","AT2G16770,AT4G35040","AT2G16770,AT4G35040","Medtr4g073100","Traes_5BS_FC54F9BEA,Traes_5DS_4F7973584","GRMZM2G000171,GRMZM2G055413","Glyma.11G108100,Glyma.12G033000","Potri.004G175200,Potri.009G134900","Sobic.010G267500","Seita.4G281600,Seita.9G059700","Sevir.4G293800,Sevir.9G058800"
"O.sativa","LOC_Os02g01220",NA,"As",NA,NA,NA,NA,"Inferred","AT2G21045","AT2G21045","Medtr2g017630,Medtr2g059890","Traes_7BS_704A245EA,Traes_7DS_4777DB553","","Glyma.12G017900","Potri.014G131300","","Seita.1G002000","Sevir.1G001900"
"O.sativa","LOC_Os12g39180",NA,"Fe,Mn,Zn",NA,NA,NA,NA,"Inferred","AT2G23150","AT1G47240,AT2G23150","Medtr3g102620,Medtr4g095075,Medtr5g016270","Traes_5BS_DE1CD2DA4,Traes_5DS_8FAA08B51","GRMZM2G028036","Glyma.01G190700,Glyma.04G044000,Glyma.06G044200,Glyma.11G051500","Potri.002G121000","Sobic.008G143700","Seita.3G367300","Sevir.3G384700"
"O.sativa","LOC_Os04g31290",NA,"Fe",NA,NA,NA,NA,"Inferred","AT2G28160","AT2G28160","Medtr2g084280,Medtr4g057270","Traes_2AL_088338613,Traes_2BL_F442E87DD","GRMZM2G107672,GRMZM2G173521,GRMZM2G313756","Glyma.11G192800,Glyma.12G081200,Glyma.12G178500,Glyma.13G322100","Potri.009G005600,Potri.T155900","Sobic.006G047200","Seita.7G069900,Seita.7G070000","Sevir.7G076300,Sevir.7G076400"
"O.sativa","LOC_Os01g06250",NA,"Ca,Mn,Zn,Na,S,K,As,Se,Mo",NA,NA,NA,NA,"Inferred","AT2G28670","AT1G07730,AT2G28670","Medtr4g062470,Medtr4g062520","","AC206350.3_FG005","Glyma.11G144000,Glyma.11G144200,Glyma.12G067400","","Sobic.003G064800","Seita.5G110100","Sevir.5G106900"
"O.sativa","LOC_Os03g04360",NA,"P",NA,NA,NA,NA,"Inferred","AT2G32830,AT2G38940","AT2G32830,AT2G38940,AT3G54700,AT5G43360","Medtr1g069930,Medtr1g069935,Medtr1g074940,Medtr7g096870,Medtr7g096880","","GRMZM2G075870","","","Sobic.001G513400","Seita.9G548500","Sevir.9G553200"
"O.sativa","LOC_Os03g05610",NA,"P",NA,NA,NA,NA,"Inferred","AT2G32830,AT2G38940","AT2G32830,AT2G38940,AT3G54700,AT5G43360","","","","Glyma.10G186400,Glyma.20G204100","Potri.001G318500,Potri.002G038900,Potri.005G223500,Potri.005G223600,Potri.010G071600,Potri.010G071700,Potri.010G072000","Sobic.001G502100","Seita.9G538600","Sevir.9G542900"
"O.sativa","LOC_Os04g10690",NA,"P",NA,NA,NA,NA,"Inferred","AT2G32830,AT2G38940","AT2G32830,AT2G38940,AT3G54700,AT5G43360","Medtr1g043200,Medtr1g043220,Medtr1g043290,Medtr1g074930,Medtr3g082700","","GRMZM2G045473","Glyma.10G186400,Glyma.20G204100","Potri.001G318500,Potri.002G038900,Potri.005G223500,Potri.005G223600,Potri.010G071600,Potri.010G071700,Potri.010G072000","Sobic.006G027300","Seita.7G032900","Sevir.7G019300"
"O.sativa","LOC_Os04g10750",NA,"P",NA,NA,NA,NA,"Inferred","AT2G32830,AT2G38940","AT2G32830,AT2G38940,AT3G54700,AT5G43360","Medtr1g043200,Medtr1g043220,Medtr1g043290,Medtr1g074930,Medtr3g082700","","GRMZM2G045473","Glyma.10G186400,Glyma.20G204100","Potri.001G318500,Potri.002G038900,Potri.005G223500,Potri.005G223600,Potri.010G071600,Potri.010G071700,Potri.010G072000","Sobic.006G027300","",""
"O.sativa","LOC_Os08g45000",NA,"P",NA,NA,NA,NA,"Inferred","AT2G32830,AT2G38940","AT2G32830,AT2G38940,AT3G54700,AT5G43360","Medtr1g069930,Medtr1g069935,Medtr1g074940,Medtr7g096870,Medtr7g096880","Traes_5BL_FC28B66D8","GRMZM2G112377","","","Sobic.007G164400","Seita.4G276500,Seita.6G253400","Sevir.4G288300,Sevir.6G257900"
"O.sativa","LOC_Os10g30770",NA,"P",NA,NA,NA,NA,"Inferred","AT2G32830,AT2G38940","AT2G32830,AT2G38940,AT3G54700,AT5G43360","","","","Glyma.10G186400,Glyma.20G204100","Potri.001G318500,Potri.002G038900,Potri.005G223500,Potri.005G223600,Potri.010G071600,Potri.010G071700,Potri.010G072000","Sobic.001G234900","","Sevir.9G238400"
"O.sativa","LOC_Os10g30790",NA,"P",NA,NA,NA,NA,"Inferred","AT2G32830,AT2G38940","AT2G32830,AT2G38940,AT3G54700,AT5G43360","Medtr1g043200,Medtr1g043220,Medtr1g043290,Medtr1g074930,Medtr3g082700","Traes_4AL_C56125840,Traes_5BL_1CF10603C,Traes_5DL_391DF2590","GRMZM2G154090,GRMZM2G326707","Glyma.10G186400,Glyma.20G204100","Potri.001G318500,Potri.002G038900,Potri.005G223500,Potri.005G223600,Potri.010G071600,Potri.010G071700,Potri.010G072000","Sobic.001G234800","Seita.9G238300","Sevir.9G238300"
"O.sativa","LOC_Os06g36450",NA,"Co,Ni",NA,NA,NA,NA,"Inferred","AT2G38460,AT5G03570","AT2G38460,AT5G03570","Medtr4g013240,Medtr4g013245","Traes_4DL_A266BC7CA,Traes_7AL_A7020E7CC,Traes_7DL_0A3BB7980","GRMZM2G148060","Glyma.01G128300,Glyma.03G042400","Potri.016G128500,Potri.016G128600,Potri.T141700","Sobic.010G168400","Seita.4G269800","Sevir.4G281800"
"O.sativa","LOC_Os01g62070",NA,"Mn",NA,NA,NA,NA,"Inferred","AT2G39450","AT2G39450","Medtr7g022890","Traes_3B_8D1DAA8DE","GRMZM2G014454","Glyma.02G095400,Glyma.18G286100","Potri.008G049600,Potri.010G211300","Sobic.003G349200","Seita.5G374300","Sevir.5G379500"
"O.sativa","LOC_Os05g03780",NA,"Zn",NA,NA,NA,NA,"Inferred","AT2G46800","AT2G46800","Medtr2g036390,Medtr8g024240","Traes_1AS_520F23BD4,Traes_1BS_7F56C8B50,Traes_1DS_A22F0D613","GRMZM2G036908,GRMZM2G477741","Glyma.07G049200,Glyma.16G017800","Potri.001G450900,Potri.011G150600","Sobic.009G029500","Seita.3G049900","Sevir.3G050000"
"O.sativa","LOC_Os03g48300",NA,"P",NA,NA,NA,NA,"Inferred","AT3G01310,AT5G15070","AT3G01310,AT5G15070","Medtr6g011290,Medtr7g009060","Traes_4BS_77F5E1A28,Traes_4DS_4E9831209","GRMZM2G057140","Glyma.09G241100,Glyma.13G065500,Glyma.18G255000,Glyma.19G019100","Potri.004G129900,Potri.017G076400","Sobic.001G132600","Seita.9G135000","Sevir.9G133900"
"O.sativa","LOC_Os02g47350",NA,"Na,K,Rb,Mg,Ca,Fe,Mo",NA,NA,NA,NA,"Inferred","AT3G06060","AT3G06060,AT5G19200","Medtr2g022600,Medtr3g098750","Traes_6AL_5B7EC197B","GRMZM2G147701,GRMZM2G167431","Glyma.13G207200,Glyma.15G105400","Potri.010G191800","Sobic.004G269700","Seita.1G287300","Sevir.1G292400"
"O.sativa","LOC_Os08g10630",NA,"Mn",NA,NA,NA,NA,"Inferred","AT3G12750","AT3G12750","","","GRMZM2G111300","","","","Seita.6G026600","Sevir.6G025100"
"O.sativa","LOC_Os03g27960",NA,"Mn,Fe,K,P",NA,NA,NA,NA,"Inferred","AT3G13320","AT1G55720,AT1G55730,AT3G13320","Medtr2g105640","Traes_4BS_0F601AE0D,Traes_4DL_4DD8BAC21","GRMZM2G046480,GRMZM2G053004","Glyma.13G372100,Glyma.15G001600","Potri.010G249200","Sobic.001G346500","Seita.9G374300","Sevir.9G379800"
"O.sativa","LOC_Os04g55940",NA,"Mn,Fe,K,P",NA,NA,NA,NA,"Inferred","AT3G13320","AT1G55720,AT1G55730,AT3G13320","","","GRMZM2G040017,GRMZM2G143356","","","Sobic.006G245100","Seita.3G034000","Sevir.3G034900"
"O.sativa","LOC_Os04g58470",NA,"Na,Fe,Zn,Mn,Mo",NA,NA,NA,NA,"Inferred","AT3G15380","AT3G15380","Medtr2g079490,Medtr8g059125","Traes_2AL_533B673F0,Traes_2BL_3DDB1826B,Traes_2DL_DCE370754","GRMZM2G051917","Glyma.06G246600,Glyma.12G150800,Glyma.12G223200,Glyma.13G278300","Potri.011G121100","Sobic.006G270400","Seita.3G012800","Sevir.3G014100"
"O.sativa","LOC_Os04g58504",NA,"Na,Fe,Zn,Mn,Mo",NA,NA,NA,NA,"Inferred","AT3G15380","AT3G15380","Medtr2g079490,Medtr8g059125","Traes_2AL_533B673F0,Traes_2BL_3DDB1826B,Traes_2DL_DCE370754","GRMZM2G051917","Glyma.06G246600,Glyma.12G150800,Glyma.12G223200,Glyma.13G278300","Potri.011G121100","Sobic.006G270400","Seita.3G012800","Sevir.3G014100"
"O.sativa","LOC_Os01g49470",NA,"Fe,Zn,Mn",NA,NA,NA,NA,"Inferred","AT3G18290","AT3G18290","Medtr6g083900,Medtr8g104410","Traes_3AL_667B9174E,Traes_3B_38BD6A407,Traes_3DL_7AF5E2768","GRMZM2G175661,GRMZM2G312712","Glyma.05G237500,Glyma.07G093700,Glyma.08G044700,Glyma.09G182600","Potri.008G123300,Potri.010G122200","Sobic.003G262200","Seita.5G276900","Sevir.5G279700"
"O.sativa","LOC_Os03g53230",NA,"S",NA,NA,NA,NA,"Inferred","AT3G22890","AT3G22890,AT4G14680,AT5G43780","Medtr1g102550","Traes_5BL_5CED2C911,Traes_5DL_BCEFD69DA","GRMZM2G051270,GRMZM2G149952","Glyma.10G242600,Glyma.20G151500","Potri.008G159000,Potri.010G081200","Sobic.001G094300","Seita.9G096900","Sevir.9G095300"
"O.sativa","LOC_Os03g26210",NA,"Fe,Zn,Mn,Co",NA,NA,NA,NA,"Inferred","AT3G47640","AT3G47640","Medtr4g108360","Traes_2AS_9AEA9BDEA,Traes_2BS_8A40B568C,Traes_2DS_FE62DB7F5","GRMZM2G350312","Glyma.05G027600,Glyma.17G098900","Potri.003G074400,Potri.015G142700","Sobic.001G355600","Seita.9G384500","Sevir.9G389000"
"O.sativa","LOC_Os07g43530",NA,"Fe,Zn,Mn,Co",NA,NA,NA,NA,"Inferred","AT3G47640","AT3G47640","Medtr4g108360","Traes_2AS_C4568AE60,Traes_2DS_1FE8E9DE9","GRMZM2G017145","Glyma.05G027600,Glyma.17G098900","Potri.003G074400,Potri.015G142700","Sobic.002G385300","Seita.2G400400",""
"O.sativa","LOC_Os11g38870",NA,"Fe,Zn,Mn,Co",NA,NA,NA,NA,"Inferred","AT3G47640","AT3G47640","","Traes_4AL_233C180CE,Traes_4BS_E01AAE6DE,Traes_4DS_51AD22B85","GRMZM2G133675","","","Sobic.005G177800","Seita.8G180600","Sevir.8G189400"
"O.sativa","LOC_Os03g48310",NA,"Na",NA,NA,NA,NA,"Inferred","AT3G47950","AT3G47950,AT5G62670","Medtr4g107500","","","Glyma.04G174800,Glyma.05G030700,Glyma.06G189900,Glyma.17G096100","Potri.012G071600,Potri.015G066000","","",""
"O.sativa","LOC_Os12g44150",NA,"Na",NA,NA,NA,NA,"Inferred","AT3G47950","AT3G47950,AT5G62670","Medtr4g107500","Traes_5AS_FDCDBC783,Traes_5BS_7DDBE5B89,Traes_5DS_DECAA37DD","GRMZM2G035520","Glyma.04G174800,Glyma.05G030700,Glyma.06G189900,Glyma.17G096100","Potri.012G071600,Potri.015G066000","Sobic.008G190500","Seita.3G406700","Sevir.3G424800"
"O.sativa","LOC_Os01g37690",NA,"P,K",NA,NA,NA,NA,"Inferred","AT3G51860","AT2G38170,AT3G51860","Medtr4g016720,Medtr7g068380","","GRMZM2G011592","Glyma.01G122800,Glyma.03G058300,Glyma.03G058500,Glyma.07G149600,Glyma.18G200500","Potri.001G251200,Potri.006G099900,Potri.009G045800,Potri.016G115500","","Seita.5G194500","Sevir.5G196600"
"O.sativa","LOC_Os05g51610",NA,"P,K",NA,NA,NA,NA,"Inferred","AT3G51860","AT2G38170,AT3G51860","Medtr4g016720,Medtr7g068380","Traes_2AL_26065F906,Traes_2BL_445F5B3B7,Traes_2DL_2A2F4F62B","GRMZM5G809587","Glyma.01G122800,Glyma.03G058300,Glyma.03G058500,Glyma.07G149600,Glyma.18G200500","","Sobic.009G257800","Seita.3G120500","Sevir.3G122500"
"O.sativa","LOC_Os03g06520",NA,"S",NA,NA,NA,NA,"Inferred","AT3G51895","AT3G51895","Medtr1g071530,Medtr7g095430","Traes_4AS_68B3D79A1,Traes_4BL_0C898C5C8","GRMZM2G154211","Glyma.02G145100,Glyma.03G156700,Glyma.10G028900,Glyma.19G159000","Potri.002G049500,Potri.005G213500,Potri.010G082700","Sobic.001G496800","Seita.9G532700","Sevir.9G537000"
"O.sativa","LOC_Os01g72370",NA,"Fe",NA,NA,NA,NA,"Inferred","AT3G56970,AT3G56980","AT2G41240,AT3G56970,AT3G56980","Medtr1g048710,Medtr1g048720,Medtr1g048750,Medtr7g090410","Traes_3AL_F577372C1,Traes_3B_089C0C2EB,Traes_3B_2A12B8F93,Traes_3DL_886A895A4","AC193786.3_FG005,GRMZM2G057413","Glyma.03G130400,Glyma.03G130600,Glyma.19G132500","Potri.006G037200,Potri.006G037600,Potri.016G037300","Sobic.003G428800","Seita.5G455700","Sevir.5G462400"
"O.sativa","LOC_Os10g39790",NA,"Mg",NA,NA,NA,NA,"Inferred","AT3G58970","AT3G58970,AT4G28580","Medtr8g088670","Traes_1AL_B39515B38","GRMZM2G145794,GRMZM2G453832","Glyma.05G168200,Glyma.08G126600","Potri.006G081700","Sobic.001G309400","Seita.9G337700","Sevir.9G341300"
"O.sativa","LOC_Os02g17780",NA,"Fe",NA,NA,NA,NA,"Inferred","AT4G02780","AT4G02780","Medtr7g011663,Medtr7g011770,Medtr7g094970","Traes_1BS_8A9B3CE82,Traes_1DS_CD37D3A95,Traes_7DL_02E7F7D6A,Traes_7DL_211D5CA44","GRMZM2G081554","Glyma.03G154400,Glyma.03G154700,Glyma.19G157000","Potri.002G052100,Potri.005G210300","Sobic.001G248600","Seita.9G262400","Sevir.9G265300"
"O.sativa","LOC_Os02g07830",NA,"Na",NA,NA,NA,NA,"Inferred","AT4G10310","AT4G10310","Medtr6g092820,Medtr6g092840,Medtr6g092940","Traes_6DS_FC4429EB8","","Glyma.01G002300,Glyma.06G271600,Glyma.07G130100,Glyma.12G133400","Potri.018G132200","Sobic.004G059800","Seita.1G068700","Sevir.1G067600"
"O.sativa","LOC_Os04g51820",NA,"Na",NA,NA,NA,NA,"Inferred","AT4G10310","AT4G10310","","Traes_2BL_A34360A6C,Traes_2DL_0753011C3","","","","","Seita.7G230400","Sevir.7G241900"
"O.sativa","LOC_Os10g36924",NA,"B",NA,NA,NA,NA,"Inferred","AT4G10380,GRMZM2G176209","AT4G10380","Medtr1g097840","Traes_1BL_CC64CA41E","GRMZM2G176209","Glyma.10G221100,Glyma.20G170400","Potri.001G455000,Potri.011G146900","Sobic.001G195800","Seita.9G193500","Sevir.9G193400"
"O.sativa","LOC_Os01g70490",NA,"Rb,Cs,K",NA,NA,NA,NA,"Inferred","AT4G13420,GRMZM2G084779","AT4G13420","Medtr4g099260,Medtr8g022130,Medtr8g088200","Traes_3AL_6B9D38F0F,Traes_3B_75C958395,Traes_3DL_598708C12,Traes_3DL_E912993A9","GRMZM2G084779","Glyma.03G264100,Glyma.07G042500,Glyma.19G263100","Potri.001G045200,Potri.001G069600,Potri.T133800,Potri.T134000","Sobic.003G413600,Sobic.003G413700","Seita.5G439500","Sevir.5G446100"
"O.sativa","LOC_Os03g54000",NA,"Fe,Cd",NA,NA,NA,NA,"Inferred","AT4G16370","AT4G16370","Medtr4g133968","Traes_5BL_1FB170E61","GRMZM2G421491","Glyma.07G267800,Glyma.17G006100","Potri.006G006000,Potri.016G006500","Sobic.001G087700","Seita.9G090100","Sevir.9G088600"
"O.sativa","LOC_Os03g46470",NA,"Fe,Mn,Co,Cd,Zn",NA,NA,NA,NA,"Inferred","AT4G19690","AT1G31260,AT4G19690","Medtr8g105030","Traes_4AL_9D79BE8FB,Traes_4AL_9F6B106F3,Traes_4BS_6527BBD54,Traes_4DS_F565A7C50","GRMZM2G118821","Glyma.02G126000","Potri.010G134300,Potri.010G135400","Sobic.001G142900,Sobic.001G156800","Seita.9G146100","Sevir.9G144700"
"O.sativa","LOC_Os05g03820",NA,"Cd,As",NA,NA,NA,NA,"Inferred","AT4G23100","AT4G23100","Medtr8g098350","Traes_1BS_D3FD8CC9D","GRMZM2G020096,GRMZM2G111579","Glyma.05G207600,Glyma.08G014300","Potri.001G104500,Potri.003G126900","Sobic.009G029600","Seita.3G050000","Sevir.3G050100"
"O.sativa","LOC_Os07g27790",NA,"Cd,As",NA,NA,NA,NA,"Inferred","AT4G23100","AT4G23100","Medtr8g098350","Traes_1BS_D3FD8CC9D","GRMZM2G020096,GRMZM2G111579","Glyma.05G207600,Glyma.08G014300","Potri.001G104500,Potri.003G126900","Sobic.009G029600","Seita.3G050000","Sevir.3G050100"
"O.sativa","LOC_Os07g25710",NA,"P",NA,NA,NA,NA,"Inferred","AT4G28610","AT2G20400,AT4G28610","Medtr7g098250","Traes_3AS_6EEB8D2B2,Traes_3B_6780F56DD,Traes_3DS_0E0A747A1","GRMZM2G162409","Glyma.03G166400,Glyma.10G039700,Glyma.13G126200,Glyma.19G167500","Potri.002G257800,Potri.013G048000,Potri.019G020900","Sobic.002G121600","Seita.2G118400","Sevir.2G125000"
"O.sativa","LOC_Os01g39770",NA,"K",NA,NA,NA,NA,"Inferred","AT4G33000","AT4G33000","Medtr8g016170","Traes_3AL_8456B7FB8","GRMZM2G116584","Glyma.07G010800,Glyma.08G194000","Potri.006G230200","Sobic.003G196400","Seita.5G259100","Sevir.5G210300"
"O.sativa","LOC_Os01g51420",NA,"K",NA,NA,NA,NA,"Inferred","AT4G33000","AT4G33000","Medtr8g016170","","","Glyma.07G010800,Glyma.08G194000","Potri.006G230200","Sobic.003G275000","Seita.5G291900",""
"O.sativa","LOC_Os06g47550",NA,"Zn",NA,NA,NA,NA,"Inferred","AT4G37270","AT4G37270","Medtr4g094985","Traes_7BL_041308E74","GRMZM2G067853","Glyma.05G098800,Glyma.17G166800","Potri.007G049000","Sobic.010G240500","Seita.4G253000","Sevir.4G265200"
"O.sativa","LOC_Os03g01770",NA,"As,P",NA,NA,NA,NA,"Inferred","AT5G03455","AT5G03455","Medtr7g102310","Traes_1DL_74A35C8D0","GRMZM2G011520","Glyma.19G185200","Potri.006G122700","Sobic.001G538600","Seita.9G574100","Sevir.9G577800"
"O.sativa","LOC_Os03g53110",NA,"Mg",NA,NA,NA,NA,"Inferred","AT5G09690","AT5G09690,AT5G64560","Medtr1g076210,Medtr1g093280","Traes_5BL_6BA3078D9","GRMZM2G159295","Glyma.10G180200,Glyma.20G210300","Potri.008G161400,Potri.010G077900","Sobic.001G095000","Seita.9G097500","Sevir.9G095800"
"O.sativa","LOC_Os11g04020",NA,"Zn,Fe",NA,NA,NA,NA,"Inferred","AT5G13740","AT5G13740,AT5G13750","Medtr3g010820,Medtr3g010850,Medtr3g086440,Medtr8g042770,Medtr8g042780,Medtr8g042870,Medtr8g062990","Traes_4AL_65E56F6F9,Traes_4BS_95007B0FF,Traes_4DS_BB4FCE298,Traes_5AL_9AA8A9036","","Glyma.04G124800,Glyma.06G313500,Glyma.06G313600,Glyma.06G313700,Glyma.13G186400,Glyma.13G186500,Glyma.13G186600,Glyma.13G186700,Glyma.15G224200","","Sobic.008G084800","Seita.3G089200","Sevir.3G091300"
"O.sativa","LOC_Os11g04030",NA,"Zn,Fe",NA,NA,NA,NA,"Inferred","AT5G13740","AT5G13740,AT5G13750","Medtr3g010820,Medtr3g010850,Medtr3g086440,Medtr8g042770,Medtr8g042780,Medtr8g042870,Medtr8g062990","Traes_5AL_37BFFFD9E,Traes_5DL_D338FB08C","GRMZM5G877788","Glyma.04G124800,Glyma.06G313500,Glyma.06G313600,Glyma.06G313700,Glyma.13G186400,Glyma.13G186500,Glyma.13G186600,Glyma.13G186700,Glyma.15G224200","Potri.006G026200,Potri.008G010600,Potri.009G021700,Potri.016G024400","Sobic.005G024700","Seita.7G312000,Seita.8G020600","Sevir.8G023200"
"O.sativa","LOC_Os11g04104",NA,"Zn,Fe",NA,NA,NA,NA,"Inferred","AT5G13740","AT5G13740,AT5G13750","Medtr3g010820,Medtr3g010850,Medtr3g086440,Medtr8g042770,Medtr8g042780,Medtr8g042870,Medtr8g062990","Traes_4BS_1DCF82CB7","GRMZM2G115658,GRMZM2G336448","Glyma.04G124800,Glyma.06G313500,Glyma.06G313600,Glyma.06G313700,Glyma.13G186400,Glyma.13G186500,Glyma.13G186600,Glyma.13G186700,Glyma.15G224200","Potri.006G026200,Potri.008G010600,Potri.009G021700,Potri.016G024400","Sobic.005G024800","Seita.7G312300,Seita.8G020800","Sevir.7G322400,Sevir.8G023400"
"O.sativa","LOC_Os12g03860",NA,"Zn,Fe",NA,NA,NA,NA,"Inferred","AT5G13740","AT5G13740,AT5G13750","Medtr3g010820,Medtr3g010850,Medtr3g086440,Medtr8g042770,Medtr8g042780,Medtr8g042870,Medtr8g062990","Traes_5AL_37BFFFD9E,Traes_5DL_D338FB08C","GRMZM5G877788","Glyma.04G124800,Glyma.06G313500,Glyma.06G313600,Glyma.06G313700,Glyma.13G186400,Glyma.13G186500,Glyma.13G186600,Glyma.13G186700,Glyma.15G224200","Potri.006G026200,Potri.008G010600,Potri.009G021700,Potri.016G024400","Sobic.005G024700","Seita.7G312000,Seita.8G020600","Sevir.8G023200"
"O.sativa","LOC_Os03g55100",NA,"Ca,Mg",NA,NA,NA,NA,"Inferred","AT5G15410","AT5G15410","Medtr7g012260","Traes_5BL_F6419E9D0","GRMZM2G074317,GRMZM5G858887","Glyma.08G241600,Glyma.18G263900","Potri.017G089800,Potri.017G089900","Sobic.001G083800","Seita.9G085500","Sevir.9G083800"
"O.sativa","LOC_Os02g02570",NA,"Fe,Mn,Zn",NA,NA,NA,NA,"Inferred","AT5G17290","AT5G17290","Medtr5g076920","Traes_6AS_71E2F7AA0,Traes_6AS_D63283162,Traes_6BS_0C41C87D1","GRMZM2G098420","Glyma.02G240700,Glyma.14G210200","Potri.017G139700","Sobic.004G013600","Seita.1G112300","Sevir.1G112000"
"O.sativa","LOC_Os05g33810",NA,"Cu",NA,NA,NA,NA,"Inferred","AT5G18830","AT5G18830","Medtr2g020620","Traes_1AL_C921492AA,Traes_1BL_8709BB152,Traes_1DL_93BCED372","GRMZM2G109354","Glyma.13G213400,Glyma.15G099400","Potri.008G197000,Potri.010G026200","Sobic.009G135000","Seita.3G246000","Sevir.3G251900"
"O.sativa","LOC_Os09g26900",NA,"Cu",NA,NA,NA,NA,"Inferred","AT5G20650","AT5G20650","Medtr3g105330","","GRMZM2G003179","Glyma.04G057000,Glyma.06G057400,Glyma.14G107100,Glyma.17G219400","Potri.006G219200","Sobic.001G353200,Sobic.002G215800","Seita.2G218500","Sevir.2G228000"
"O.sativa","LOC_Os06g40370",NA,"Na",NA,NA,NA,NA,"Inferred","AT5G35410","AT5G35410","Medtr4g114670","Traes_7DL_85630E21D","GRMZM2G137569,GRMZM2G171507","Glyma.13G166100,Glyma.17G113700","Potri.006G068400,Potri.018G130500","Sobic.010G186300","Seita.4G221700","Sevir.4G231900"
"O.sativa","LOC_Os01g73420",NA,"Fe",NA,NA,NA,NA,"Inferred","AT5G42130","AT5G42130","Medtr6g034515","","GRMZM2G047457","Glyma.02G084300","Potri.005G189600","Sobic.003G439100","Seita.5G464300","Sevir.5G470600"
"O.sativa","LOC_Os06g33570",NA,"Pb",NA,NA,NA,NA,"Inferred","AT5G53130","AT5G53130","Medtr1g028370,Medtr3g091080,Medtr7g117310","Traes_7AL_73C8ED75D,Traes_7DL_EF8A95CB3","GRMZM2G148118","Glyma.04G237400,Glyma.06G126600,Glyma.14G161600","Potri.002G170000,Potri.012G002200,Potri.014G097900,Potri.015G019100","Sobic.010G153700","Seita.4G168400","Sevir.4G136300"
"O.sativa","LOC_Os07g35870",NA,"Cd,Co,Fe,Mn,Zn",NA,NA,NA,NA,"Inferred","AT5G54680","AT1G51070,AT5G54680","Medtr2g082640,Medtr4g081370","Traes_2AS_FE9AC4EDD,Traes_2BS_7190FAD1A","GRMZM2G058451","Glyma.06G266800,Glyma.12G136300,Glyma.12G214900,Glyma.13G286700","Potri.001G416600,Potri.011G132400","Sobic.002G329300","Seita.2G342600","Sevir.2G352900"
"O.sativa","LOC_Os08g04180",NA,"Cd",NA,NA,NA,NA,"Inferred","AT5G54810","AT4G27070,AT5G54810","Medtr3g049410,Medtr3g051120","Traes_7AL_7C0CB1D06","GRMZM2G005024,GRMZM2G169593","Glyma.08G312300,Glyma.18G102800","Potri.001G420300,Potri.011G136000","Sobic.007G032000","Seita.6G072900","Sevir.6G072000"
"O.sativa","LOC_Os08g15020",NA,"Li,B,Na,Mg,K,Ca,Mn,Fe,Co,Ni,Cu,Zn,Rb,Sr,Mo,Cd",NA,NA,NA,NA,"Inferred","AT5G57620","AT5G57620","Medtr4g128670","Traes_1AL_50CECDF43,Traes_1BL_02507996C","GRMZM2G011422","Glyma.13G094400,Glyma.17G065800","Potri.006G170800,Potri.018G095900","Sobic.007G092300","Seita.6G097100","Sevir.6G105000"
"O.sativa","LOC_Os01g56420",NA,"Cu",NA,NA,NA,NA,"Inferred","AT5G59030","AT2G26975,AT3G46900,AT5G59030","Medtr4g064963,Medtr4g065123,Medtr4g065660","Traes_3B_6A81EC186","GRMZM2G042412","Glyma.11G134700","Potri.001G246000,Potri.006G093300,Potri.009G038700,Potri.009G038800","Sobic.003G310200","Seita.5G333000","Sevir.5G337200,Sevir.5G337400"
"O.sativa","LOC_Os01g56430",NA,"Cu",NA,NA,NA,NA,"Inferred","AT5G59030","AT2G26975,AT3G46900,AT5G59030","Medtr4g064963,Medtr4g065123,Medtr4g065660","","","Glyma.11G134700","Potri.001G246000,Potri.006G093300,Potri.009G038700,Potri.009G038800","","",""
"O.sativa","LOC_Os05g35050",NA,"Cu",NA,NA,NA,NA,"Inferred","AT5G59030","AT2G26975,AT3G46900,AT5G59030","Medtr4g064963,Medtr4g065123,Medtr4g065660","Traes_3B_6A81EC186","","Glyma.11G134700","Potri.001G246000,Potri.006G093300,Potri.009G038700,Potri.009G038800","Sobic.003G310200","Seita.5G333000",""
"O.sativa","LOC_Os01g68970",NA,"K",NA,NA,NA,NA,"Inferred","AT5G64930","AT5G64930","Medtr3g094760","Traes_3AL_2600CE5A9,Traes_3DL_738EEB08B","GRMZM2G032447","Glyma.06G145800","Potri.005G083600,Potri.007G082100","Sobic.003G402900","Seita.5G428700","Sevir.5G434600"
"O.sativa","LOC_Os02g53070",NA,"K",NA,NA,NA,NA,"Inferred","AT5G64930","AT5G64930","Medtr3g094760","Traes_6AL_E7EC461BD,Traes_6BL_D2DF38E7B,Traes_6DL_E3552E85E","GRMZM2G158811","Glyma.06G145800","Potri.005G083600,Potri.007G082100","Sobic.004G312100","Seita.1G334300","Sevir.1G340900"
"O.sativa","LOC_Os07g15460",NA,"Fe",NA,NA,NA,NA,"Inferred","Medtr3g088460","","Medtr3g088440,Medtr3g088460","Traes_7DL_365ECF19A","GRMZM2G366919","","","Sobic.002G095600","Seita.2G100400","Sevir.2G103100"
"O.sativa","LOC_Os03g13390",NA,"Fe",NA,NA,NA,NA,"Inferred","GRMZM2G060952","AT1G59950,AT1G59960","Medtr4g072320,Medtr4g072350,Medtr4g072360,Medtr6g073110","Traes_4AS_887399584","GRMZM2G060952","Glyma.09G169700,Glyma.09G170000,Glyma.16G219400,Glyma.16G219500","Potri.008G193100","Sobic.001G443100","Seita.9G476100","Sevir.9G479900"
