"Species","GeneID","GeneName","Elements","Citation(s) - DOI only","Closest species orthologs","Tissue","Comments","Primary/Inferred","Inferred from?","A.thaliana orthologs","M.truncatula orthologs","O.sativa orthologs","Z.mays orthologs","G.max orthologs","P.trichocarpa orthologs","S.bicolor orthologs","S.italica orthologs","S.viridis orthologs"
"T.aestivum","2AL-TRIAE_CS42_ 2AL_TGACv1_095050_AA0306410","TaIPK1","Fe,Zn","10.3389/fpls.2018.00259",NA,"Seed",NA,"Primary","NA","","","","","","","","",""
"T.aestivum","Traes_4AS_7220D33B3","Ta-PHR1","P","10.1093/aob/mct080",NA,"Shoots",NA,"Primary/Inferred","AT4G28610,LOC_Os03g21240","AT2G20400,AT4G28610","Medtr7g098250","LOC_Os03g21240","GRMZM2G006477","Glyma.03G166400,Glyma.03G250000,Glyma.10G039700,Glyma.13G126200,Glyma.19G167500","","Sobic.001G384300","Seita.9G416300,Seita.9G416300",""
"T.aestivum","Traes_4BL_7091749BF","TaABCC13","Ca","10.1093/jxb/erw224",NA,"Seed",NA,"Primary","NA","","","","GRMZM5G820122","","","","",""
"T.aestivum","Traes_4DL_3F8034BFD","HKT2;1","Na","10.1046/j.1365-313X.2002.01410.x,10.1046/j.1365-313X.2002.01410.x",NA,"Roots",NA,"Primary/Inferred","AT4G10310,LOC_Os01g20160,GRMZM2G047616","AT4G10310","","LOC_Os01g20160","GRMZM2G047616","Glyma.01G002300,Glyma.07G130100","Potri.018G132200","Sobic.003G145800","Seita.5G192900,Seita.5G192900",""
"T.aestivum","Traes_2BL_E11AA2D03",NA,"Fe",NA,NA,NA,NA,"Inferred","AT1G01580","AT1G01580,AT1G01590,AT1G23020","Medtr1g100130,Medtr1g100150,Medtr8g028780,Medtr8g028795","LOC_Os04g48930","","Glyma.07G067700,Glyma.10G231700,Glyma.16G033800,Glyma.18G235900","Potri.004G079100,Potri.004G079200,Potri.014G088000,Potri.017G142700,Potri.017G142800","","",""
"T.aestivum","Traes_4BS_BD7AF055E",NA,"Se,S",NA,NA,NA,NA,"Inferred","AT1G08490","AT1G08490","Medtr3g083980","LOC_Os12g18900","GRMZM2G060470","Glyma.09G021000,Glyma.15G127400","","Sobic.005G014700","Seita.1G134500,Seita.1G134500",""
"T.aestivum","Traes_6AL_75BA4C59A",NA,"P",NA,NA,NA,NA,"Inferred","AT1G12640","AT1G12640,AT1G63050","Medtr4g102750","LOC_Os02g45344","GRMZM2G481755","Glyma.05G049500,Glyma.17G131500","Potri.001G110100,Potri.003G121700","Sobic.004G283600","Seita.1G270400,Seita.1G270400",""
"T.aestivum","Traes_6BL_891A1BAAE",NA,"P",NA,NA,NA,NA,"Inferred","AT1G12640","AT1G12640,AT1G63050","Medtr4g102750","","","Glyma.05G049500,Glyma.17G131500","Potri.001G110100,Potri.003G121700","","",""
"T.aestivum","Traes_6DL_4E31B8DE8",NA,"P",NA,NA,NA,NA,"Inferred","AT1G12640","AT1G12640,AT1G63050","Medtr4g102750","LOC_Os02g45344","GRMZM2G481755","Glyma.05G049500,Glyma.17G131500","Potri.001G110100,Potri.003G121700","Sobic.004G283600","Seita.1G270400,Seita.1G270400",""
"T.aestivum","Traes_4AL_5D644DE5A",NA,"Zn",NA,NA,NA,NA,"Inferred","AT1G14870","AT1G14870,AT1G14880,AT5G35525","Medtr5g017650,Medtr8g104870,Medtr8g104890","LOC_Os03g61470","GRMZM2G119755,GRMZM2G325477","Glyma.05G236200,Glyma.05G236300,Glyma.08G043500","","Sobic.001G024500","Seita.4G003800,Seita.9G024600,Seita.9G052900,Seita.9G053100,Seita.4G003800,Seita.9G024600,Seita.9G052900,Seita.9G053100",""
"T.aestivum","Traes_4AL_B98797B11",NA,"Zn",NA,NA,NA,NA,"Inferred","AT1G14870","AT1G14870,AT1G14880,AT5G35525","Medtr5g017650,Medtr8g104870,Medtr8g104890","LOC_Os03g61470","GRMZM2G119755,GRMZM2G325477","Glyma.05G236200,Glyma.05G236300,Glyma.08G043500","","Sobic.001G024500","Seita.4G003800,Seita.9G024600,Seita.9G052900,Seita.9G053100,Seita.4G003800,Seita.9G024600,Seita.9G052900,Seita.9G053100",""
"T.aestivum","Traes_5BL_04FDA138E1",NA,"Zn",NA,NA,NA,NA,"Inferred","AT1G14870","AT1G14870,AT1G14880,AT5G35525","Medtr5g017650,Medtr8g104870,Medtr8g104890","LOC_Os03g61470","GRMZM2G119755,GRMZM2G325477","Glyma.05G236200,Glyma.05G236300,Glyma.08G043500","","Sobic.001G024700,Sobic.001G024800","Seita.4G003800,Seita.9G024600,Seita.9G052900,Seita.9G053100,Seita.4G003800,Seita.9G024600,Seita.9G052900,Seita.9G053100",""
"T.aestivum","Traes_5BL_33C4FE16E",NA,"Zn",NA,NA,NA,NA,"Inferred","AT1G14870","AT1G14870,AT1G14880,AT5G35525","Medtr5g017650,Medtr8g104870,Medtr8g104890","","GRMZM2G119755,GRMZM2G325477","Glyma.05G236200,Glyma.05G236300,Glyma.08G043500","","Sobic.001G024500","Seita.4G003800,Seita.9G024600,Seita.9G052900,Seita.9G053100,Seita.4G003800,Seita.9G024600,Seita.9G052900,Seita.9G053100",""
"T.aestivum","Traes_5BL_E942C6ACB",NA,"Zn",NA,NA,NA,NA,"Inferred","AT1G14870","AT1G14870,AT1G14880,AT5G35525","Medtr5g017650,Medtr8g104870,Medtr8g104890","LOC_Os03g61470","GRMZM2G119755,GRMZM2G325477","Glyma.05G236200,Glyma.05G236300,Glyma.08G043500","","Sobic.001G024500","Seita.4G003800,Seita.9G024600,Seita.9G052900,Seita.9G053100,Seita.4G003800,Seita.9G024600,Seita.9G052900,Seita.9G053100",""
"T.aestivum","Traes_5DL_8B9E316C1",NA,"Zn",NA,NA,NA,NA,"Inferred","AT1G14870","AT1G14870,AT1G14880,AT5G35525","Medtr5g017650,Medtr8g104870,Medtr8g104890","LOC_Os03g61470","GRMZM2G119755,GRMZM2G325477","Glyma.05G236200,Glyma.05G236300,Glyma.08G043500","","Sobic.001G024500","Seita.4G003800,Seita.9G024600,Seita.9G052900,Seita.9G053100,Seita.4G003800,Seita.9G024600,Seita.9G052900,Seita.9G053100",""
"T.aestivum","Traes_5DL_F62190F0A1",NA,"Zn",NA,NA,NA,NA,"Inferred","AT1G14870","AT1G14870,AT1G14880,AT5G35525","Medtr5g017650,Medtr8g104870,Medtr8g104890","LOC_Os03g61470","GRMZM2G119755,GRMZM2G325477","Glyma.05G236200,Glyma.05G236300,Glyma.08G043500","","Sobic.001G024700,Sobic.001G024800","Seita.4G003800,Seita.9G024600,Seita.9G052900,Seita.9G053100,Seita.4G003800,Seita.9G024600,Seita.9G052900,Seita.9G053100",""
"T.aestivum","Traes_2AS_19B6321CB",NA,"Fe,Zn,Co,Mn",NA,NA,NA,NA,"Inferred","AT1G20110","AT1G20110","Medtr3g114080","","","Glyma.04G023100,Glyma.06G023000","Potri.002G018900,Potri.005G242700","","",""
"T.aestivum","Traes_2BS_CCA9B58A3",NA,"Fe,Zn,Co,Mn",NA,NA,NA,NA,"Inferred","AT1G20110","AT1G20110","Medtr3g114080","LOC_Os07g38580","GRMZM2G061156","Glyma.04G023100,Glyma.06G023000","Potri.002G018900,Potri.005G242700","Sobic.002G348600","Seita.2G363000,Seita.2G363000",""
"T.aestivum","Traes_2AL_D66EA2EB5",NA,"K",NA,NA,NA,NA,"Inferred","AT1G30270","AT1G30270","Medtr2g049790","LOC_Os07g05620","GRMZM2G013236","Glyma.09G089700","Potri.006G062800,Potri.018G119200,Potri.018G122300","Sobic.002G034700","Seita.2G032200,Seita.2G032200",""
"T.aestivum","Traes_2BL_A1F2BF8FC",NA,"K",NA,NA,NA,NA,"Inferred","AT1G30270","AT1G30270","Medtr2g049790","LOC_Os07g05620","GRMZM2G013236","Glyma.09G089700","Potri.006G062800,Potri.018G119200,Potri.018G122300","Sobic.002G034700","Seita.2G032200,Seita.2G032200",""
"T.aestivum","Traes_2DL_2BA772DB5",NA,"K",NA,NA,NA,NA,"Inferred","AT1G30270","AT1G30270","Medtr2g049790","LOC_Os07g05620","GRMZM2G013236","Glyma.09G089700","Potri.006G062800,Potri.018G119200,Potri.018G122300","Sobic.002G034700","Seita.2G032200,Seita.2G032200",""
"T.aestivum","Traes_2AL_0A38A0EFC",NA,"Cd,As",NA,NA,NA,NA,"Inferred","AT1G30400,AT2G34660,LOC_Os04g52900","AT1G30400,AT2G34660","Medtr2g019020","LOC_Os04g52900","GRMZM2G084181","Glyma.13G220000,Glyma.15G092400","Potri.011G091200","Sobic.006G219300","Seita.7G241100,Seita.7G241100",""
"T.aestivum","Traes_2DL_5F40C7E14",NA,"Cd,As",NA,NA,NA,NA,"Inferred","AT1G30400,AT2G34660,LOC_Os04g52900","AT1G30400,AT2G34660","Medtr2g019020","LOC_Os04g52900","GRMZM2G084181","Glyma.13G220000,Glyma.15G092400","","Sobic.006G219300","Seita.7G241100,Seita.7G241100",""
"T.aestivum","Traes_2AS_58901E0DC",NA,"Ca,K,Na,S",NA,NA,NA,NA,"Inferred","AT1G30450","AT1G30450","","","","Glyma.09G085300,Glyma.15G193400","Potri.011G090900","Sobic.005G040700","",""
"T.aestivum","Traes_2DS_6C351FD1B",NA,"Ca,K,Na,S",NA,NA,NA,NA,"Inferred","AT1G30450","AT1G30450","Medtr2g048510","","","Glyma.09G085300,Glyma.15G193400","Potri.011G090900","Sobic.005G040700","",""
"T.aestivum","Traes_5AL_21B739F34",NA,"Ca,K,Na,S",NA,NA,NA,NA,"Inferred","AT1G30450","AT1G30450","Medtr2g048510","LOC_Os08g23440","GRMZM2G113276","Glyma.09G085300,Glyma.15G193400","Potri.011G090900","Sobic.009G105900","Seita.3G275800,Seita.3G275800",""
"T.aestivum","Traes_5BL_0992ADD0A",NA,"Ca,K,Na,S",NA,NA,NA,NA,"Inferred","AT1G30450","AT1G30450","Medtr2g048510","LOC_Os08g23440","GRMZM2G113276","Glyma.09G085300,Glyma.15G193400","Potri.011G090900","Sobic.009G105900","Seita.3G275800,Seita.3G275800",""
"T.aestivum","Traes_5DL_7953B077C",NA,"Ca,K,Na,S",NA,NA,NA,NA,"Inferred","AT1G30450","AT1G30450","Medtr2g048510","LOC_Os08g23440","GRMZM2G113276","Glyma.09G085300,Glyma.15G193400","Potri.011G090900","Sobic.009G105900","Seita.3G275800,Seita.3G275800",""
"T.aestivum","Traes_7AS_2BF62E1DE",NA,"Ca,K,Na,S",NA,NA,NA,NA,"Inferred","AT1G30450","AT1G30450","Medtr2g048510","","GRMZM2G113276","Glyma.09G085300,Glyma.15G193400","Potri.011G090900","","",""
"T.aestivum","Traes_7BS_725BE98D0",NA,"Ca,K,Na,S",NA,NA,NA,NA,"Inferred","AT1G30450","AT1G30450","Medtr2g048510","","GRMZM2G113276","Glyma.09G085300,Glyma.15G193400","Potri.011G090900","","",""
"T.aestivum","Traes_6AL_168121E7E",NA,"K,NO3-",NA,NA,NA,NA,"Inferred","AT1G32450","AT1G32450,AT4G21680","Medtr4g098800,Medtr5g014150,Medtr7g010820","","","Glyma.01G200100,Glyma.05G070600,Glyma.09G237600,Glyma.09G237700,Glyma.11G042000,Glyma.17G153300,Glyma.18G259900,Glyma.18G260000","Potri.001G145200,Potri.003G088800,Potri.014G179400","","",""
"T.aestivum","Traes_6DL_0A59B823C",NA,"K,NO3-",NA,NA,NA,NA,"Inferred","AT1G32450","AT1G32450,AT4G21680","Medtr4g098800,Medtr5g014150,Medtr7g010820","LOC_Os02g46460","GRMZM2G044851","Glyma.01G200100,Glyma.05G070600,Glyma.09G237600,Glyma.09G237700,Glyma.11G042000,Glyma.17G153300,Glyma.18G259900,Glyma.18G260000","Potri.001G145200,Potri.003G088800,Potri.014G179400","Sobic.004G276200","Seita.1G278500,Seita.1G278500",""
"T.aestivum","Traes_3AL_4020ECFB3",NA,"S,Se",NA,NA,NA,NA,"Inferred","AT1G36370","AT1G22020,AT1G36370","Medtr2g006570,Medtr3g073470","LOC_Os01g65410,LOC_Os05g35440","GRMZM2G452630","Glyma.04G254300,Glyma.06G107800,Glyma.08G187800,Glyma.12G170300","Potri.001G212000,Potri.002G090200,Potri.005G170800","Sobic.003G373600","Seita.5G398800,Seita.5G398800",""
"T.aestivum","Traes_3B_AEE1A6778",NA,"S,Se",NA,NA,NA,NA,"Inferred","AT1G36370","AT1G22020,AT1G36370","Medtr2g006570,Medtr3g073470","LOC_Os01g65410,LOC_Os05g35440","GRMZM2G452630","Glyma.04G254300,Glyma.06G107800,Glyma.08G187800,Glyma.12G170300","Potri.001G212000,Potri.002G090200,Potri.005G170800","Sobic.003G373600","Seita.5G398800,Seita.5G398800",""
"T.aestivum","Traes_2BS_CB79BAFB1",NA,"Fe,Cd,Co,Mo",NA,NA,NA,NA,"Inferred","AT1G56430","AT1G09240,AT1G56430,AT5G04950,AT5G56080","Medtr1g084050,Medtr2g034240,Medtr7g112130","LOC_Os07g48980","GRMZM2G050108,GRMZM2G439195,GRMZM2G478568","Glyma.03G231200,Glyma.09G036400,Glyma.19G228400","Potri.005G014300,Potri.005G017300,Potri.010G143100","Sobic.001G151400","Seita.2G440200,Seita.2G440200",""
"T.aestivum","Traes_6AS_5D0B8CF891",NA,"Fe,Cd,Co,Mo",NA,NA,NA,NA,"Inferred","AT1G56430,LOC_Os03g19420","AT1G09240,AT1G56430,AT5G04950,AT5G56080","Medtr1g084050,Medtr2g034240,Medtr7g112130","LOC_Os03g19420,LOC_Os03g19427","AC233955.1_FG003,GRMZM2G030036,GRMZM2G034956,GRMZM2G124785,GRMZM2G312481,GRMZM2G385200,GRMZM2G704488","Glyma.03G231200,Glyma.09G036400,Glyma.19G228400","Potri.005G014300,Potri.005G017300,Potri.010G143100","Sobic.001G395900","Seita.9G429600,Seita.9G429600",""
"T.aestivum","Traes_6DS_0BF81EADB",NA,"Fe,Cd,Co,Mo",NA,NA,NA,NA,"Inferred","AT1G56430","AT1G09240,AT1G56430,AT5G04950,AT5G56080","Medtr1g084050,Medtr2g034240,Medtr7g112130","","","Glyma.03G231200,Glyma.09G036400,Glyma.19G228400","Potri.005G014300,Potri.005G017300,Potri.010G143100","","",""
"T.aestivum","Traes_6DS_1965FC73E",NA,"Fe,Cd,Co,Mo",NA,NA,NA,NA,"Inferred","AT1G56430","AT1G09240,AT1G56430,AT5G04950,AT5G56080","Medtr1g084050,Medtr2g034240,Medtr7g112130","","","Glyma.03G231200,Glyma.09G036400,Glyma.19G228400","","","",""
"T.aestivum","Traes_3AL_D6ED281BC",NA,"Cd",NA,NA,NA,NA,"Inferred","AT1G59870","AT1G15210,AT1G59870,AT3G16340","","LOC_Os01g52560","GRMZM2G000614","Glyma.07G015800,Glyma.08G201300,Glyma.13G355000,Glyma.15G019200","","","Seita.5G302300,Seita.5G302300",""
"T.aestivum","Traes_3DL_94539BFE9",NA,"Cd",NA,NA,NA,NA,"Inferred","AT1G59870","AT1G15210,AT1G59870,AT3G16340","","","GRMZM2G000614","Glyma.07G015800,Glyma.08G201300,Glyma.13G355000,Glyma.15G019200","","","",""
"T.aestivum","Traes_3DL_94539BFE91",NA,"Cd",NA,NA,NA,NA,"Inferred","AT1G59870","AT1G15210,AT1G59870,AT3G16340","","","GRMZM2G000614","Glyma.07G015800,Glyma.08G201300,Glyma.13G355000,Glyma.15G019200","","","",""
"T.aestivum","Traes_1BS_D68F0BED6",NA,"Fe",NA,NA,NA,NA,"Inferred","AT1G60960","AT1G10970,AT1G60960,AT4G33020","Medtr1g016120,Medtr3g104400","LOC_Os05g10940","GRMZM2G015955","Glyma.14G094900,Glyma.17G228600","Potri.018G053300","Sobic.009G073100","Seita.3G112800,Seita.3G112800",""
"T.aestivum","Traes_1DS_C2EFEFBB9",NA,"Fe",NA,NA,NA,NA,"Inferred","AT1G60960","AT1G10970,AT1G60960,AT4G33020","Medtr1g016120,Medtr3g104400","LOC_Os05g10940","GRMZM2G015955","Glyma.14G094900,Glyma.17G228600","Potri.018G053300","Sobic.009G073100","Seita.3G112800,Seita.3G112800",""
"T.aestivum","Traes_2BS_DDCEEE1DE",NA,"S,Se",NA,NA,NA,NA,"Inferred","AT1G62180","AT1G62180,AT4G04610,AT4G21990","Medtr2g023540","LOC_Os07g32570","AC189750.4_FG004,GRMZM2G087254","Glyma.07G261500,Glyma.09G004400,Glyma.15G108700","Potri.004G012100,Potri.T104400","Sobic.002G314300","Seita.2G327500,Seita.2G327500",""
"T.aestivum","Traes_2DS_46D766017",NA,"S,Se",NA,NA,NA,NA,"Inferred","AT1G62180","AT1G62180,AT4G04610,AT4G21990","Medtr2g023540","","","Glyma.07G261500,Glyma.09G004400,Glyma.15G108700","Potri.004G012100,Potri.T104400","","",""
"T.aestivum","Traes_2AL_D0EABF355",NA,"Cu",NA,NA,NA,NA,"Inferred","AT1G63440,LOC_Os04g46940","AT1G63440","Medtr5g010420,Medtr8g079250","LOC_Os04g46940","GRMZM2G143512,GRMZM2G144083","Glyma.01G219100,Glyma.19G140000","Potri.001G105800,Potri.003G125600,Potri.003G125700","Sobic.006G173700,Sobic.006G173800","Seita.7G193900,Seita.7G194000,Seita.7G193900,Seita.7G194000",""
"T.aestivum","Traes_2BL_19B3E60AA",NA,"Cu",NA,NA,NA,NA,"Inferred","AT1G63440,LOC_Os04g46940","AT1G63440","Medtr5g010420,Medtr8g079250","LOC_Os04g46940","GRMZM2G143512,GRMZM2G144083","Glyma.01G219100,Glyma.19G140000","","Sobic.006G173700,Sobic.006G173800","Seita.7G193900,Seita.7G194000,Seita.7G193900,Seita.7G194000",""
"T.aestivum","Traes_2DL_51FF05F66",NA,"Cu",NA,NA,NA,NA,"Inferred","AT1G63440,LOC_Os04g46940","AT1G63440","Medtr5g010420,Medtr8g079250","LOC_Os04g46940","GRMZM2G143512,GRMZM2G144083","Glyma.01G219100,Glyma.19G140000","Potri.001G105800,Potri.003G125600,Potri.003G125700","Sobic.006G173700,Sobic.006G173800","Seita.7G193900,Seita.7G194000,Seita.7G193900,Seita.7G194000",""
"T.aestivum","Traes_7AL_4C5A18F7C",NA,"Cu",NA,NA,NA,NA,"Inferred","AT1G66240,LOC_Os08g10480","AT1G66240","Medtr1g092670","LOC_Os08g10480","","Glyma.10G203200,Glyma.20G187100","Potri.008G023800,Potri.010G236500","Sobic.008G179500","Seita.8G110600,Seita.8G110600",""
"T.aestivum","Traes_7DL_4B6FAFD6B",NA,"Cu",NA,NA,NA,NA,"Inferred","AT1G66240,LOC_Os08g10480","AT1G66240","Medtr1g092670","LOC_Os08g10480","","Glyma.10G203200,Glyma.20G187100","Potri.008G023800,Potri.010G236500","Sobic.008G179500","Seita.8G110600,Seita.8G110600",""
"T.aestivum","Traes_7AL_08B2A7BB2",NA,"Mn",NA,NA,NA,NA,"Inferred","AT1G80830","AT1G15960,AT1G80830","Medtr2g104990","LOC_Os06g46310","GRMZM2G069198","Glyma.07G023600,Glyma.08G218200,Glyma.13G369900,Glyma.15G003500","Potri.001G044900","Sobic.010G227800","Seita.4G263200,Seita.4G263200",""
"T.aestivum","Traes_7BL_CA6B7C9E6",NA,"Mn",NA,NA,NA,NA,"Inferred","AT1G80830","AT1G15960,AT1G80830","Medtr2g104990","LOC_Os06g46310","GRMZM2G069198","Glyma.07G023600,Glyma.08G218200,Glyma.13G369900,Glyma.15G003500","Potri.001G044900","Sobic.010G227800","Seita.4G263200,Seita.4G263200",""
"T.aestivum","Traes_7DL_26A2F4353",NA,"Mn",NA,NA,NA,NA,"Inferred","AT1G80830","AT1G15960,AT1G80830","Medtr2g104990","LOC_Os06g46310","GRMZM2G069198","Glyma.07G023600,Glyma.08G218200,Glyma.13G369900,Glyma.15G003500","","Sobic.010G227800","Seita.4G263200,Seita.4G263200",""
"T.aestivum","Traes_2AL_A3A25F40E",NA,"Fe,Zn",NA,NA,NA,NA,"Inferred","AT2G01770,LOC_Os04g38940","AT2G01770","Medtr8g105790,Medtr8g105810","LOC_Os04g38940","GRMZM2G107306","Glyma.05G240600,Glyma.08G047500","Potri.010G104200","Sobic.006G109000","Seita.7G126700,Seita.7G126700",""
"T.aestivum","Traes_2BL_54954138A",NA,"Fe,Zn",NA,NA,NA,NA,"Inferred","AT2G01770,LOC_Os04g38940","AT2G01770","Medtr8g105790,Medtr8g105810","LOC_Os04g38940","GRMZM2G107306","Glyma.05G240600,Glyma.08G047500","Potri.010G104200","Sobic.006G109000","Seita.7G126700,Seita.7G126700",""
"T.aestivum","Traes_2DL_B37EC8078",NA,"Fe,Zn",NA,NA,NA,NA,"Inferred","AT2G01770,LOC_Os04g38940","AT2G01770","Medtr8g105790,Medtr8g105810","LOC_Os04g38940","GRMZM2G107306","Glyma.05G240600,Glyma.08G047500","Potri.010G104200","Sobic.006G109000","Seita.7G126700,Seita.7G126700",""
"T.aestivum","Traes_5BL_7CE3EDE29",NA,"Fe,Zn",NA,NA,NA,NA,"Inferred","AT2G01770,LOC_Os09g23300","AT2G01770","Medtr8g105790,Medtr8g105810","LOC_Os09g23300","GRMZM2G074672","Glyma.05G240600,Glyma.08G047500","Potri.010G104200","Sobic.002G194600","Seita.2G197500,Seita.2G197500",""
"T.aestivum","Traes_5DL_DA6449AC6",NA,"Fe,Zn",NA,NA,NA,NA,"Inferred","AT2G01770,LOC_Os09g23300","AT2G01770","Medtr8g105790,Medtr8g105810","LOC_Os09g23300","GRMZM2G074672","Glyma.05G240600,Glyma.08G047500","Potri.010G104200","Sobic.002G194600","Seita.2G197500,Seita.2G197500",""
"T.aestivum","Traes_3B_03F2D00E9",NA,"Na",NA,NA,NA,NA,"Inferred","AT2G01980","AT2G01980","","LOC_Os12g44360","GRMZM2G098494","Glyma.08G092000","","Sobic.008G192900","Seita.3G409000,Seita.3G409000",""
"T.aestivum","Traes_4BS_9831A28AE",NA,"S",NA,NA,NA,NA,"Inferred","AT2G13540","AT2G13540","Medtr7g083840","LOC_Os03g22570","GRMZM2G083689","Glyma.16G049600,Glyma.19G101600","Potri.009G049200","Sobic.001G373800","Seita.9G406000,Seita.9G406000",""
"T.aestivum","Traes_5AS_6F02C9967",NA,"Zn",NA,NA,NA,NA,"Inferred","AT2G16770,AT4G35040","AT2G16770,AT4G35040","Medtr4g073100","","","Glyma.11G108100,Glyma.12G033000","Potri.004G175200,Potri.009G134900","","",""
"T.aestivum","Traes_5BS_FC54F9BEA",NA,"Zn",NA,NA,NA,NA,"Inferred","AT2G16770,AT4G35040","AT2G16770,AT4G35040","Medtr4g073100","LOC_Os06g50310","GRMZM2G000171,GRMZM2G055413","Glyma.11G108100,Glyma.12G033000","Potri.004G175200,Potri.009G134900","Sobic.010G267500","Seita.4G281600,Seita.9G059700,Seita.4G281600,Seita.9G059700",""
"T.aestivum","Traes_5DS_4F7973584",NA,"Zn",NA,NA,NA,NA,"Inferred","AT2G16770,AT4G35040","AT2G16770,AT4G35040","Medtr4g073100","LOC_Os06g50310","GRMZM2G000171,GRMZM2G055413","Glyma.11G108100,Glyma.12G033000","Potri.004G175200,Potri.009G134900","Sobic.010G267500","Seita.4G281600,Seita.9G059700,Seita.4G281600,Seita.9G059700",""
"T.aestivum","Traes_7AL_A8CAE984E",NA,"Zn",NA,NA,NA,NA,"Inferred","AT2G16770,AT4G35040","AT2G16770,AT4G35040","Medtr4g073100","","","Glyma.11G108100,Glyma.12G033000","Potri.004G175200,Potri.009G134900","","",""
"T.aestivum","Traes_5BL_D6C3DC326",NA,"Zn,Cd",NA,NA,NA,NA,"Inferred","AT2G19110,AT4G30110,LOC_Os07g12900","AT2G19110,AT4G30110","","LOC_Os07g12900","GRMZM2G175576","","Potri.006G076900","Sobic.002G083100","Seita.2G090300,Seita.2G090300",""
"T.aestivum","Traes_6AS_E5666AE7C",NA,"As",NA,NA,NA,NA,"Inferred","AT2G21045","AT2G21045","Medtr2g017630,Medtr5g022390,Medtr8g075420","","AC204711.3_FG003","Glyma.01G165300,Glyma.02G047000,Glyma.11G077900,Glyma.12G017900,Glyma.16G126500","Potri.005G111200,Potri.014G131300","Sobic.004G002600","Seita.1G002000,Seita.1G002000",""
"T.aestivum","Traes_4BS_9337E9B2F",NA,"Fe,Mn,Zn",NA,NA,NA,NA,"Inferred","AT2G23150","AT1G47240,AT2G23150","Medtr3g102620,Medtr4g095075,Medtr5g016270","","","Glyma.01G190700,Glyma.04G044000,Glyma.05G101700,Glyma.06G044200,Glyma.11G051500,Glyma.17G165200","Potri.002G121000","","Seita.9G171400,Seita.9G171400",""
"T.aestivum","Traes_5BS_DE1CD2DA4",NA,"Fe,Mn,Zn",NA,NA,NA,NA,"Inferred","AT2G23150","AT1G47240,AT2G23150","Medtr3g102620,Medtr4g095075,Medtr5g016270","LOC_Os12g39180","GRMZM2G028036","Glyma.01G190700,Glyma.04G044000,Glyma.05G101700,Glyma.06G044200,Glyma.11G051500,Glyma.17G165200","Potri.002G121000","Sobic.008G143700","Seita.3G367300,Seita.3G367300",""
"T.aestivum","Traes_5DS_8FAA08B51",NA,"Fe,Mn,Zn",NA,NA,NA,NA,"Inferred","AT2G23150","AT1G47240,AT2G23150","Medtr3g102620,Medtr4g095075,Medtr5g016270","LOC_Os12g39180","GRMZM2G028036","Glyma.01G190700,Glyma.04G044000,Glyma.05G101700,Glyma.06G044200,Glyma.11G051500,Glyma.17G165200","Potri.002G121000","Sobic.008G143700","Seita.3G367300,Seita.3G367300",""
"T.aestivum","Traes_2AL_1855F06E3",NA,"Mo",NA,NA,NA,NA,"Inferred","AT2G25680,Medtr1g010270,Medtr3g464210,LOC_Os08g01120","AT2G25680","Medtr1g010210,Medtr1g010270,Medtr3g108190,Medtr3g464210","LOC_Os08g01120","GRMZM2G083156","Glyma.04G073000,Glyma.06G074100,Glyma.14G130000,Glyma.17G203000,Glyma.17G203200,Glyma.17G203500","Potri.006G245900,Potri.006G246000","Sobic.001G187300","Seita.9G184500,Seita.9G184500",""
"T.aestivum","Traes_2BL_9560982FA",NA,"Mo",NA,NA,NA,NA,"Inferred","AT2G25680,Medtr1g010270,Medtr3g464210,LOC_Os08g01120","AT2G25680","Medtr1g010210,Medtr1g010270,Medtr3g108190,Medtr3g464210","LOC_Os08g01120","","Glyma.04G073000,Glyma.06G074100,Glyma.14G130000,Glyma.17G203000,Glyma.17G203200,Glyma.17G203500","Potri.006G245900,Potri.006G246000","","",""
"T.aestivum","Traes_2AL_088338613",NA,"Fe",NA,NA,NA,NA,"Inferred","AT2G28160","AT2G28160","Medtr2g038040","LOC_Os04g31290","GRMZM2G107672,GRMZM2G173521,GRMZM2G313756","Glyma.11G192800,Glyma.12G081200,Glyma.12G178500,Glyma.13G322100","Potri.009G005600,Potri.T155900","Sobic.006G047200","Seita.7G069900,Seita.7G070000,Seita.7G069900,Seita.7G070000",""
"T.aestivum","Traes_2BL_F442E87DD",NA,"Fe",NA,NA,NA,NA,"Inferred","AT2G28160","AT2G28160","Medtr2g038040","LOC_Os04g31290","GRMZM2G107672,GRMZM2G173521,GRMZM2G313756","Glyma.11G192800,Glyma.12G081200,Glyma.12G178500,Glyma.13G322100","Potri.009G005600,Potri.T155900","Sobic.006G047200","Seita.7G069900,Seita.7G070000,Seita.7G069900,Seita.7G070000",""
"T.aestivum","Traes_4DL_BEA8B1874",NA,"Ca,Mn,Zn,Na,S,K,As,Se,Mo",NA,NA,NA,NA,"Inferred","AT2G28670","AT1G07730,AT2G28670,AT2G39430,AT3G55230","Medtr1g115510,Medtr4g062460,Medtr4g062470,Medtr4g062520,Medtr7g021300","LOC_Os03g17220","GRMZM2G049318","Glyma.08G258300,Glyma.11G144000,Glyma.11G144200,Glyma.11G144400,Glyma.12G067400,Glyma.18G282600","Potri.008G049100,Potri.008G049200,Potri.010G211800,Potri.010G211900","Sobic.001G414800","Seita.9G448600,Seita.9G448600",""
"T.aestivum","Traes_4AL_C56125840",NA,"P",NA,NA,NA,NA,"Inferred","AT2G32830,AT2G38940","AT2G32830,AT2G38940,AT3G54700,AT5G43360","","LOC_Os10g30790","GRMZM2G154090,GRMZM2G326707","Glyma.02G005800,Glyma.03G162800,Glyma.10G036800,Glyma.10G186400,Glyma.19G164300,Glyma.20G204100","Potri.001G318500,Potri.002G038900,Potri.005G223500,Potri.005G223600,Potri.010G071600,Potri.010G071700,Potri.010G072000","Sobic.001G234800","Seita.9G238300,Seita.9G238300",""
"T.aestivum","Traes_5BL_1CF10603C",NA,"P",NA,NA,NA,NA,"Inferred","AT2G32830,AT2G38940","AT2G32830,AT2G38940,AT3G54700,AT5G43360","","LOC_Os10g30790","GRMZM2G154090,GRMZM2G326707","Glyma.02G005800,Glyma.03G162800,Glyma.10G036800,Glyma.10G186400,Glyma.19G164300,Glyma.20G204100","Potri.001G318500,Potri.002G038900,Potri.005G223500,Potri.005G223600,Potri.010G071600,Potri.010G071700,Potri.010G072000","Sobic.001G234800","Seita.9G238300,Seita.9G238300",""
"T.aestivum","Traes_5BL_FC28B66D8",NA,"P",NA,NA,NA,NA,"Inferred","AT2G32830,AT2G38940","AT2G32830,AT2G38940,AT3G54700,AT5G43360","Medtr1g069930,Medtr1g069935,Medtr7g096870,Medtr7g096880","LOC_Os08g45000","GRMZM2G112377","Glyma.02G005800,Glyma.03G162800,Glyma.10G036800,Glyma.10G186400,Glyma.19G164300,Glyma.20G204100","","","",""
"T.aestivum","Traes_5DL_391DF2590",NA,"P",NA,NA,NA,NA,"Inferred","AT2G32830,AT2G38940","AT2G32830,AT2G38940,AT3G54700,AT5G43360","Medtr1g069930,Medtr1g069935,Medtr7g096870,Medtr7g096880","LOC_Os10g30790","GRMZM2G154090,GRMZM2G326707","Glyma.02G005800,Glyma.03G162800,Glyma.10G036800,Glyma.10G186400,Glyma.19G164300,Glyma.20G204100","Potri.001G318500,Potri.002G038900,Potri.005G223500,Potri.005G223600,Potri.010G071600,Potri.010G071700,Potri.010G072000","Sobic.001G234800","Seita.9G238300,Seita.9G238300",""
"T.aestivum","Traes_5DL_D473C031B",NA,"P",NA,NA,NA,NA,"Inferred","AT2G32830,AT2G38940","AT2G32830,AT2G38940,AT3G54700,AT5G43360","","","","Glyma.02G005800,Glyma.03G162800,Glyma.10G036800,Glyma.10G186400,Glyma.19G164300,Glyma.20G204100","Potri.001G318500,Potri.002G038900,Potri.005G223500,Potri.005G223600,Potri.010G071600,Potri.010G071700,Potri.010G072000","","Seita.9G238300,Seita.9G238300",""
"T.aestivum","Traes_5DL_E15C27E9B",NA,"P",NA,NA,NA,NA,"Inferred","AT2G32830,AT2G38940","AT2G32830,AT2G38940,AT3G54700,AT5G43360","","","","Glyma.02G005800,Glyma.03G162800,Glyma.10G036800,Glyma.10G186400,Glyma.19G164300,Glyma.20G204100","Potri.001G318500,Potri.002G038900,Potri.005G223500,Potri.005G223600,Potri.010G071600,Potri.010G071700,Potri.010G072000","","Seita.9G238300,Seita.9G238300",""
"T.aestivum","Traes_1AL_E5224B6EA",NA,"P",NA,NA,NA,NA,"Inferred","AT2G33770,LOC_Os05g48390","AT2G33770","Medtr2g013650,Medtr4g020620,Medtr4g088835","LOC_Os05g48390","GRMZM2G381709,GRMZM2G464572","Glyma.07G196500,Glyma.13G179600,Glyma.13G239100,Glyma.15G074200","Potri.004G043500,Potri.011G052600","Sobic.009G228100","Seita.3G150400,Seita.3G150400",""
"T.aestivum","Traes_1BL_241A3B9EF",NA,"P",NA,NA,NA,NA,"Inferred","AT2G33770,LOC_Os05g48390","AT2G33770","Medtr2g013650,Medtr4g020620,Medtr4g088835","LOC_Os05g48390","GRMZM2G381709,GRMZM2G464572","Glyma.07G196500,Glyma.13G179600,Glyma.13G239100,Glyma.15G074200","","Sobic.009G228100","Seita.3G150400,Seita.3G150400",""
"T.aestivum","Traes_1DL_F122253A3",NA,"P",NA,NA,NA,NA,"Inferred","AT2G33770,LOC_Os05g48390","AT2G33770","Medtr2g013650,Medtr4g020620,Medtr4g088835","LOC_Os05g48390","GRMZM2G381709,GRMZM2G464572","Glyma.07G196500,Glyma.13G179600,Glyma.13G239100,Glyma.15G074200","","Sobic.009G228100","Seita.3G150400,Seita.3G150400",""
"T.aestivum","Traes_4AL_B808CA890",NA,"Ni",NA,NA,NA,NA,"Inferred","AT2G37430","AT2G37430,AT3G53600","","LOC_Os11g47630","GRMZM2G338056","","","","Seita.8G247300,Seita.8G248000,Seita.8G247300,Seita.8G248000",""
"T.aestivum","Traes_4DS_276818E4F",NA,"Ni",NA,NA,NA,NA,"Inferred","AT2G37430","AT2G37430,AT3G53600","","LOC_Os11g47630","GRMZM2G338056","","","","Seita.8G247300,Seita.8G248000,Seita.8G247300,Seita.8G248000",""
"T.aestivum","Traes_4DL_A266BC7CA",NA,"Co,Ni",NA,NA,NA,NA,"Inferred","AT2G38460,AT5G03570","AT2G38460,AT5G03570","Medtr4g013240,Medtr4g013245","LOC_Os06g36450","GRMZM2G148060","Glyma.01G128300,Glyma.03G042400","Potri.016G128500,Potri.016G128600,Potri.T141700","Sobic.010G168400","Seita.4G269800,Seita.4G269800",""
"T.aestivum","Traes_1AL_4FB613BF5",NA,"Mn",NA,NA,NA,NA,"Inferred","AT2G39450","AT2G39450","Medtr7g022890","","","Glyma.02G095400,Glyma.18G286100","Potri.008G049600,Potri.010G211300","","",""
"T.aestivum","Traes_1BL_3E65FFB6B",NA,"Mn",NA,NA,NA,NA,"Inferred","AT2G39450","AT2G39450","Medtr7g022890","","","Glyma.02G095400,Glyma.18G286100","","","",""
"T.aestivum","Traes_1DL_47B0A6A7A",NA,"Mn",NA,NA,NA,NA,"Inferred","AT2G39450","AT2G39450","Medtr7g022890","","","Glyma.02G095400,Glyma.18G286100","Potri.008G049600,Potri.010G211300","","",""
"T.aestivum","Traes_3B_8D1DAA8DE",NA,"Mn",NA,NA,NA,NA,"Inferred","AT2G39450","AT2G39450","Medtr7g022890","LOC_Os01g62070","GRMZM2G014454","Glyma.02G095400,Glyma.18G286100","Potri.008G049600,Potri.010G211300","Sobic.003G349200","Seita.3G215300,Seita.5G374300,Seita.3G215300,Seita.5G374300",""
"T.aestivum","Traes_1AS_520F23BD4",NA,"Zn",NA,NA,NA,NA,"Inferred","AT2G46800","AT2G46800","Medtr2g036390,Medtr8g024240","LOC_Os05g03780","GRMZM2G036908,GRMZM2G477741","Glyma.07G049200,Glyma.16G017800","","Sobic.009G029500","Seita.3G049900,Seita.3G049900",""
"T.aestivum","Traes_1BS_7F56C8B50",NA,"Zn",NA,NA,NA,NA,"Inferred","AT2G46800","AT2G46800","Medtr2g036390,Medtr8g024240","LOC_Os05g03780","GRMZM2G036908,GRMZM2G477741","Glyma.07G049200,Glyma.16G017800","","Sobic.009G029500","Seita.3G049900,Seita.3G049900",""
"T.aestivum","Traes_1DS_A22F0D613",NA,"Zn",NA,NA,NA,NA,"Inferred","AT2G46800","AT2G46800","Medtr2g036390,Medtr8g024240","LOC_Os05g03780","GRMZM2G036908,GRMZM2G477741","Glyma.07G049200,Glyma.16G017800","Potri.001G450900,Potri.011G150600","Sobic.009G029500","Seita.3G049900,Seita.3G049900",""
"T.aestivum","Traes_4BL_8D52C046B",NA,"Zn",NA,NA,NA,NA,"Inferred","AT2G46800","AT2G46800","Medtr2g036390,Medtr8g024240","","","Glyma.07G049200,Glyma.16G017800","Potri.001G450900,Potri.011G150600","","",""
"T.aestivum","Traes_4DL_B61644BA1",NA,"Zn",NA,NA,NA,NA,"Inferred","AT2G46800","AT2G46800","Medtr2g036390,Medtr8g024240","","","Glyma.07G049200,Glyma.16G017800","","","",""
"T.aestivum","Traes_5AS_B9B99F1F2",NA,"B",NA,NA,NA,NA,"Inferred","AT2G47160,AT3G62270,LOC_Os12g37840","AT2G47160,AT3G62270","Medtr7g110000","LOC_Os12g37840","GRMZM2G082203,GRMZM2G166159","Glyma.03G222300,Glyma.19G219500","Potri.008G100300","Sobic.008G132300","Seita.3G333100,Seita.3G333100",""
"T.aestivum","Traes_5BS_AE9A54888",NA,"B",NA,NA,NA,NA,"Inferred","AT2G47160,AT3G62270,LOC_Os12g37840","AT2G47160,AT3G62270","Medtr7g110000","LOC_Os12g37840","GRMZM2G082203,GRMZM2G166159","Glyma.03G222300,Glyma.19G219500","","Sobic.008G132300","Seita.3G333100,Seita.3G333100",""
"T.aestivum","Traes_5DS_94753D198",NA,"B",NA,NA,NA,NA,"Inferred","AT2G47160,AT3G62270","AT2G47160,AT3G62270","Medtr7g110000","","","Glyma.03G222300,Glyma.19G219500","Potri.008G100300","","",""
"T.aestivum","Traes_6AL_5B7EC197B",NA,"Na,K,Rb,Mg,Ca,Fe,Mo",NA,NA,NA,NA,"Inferred","AT3G06060","AT3G06060,AT5G19200","Medtr2g022600,Medtr3g098750","LOC_Os02g47350","GRMZM2G147701,GRMZM2G167431","Glyma.13G207200,Glyma.15G105400","Potri.010G191800","Sobic.004G269700","Seita.1G287300,Seita.1G287300",""
"T.aestivum","Traes_6BL_75894702B",NA,"Na,K,Rb,Mg,Ca,Fe,Mo",NA,NA,NA,NA,"Inferred","AT3G06060","AT3G06060,AT5G19200","Medtr2g022600,Medtr3g098750","","","Glyma.13G207200,Glyma.15G105400","Potri.010G191800","","",""
"T.aestivum","Traes_2AL_BE05B34FF",NA,"Mn",NA,NA,NA,NA,"Inferred","AT3G12750","AT3G12750,AT5G62160","Medtr2g064310,Medtr3g081580,Medtr3g081640,Medtr3g081690,Medtr3g082050","LOC_Os07g12890","GRMZM2G093276","Glyma.08G164400,Glyma.15G262800","Potri.006G006600,Potri.006G006800,Potri.008G083100,Potri.010G173300","Sobic.002G083200","Seita.2G090600,Seita.2G090600",""
"T.aestivum","Traes_2BL_A1BCBD2BE",NA,"Mn",NA,NA,NA,NA,"Inferred","AT3G12750","AT3G12750,AT5G62160","Medtr2g064310,Medtr3g081580,Medtr3g081640,Medtr3g081690,Medtr3g082050","LOC_Os07g12890","GRMZM2G093276","Glyma.08G164400,Glyma.15G262800","Potri.006G006600,Potri.006G006800,Potri.008G083100,Potri.010G173300","Sobic.002G083200","Seita.2G090600,Seita.2G090600",""
"T.aestivum","Traes_2BS_9D8F265EC",NA,"Mn",NA,NA,NA,NA,"Inferred","AT3G12750","AT3G12750,AT5G62160","Medtr2g064310,Medtr3g081580,Medtr3g081640,Medtr3g081690,Medtr3g082050","LOC_Os07g12890","GRMZM2G093276","Glyma.08G164400,Glyma.15G262800","Potri.006G006600,Potri.006G006800,Potri.008G083100,Potri.010G173300","Sobic.002G083200","Seita.2G090600,Seita.2G090600",""
"T.aestivum","Traes_2DL_8ABC5346E",NA,"Mn",NA,NA,NA,NA,"Inferred","AT3G12750","AT3G12750,AT5G62160","","","","","","","",""
"T.aestivum","Traes_2DL_D0582A4B1",NA,"Mn",NA,NA,NA,NA,"Inferred","AT3G12750","AT3G12750,AT5G62160","Medtr2g064310,Medtr3g081580,Medtr3g081640,Medtr3g081690,Medtr3g082050","","","Glyma.08G164400,Glyma.15G262800","Potri.006G006600,Potri.006G006800,Potri.008G083100,Potri.010G173300","","",""
"T.aestivum","Traes_2DS_6E24A6653",NA,"Mn",NA,NA,NA,NA,"Inferred","AT3G12750","AT3G12750,AT5G62160","Medtr2g064310,Medtr3g081580,Medtr3g081640,Medtr3g081690,Medtr3g082050","","","Glyma.08G164400,Glyma.15G262800","Potri.006G006600,Potri.006G006800,Potri.008G083100,Potri.010G173300","","",""
"T.aestivum","Traes_4BS_0F601AE0D",NA,"Mn,Fe,K,P",NA,NA,NA,NA,"Inferred","AT3G13320","AT1G55720,AT1G55730,AT3G13320","Medtr2g105640","LOC_Os03g27960","GRMZM2G046480,GRMZM2G053004","Glyma.13G372100,Glyma.15G001600","Potri.010G249200","Sobic.001G346500","Seita.9G374300,Seita.9G374300",""
"T.aestivum","Traes_4DL_4DD8BAC21",NA,"Mn,Fe,K,P",NA,NA,NA,NA,"Inferred","AT3G13320","AT1G55720,AT1G55730,AT3G13320","Medtr2g105640","LOC_Os03g27960","GRMZM2G046480,GRMZM2G053004","Glyma.13G372100,Glyma.15G001600","Potri.010G249200","Sobic.001G346500","Seita.9G374300,Seita.9G374300",""
"T.aestivum","Traes_2AL_533B673F0",NA,"Na,Fe,Zn,Mn,Mo",NA,NA,NA,NA,"Inferred","AT3G15380","AT3G15380","Medtr2g079490,Medtr8g059125","LOC_Os04g58470,LOC_Os04g58504","GRMZM2G051917","Glyma.06G246600,Glyma.12G150800,Glyma.12G223200,Glyma.13G278300","Potri.011G121100","Sobic.006G270400","Seita.3G012800,Seita.3G012800",""
"T.aestivum","Traes_2BL_3DDB1826B",NA,"Na,Fe,Zn,Mn,Mo",NA,NA,NA,NA,"Inferred","AT3G15380","AT3G15380","Medtr2g079490,Medtr8g059125","LOC_Os04g58470,LOC_Os04g58504","GRMZM2G051917","Glyma.06G246600,Glyma.12G150800,Glyma.12G223200,Glyma.13G278300","Potri.011G121100","Sobic.006G270400","Seita.3G012800,Seita.3G012800",""
"T.aestivum","Traes_2DL_DCE370754",NA,"Na,Fe,Zn,Mn,Mo",NA,NA,NA,NA,"Inferred","AT3G15380","AT3G15380","Medtr2g079490,Medtr8g059125","LOC_Os04g58470,LOC_Os04g58504","GRMZM2G051917","Glyma.06G246600,Glyma.12G150800,Glyma.12G223200,Glyma.13G278300","Potri.011G121100","Sobic.006G270400","Seita.3G012800,Seita.3G012800",""
"T.aestivum","Traes_7BL_3902E0349",NA,"Na,Fe,Zn,Mn,Mo",NA,NA,NA,NA,"Inferred","AT3G15380","AT3G15380","Medtr2g079490,Medtr8g059125","","GRMZM2G125768","Glyma.06G246600,Glyma.12G150800,Glyma.12G223200,Glyma.13G278300","Potri.011G121100","Sobic.007G000700","Seita.6G001600,Seita.6G001600",""
"T.aestivum","Traes_7DL_6F84F387C",NA,"Na,Fe,Zn,Mn,Mo",NA,NA,NA,NA,"Inferred","AT3G15380","AT3G15380","Medtr2g079490,Medtr8g059125","","GRMZM2G125768","Glyma.06G246600,Glyma.12G150800,Glyma.12G223200,Glyma.13G278300","Potri.011G121100","Sobic.007G000700","Seita.6G001600,Seita.6G001600",""
"T.aestivum","Traes_1DL_94289C61D",NA,"Fe,Zn,Mn",NA,NA,NA,NA,"Inferred","AT3G18290","AT3G18290","Medtr6g083900,Medtr8g104410","","","Glyma.05G237500,Glyma.07G093700,Glyma.08G044700,Glyma.09G182600","Potri.008G123300,Potri.010G122200,Potri.012G055100","Sobic.009G222200","Seita.3G156900,Seita.3G156900",""
"T.aestivum","Traes_3AL_667B9174E",NA,"Fe,Zn,Mn",NA,NA,NA,NA,"Inferred","AT3G18290","AT3G18290","Medtr6g083900,Medtr8g104410","LOC_Os01g49470","GRMZM2G175661,GRMZM2G312712","Glyma.05G237500,Glyma.07G093700,Glyma.08G044700,Glyma.09G182600","Potri.008G123300,Potri.010G122200,Potri.012G055100","Sobic.003G262200","Seita.5G276900,Seita.5G276900",""
"T.aestivum","Traes_3B_38BD6A407",NA,"Fe,Zn,Mn",NA,NA,NA,NA,"Inferred","AT3G18290","AT3G18290","Medtr6g083900,Medtr8g104410","LOC_Os01g49470","GRMZM2G175661,GRMZM2G312712","Glyma.05G237500,Glyma.07G093700,Glyma.08G044700,Glyma.09G182600","Potri.008G123300,Potri.010G122200,Potri.012G055100","Sobic.003G262200","Seita.5G276900,Seita.5G276900",""
"T.aestivum","Traes_3DL_7AF5E2768",NA,"Fe,Zn,Mn",NA,NA,NA,NA,"Inferred","AT3G18290","AT3G18290","Medtr6g083900,Medtr8g104410","LOC_Os01g49470","GRMZM2G175661,GRMZM2G312712","Glyma.05G237500,Glyma.07G093700,Glyma.08G044700,Glyma.09G182600","Potri.008G123300,Potri.010G122200,Potri.012G055100","Sobic.003G262200","Seita.5G276900,Seita.5G276900",""
"T.aestivum","Traes_5AL_66D8F6463",NA,"S",NA,NA,NA,NA,"Inferred","AT3G22890","AT3G22890,AT4G14680,AT5G43780","Medtr1g102550","","","Glyma.10G242600,Glyma.19G037600,Glyma.20G151500","Potri.008G159000,Potri.010G081200","","",""
"T.aestivum","Traes_5BL_5CED2C911",NA,"S",NA,NA,NA,NA,"Inferred","AT3G22890","AT3G22890,AT4G14680,AT5G43780","Medtr1g102550","LOC_Os03g53230","GRMZM2G051270,GRMZM2G149952","Glyma.10G242600,Glyma.19G037600,Glyma.20G151500","Potri.008G159000,Potri.010G081200","Sobic.001G094300","Seita.9G096900,Seita.9G096900",""
"T.aestivum","Traes_5DL_BCEFD69DA",NA,"S",NA,NA,NA,NA,"Inferred","AT3G22890","AT3G22890,AT4G14680,AT5G43780","Medtr1g102550","LOC_Os03g53230","GRMZM2G051270,GRMZM2G149952","Glyma.10G242600,Glyma.19G037600,Glyma.20G151500","Potri.008G159000,Potri.010G081200","Sobic.001G094300","Seita.9G096900,Seita.9G096900",""
"T.aestivum","Traes_6BL_0325BEAA4",NA,"P",NA,NA,NA,NA,"Inferred","AT3G23430","AT3G23430","Medtr1g041695,Medtr1g075640","","","Glyma.02G003700,Glyma.10G004800,Glyma.10G183300,Glyma.20G206900","Potri.008G169400,Potri.010G069000","","",""
"T.aestivum","Traes_6BL_6D7561359",NA,"P",NA,NA,NA,NA,"Inferred","AT3G23430","AT3G23430","Medtr1g041695,Medtr1g075640","","","Glyma.02G003700,Glyma.10G004800,Glyma.10G183300,Glyma.20G206900","Potri.008G169400,Potri.010G069000","","",""
"T.aestivum","Traes_6BL_CB0A10DC9",NA,"P",NA,NA,NA,NA,"Inferred","AT3G23430","AT3G23430","Medtr1g041695,Medtr1g075640","","","Glyma.02G003700,Glyma.10G004800,Glyma.10G183300,Glyma.20G206900","Potri.008G169400,Potri.010G069000","","",""
"T.aestivum","Traes_6DL_C4DC2B23A",NA,"P",NA,NA,NA,NA,"Inferred","AT3G23430,LOC_Os02g56510","AT3G23430","Medtr1g041695,Medtr1g075640","LOC_Os02g56510","GRMZM2G466545","Glyma.02G003700,Glyma.10G004800,Glyma.10G183300,Glyma.20G206900","Potri.008G169400,Potri.010G069000","Sobic.004G339800","Seita.1G360400,Seita.1G360400",""
"T.aestivum","Traes_2AS_9AEA9BDEA",NA,"Fe,Zn,Mn,Co",NA,NA,NA,NA,"Inferred","AT3G47640","AT3G47640","Medtr4g108360","LOC_Os03g26210","GRMZM2G350312","Glyma.05G027600,Glyma.17G098900","Potri.003G074400,Potri.015G142700","Sobic.001G355600","Seita.9G384500,Seita.9G384500",""
"T.aestivum","Traes_2AS_C4568AE60",NA,"Fe,Zn,Mn,Co",NA,NA,NA,NA,"Inferred","AT3G47640","AT3G47640","Medtr4g108360","LOC_Os07g43530","GRMZM2G017145","Glyma.05G027600,Glyma.17G098900","Potri.003G074400,Potri.015G142700","Sobic.002G385300","Seita.2G400400,Seita.2G400400",""
"T.aestivum","Traes_2BS_8A40B568C",NA,"Fe,Zn,Mn,Co",NA,NA,NA,NA,"Inferred","AT3G47640","AT3G47640","Medtr4g108360","LOC_Os03g26210","GRMZM2G350312","Glyma.05G027600,Glyma.17G098900","Potri.003G074400,Potri.015G142700","Sobic.001G355600","Seita.9G384500,Seita.9G384500",""
"T.aestivum","Traes_2DS_1FE8E9DE9",NA,"Fe,Zn,Mn,Co",NA,NA,NA,NA,"Inferred","AT3G47640","AT3G47640","Medtr4g108360","LOC_Os07g43530","GRMZM2G017145","Glyma.05G027600,Glyma.17G098900","Potri.003G074400,Potri.015G142700","Sobic.002G385300","Seita.2G400400,Seita.2G400400",""
"T.aestivum","Traes_2DS_FE62DB7F5",NA,"Fe,Zn,Mn,Co",NA,NA,NA,NA,"Inferred","AT3G47640","AT3G47640","Medtr4g108360","LOC_Os03g26210","GRMZM2G350312","Glyma.05G027600,Glyma.17G098900","Potri.003G074400,Potri.015G142700","Sobic.001G355600","Seita.9G384500,Seita.9G384500",""
"T.aestivum","Traes_4DS_2EEB4E70B",NA,"Na",NA,NA,NA,NA,"Inferred","AT3G47950","AT3G47950,AT5G62670","Medtr4g107500,Medtr6g011310","","","Glyma.04G174800,Glyma.05G030700,Glyma.06G189900,Glyma.17G096100,Glyma.19G019200","","","Seita.9G134900,Seita.9G134900",""
"T.aestivum","Traes_5AS_FDCDBC783",NA,"Na",NA,NA,NA,NA,"Inferred","AT3G47950","AT3G47950,AT5G62670","Medtr4g107500,Medtr6g011310","LOC_Os12g44150","GRMZM2G035520","Glyma.04G174800,Glyma.05G030700,Glyma.06G189900,Glyma.17G096100,Glyma.19G019200","Potri.012G071600,Potri.015G066000","Sobic.008G190500","Seita.3G406700,Seita.3G406700",""
"T.aestivum","Traes_5BS_7DDBE5B89",NA,"Na",NA,NA,NA,NA,"Inferred","AT3G47950","AT3G47950,AT5G62670","Medtr4g107500,Medtr6g011310","LOC_Os12g44150","GRMZM2G035520","Glyma.04G174800,Glyma.05G030700,Glyma.06G189900,Glyma.17G096100,Glyma.19G019200","Potri.012G071600,Potri.015G066000","Sobic.008G190500","Seita.3G406700,Seita.3G406700",""
"T.aestivum","Traes_5DS_DECAA37DD",NA,"Na",NA,NA,NA,NA,"Inferred","AT3G47950","AT3G47950,AT5G62670","Medtr4g107500,Medtr6g011310","LOC_Os12g44150","GRMZM2G035520","Glyma.04G174800,Glyma.05G030700,Glyma.06G189900,Glyma.17G096100,Glyma.19G019200","Potri.012G071600,Potri.015G066000","Sobic.008G190500","Seita.3G406700,Seita.3G406700",""
"T.aestivum","Traes_2AL_26065F906",NA,"P,K",NA,NA,NA,NA,"Inferred","AT3G51860","AT2G38170,AT3G51860","Medtr4g016720,Medtr5g070330,Medtr7g068380","LOC_Os05g51610","GRMZM5G809587","Glyma.01G122800,Glyma.03G058300,Glyma.03G058500,Glyma.07G149600,Glyma.18G200500","Potri.001G251200,Potri.006G099900,Potri.009G045800,Potri.016G115500","Sobic.009G257800","Seita.3G120500,Seita.3G120500",""
"T.aestivum","Traes_2BL_445F5B3B7",NA,"P,K",NA,NA,NA,NA,"Inferred","AT3G51860","AT2G38170,AT3G51860","Medtr4g016720,Medtr5g070330,Medtr7g068380","LOC_Os05g51610","GRMZM5G809587","Glyma.01G122800,Glyma.03G058300,Glyma.03G058500,Glyma.07G149600,Glyma.18G200500","Potri.001G251200,Potri.006G099900,Potri.009G045800,Potri.016G115500","Sobic.009G257800","Seita.3G120500,Seita.3G120500",""
"T.aestivum","Traes_2DL_2A2F4F62B",NA,"P,K",NA,NA,NA,NA,"Inferred","AT3G51860","AT2G38170,AT3G51860","Medtr4g016720,Medtr5g070330,Medtr7g068380","LOC_Os05g51610","GRMZM5G809587","Glyma.01G122800,Glyma.03G058300,Glyma.03G058500,Glyma.07G149600,Glyma.18G200500","Potri.001G251200,Potri.006G099900,Potri.009G045800,Potri.016G115500","Sobic.009G257800","Seita.3G120500,Seita.3G120500",""
"T.aestivum","Traes_4AS_68B3D79A1",NA,"S",NA,NA,NA,NA,"Inferred","AT3G51895","AT3G51895","Medtr1g071530,Medtr7g095430","LOC_Os03g06520","GRMZM2G154211","Glyma.02G145100,Glyma.03G156700,Glyma.10G028900,Glyma.19G159000","Potri.002G049500,Potri.005G213500,Potri.010G082700","Sobic.001G496800","Seita.9G532700,Seita.9G532700",""
"T.aestivum","Traes_4BL_0C898C5C8",NA,"S",NA,NA,NA,NA,"Inferred","AT3G51895","AT3G51895","Medtr1g071530,Medtr7g095430","LOC_Os03g06520","GRMZM2G154211","Glyma.02G145100,Glyma.03G156700,Glyma.10G028900,Glyma.19G159000","Potri.002G049500,Potri.005G213500,Potri.010G082700","Sobic.001G496800","Seita.9G532700,Seita.9G532700",""
"T.aestivum","Traes_4DL_ECEE169A7",NA,"S",NA,NA,NA,NA,"Inferred","AT3G51895","AT3G51895","Medtr1g071530,Medtr7g095430","","","Glyma.02G145100,Glyma.03G156700,Glyma.10G028900,Glyma.19G159000","Potri.002G049500,Potri.005G213500,Potri.010G082700","","",""
"T.aestivum","Traes_2AL_ACBAA6A31",NA,"Fe",NA,NA,NA,NA,"Inferred","AT3G56970,AT3G56980","AT2G41240,AT3G56970,AT3G56980","Medtr1g048710,Medtr1g048720,Medtr1g048750,Medtr7g090410","","AC193786.3_FG005,GRMZM2G057413","Glyma.03G130400,Glyma.03G130600,Glyma.19G132500","Potri.006G037200,Potri.006G037600,Potri.016G037300","","Seita.5G455700,Seita.9G469400,Seita.5G455700,Seita.9G469400",""
"T.aestivum","Traes_2BL_00608F8D6",NA,"Fe",NA,NA,NA,NA,"Inferred","AT3G56970,AT3G56980","AT2G41240,AT3G56970,AT3G56980","Medtr1g048710,Medtr1g048720,Medtr1g048750,Medtr7g090410","","AC193786.3_FG005,GRMZM2G057413","Glyma.03G130400,Glyma.03G130600,Glyma.19G132500","Potri.006G037200,Potri.006G037600,Potri.016G037300","","",""
"T.aestivum","Traes_2DL_865346DA2",NA,"Fe",NA,NA,NA,NA,"Inferred","AT3G56970,AT3G56980","AT2G41240,AT3G56970,AT3G56980","Medtr1g048710,Medtr1g048720,Medtr1g048750,Medtr7g090410","","AC193786.3_FG005,GRMZM2G057413","Glyma.03G130400,Glyma.03G130600,Glyma.19G132500","Potri.006G037200,Potri.006G037600,Potri.016G037300","","Seita.5G455700,Seita.9G469400,Seita.5G455700,Seita.9G469400",""
"T.aestivum","Traes_3AL_95403ABBA",NA,"Fe",NA,NA,NA,NA,"Inferred","AT3G56970,AT3G56980","AT2G41240,AT3G56970,AT3G56980","","","","Glyma.03G130400,Glyma.03G130600,Glyma.19G132500","Potri.006G037200,Potri.006G037600,Potri.016G037300","","",""
"T.aestivum","Traes_3AL_F577372C1",NA,"Fe",NA,NA,NA,NA,"Inferred","AT3G56970,AT3G56980","AT2G41240,AT3G56970,AT3G56980","Medtr1g048710,Medtr1g048720,Medtr1g048750,Medtr7g090410","LOC_Os01g72370","","Glyma.03G130400,Glyma.03G130600,Glyma.19G132500","Potri.006G037200,Potri.006G037600,Potri.016G037300","","",""
"T.aestivum","Traes_3B_089C0C2EB",NA,"Fe",NA,NA,NA,NA,"Inferred","AT3G56970,AT3G56980","AT2G41240,AT3G56970,AT3G56980","Medtr1g048710,Medtr1g048720,Medtr1g048750,Medtr7g090410","LOC_Os01g72370","","Glyma.03G130400,Glyma.03G130600,Glyma.19G132500","Potri.006G037200,Potri.006G037600,Potri.016G037300","Sobic.003G428800","",""
"T.aestivum","Traes_3B_2A12B8F93",NA,"Fe",NA,NA,NA,NA,"Inferred","AT3G56970,AT3G56980","AT2G41240,AT3G56970,AT3G56980","","LOC_Os01g72370","","Glyma.03G130400,Glyma.03G130600,Glyma.19G132500","Potri.006G037200,Potri.006G037600,Potri.016G037300","Sobic.003G428800","",""
"T.aestivum","Traes_3DL_886A895A4",NA,"Fe",NA,NA,NA,NA,"Inferred","AT3G56970,AT3G56980","AT2G41240,AT3G56970,AT3G56980","Medtr1g048710,Medtr1g048720,Medtr1g048750,Medtr7g090410","LOC_Os01g72370","","Glyma.03G130400,Glyma.03G130600,Glyma.19G132500","Potri.006G037200,Potri.006G037600,Potri.016G037300","","",""
"T.aestivum","Traes_7AL_AF1593775",NA,"Fe",NA,NA,NA,NA,"Inferred","AT3G56970,AT3G56980","AT2G41240,AT3G56970,AT3G56980","Medtr1g048710,Medtr1g048720,Medtr1g048750,Medtr7g090410","","","Glyma.03G130400,Glyma.03G130600,Glyma.19G132500","","","",""
"T.aestivum","Traes_4AS_B5D20D324",NA,"Mn",NA,NA,NA,NA,"Inferred","AT3G58060,LOC_Os03g12530","AT3G58060","Medtr3g062610,Medtr5g075680","LOC_Os03g12530","GRMZM2G118497","Glyma.03G146700","Potri.001G010200,Potri.001G010300,Potri.003G215600","Sobic.001G445000","Seita.9G478600,Seita.9G478600",""
"T.aestivum","Traes_4BL_E65703779",NA,"Mn",NA,NA,NA,NA,"Inferred","AT3G58060","AT3G58060","Medtr3g062610,Medtr5g075680","","","Glyma.03G146700","","","",""
"T.aestivum","Traes_4DL_84BDB65D9",NA,"Mn",NA,NA,NA,NA,"Inferred","AT3G58060,LOC_Os03g12530","AT3G58060","Medtr3g062610,Medtr5g075680","LOC_Os03g12530","GRMZM2G118497","Glyma.03G146700","Potri.001G010200,Potri.001G010300,Potri.003G215600","Sobic.001G445000","Seita.9G478600,Seita.9G478600",""
"T.aestivum","Traes_1AL_B39515B38",NA,"Mg",NA,NA,NA,NA,"Inferred","AT3G58970","AT3G58970","Medtr8g088670","LOC_Os10g39790","GRMZM2G145794,GRMZM2G453832","Glyma.05G168200,Glyma.08G126600","Potri.006G081700","Sobic.001G309400","Seita.9G337700,Seita.9G337700",""
"T.aestivum","Traes_1DL_CDEA09786",NA,"Mg",NA,NA,NA,NA,"Inferred","AT3G58970","AT3G58970","Medtr8g088670","","","Glyma.05G168200,Glyma.08G126600","Potri.006G081700","","",""
"T.aestivum","Traes_1BS_8A9B3CE82",NA,"Fe",NA,NA,NA,NA,"Inferred","AT4G02780","AT4G02780","Medtr7g011663,Medtr7g011770,Medtr7g094970","LOC_Os02g17780","GRMZM2G081554","Glyma.03G154400,Glyma.03G154700,Glyma.19G157000","Potri.002G052100,Potri.005G210300","Sobic.001G248600","Seita.9G262400,Seita.9G351400,Seita.9G262400,Seita.9G351400",""
"T.aestivum","Traes_1DS_CD37D3A95",NA,"Fe",NA,NA,NA,NA,"Inferred","AT4G02780","AT4G02780","Medtr7g011663,Medtr7g011770,Medtr7g094970","LOC_Os02g17780","GRMZM2G081554","Glyma.03G154400,Glyma.03G154700,Glyma.19G157000","Potri.002G052100,Potri.005G210300","Sobic.001G248600","Seita.9G262400,Seita.9G351400,Seita.9G262400,Seita.9G351400",""
"T.aestivum","Traes_7AL_151CAA335",NA,"Fe",NA,NA,NA,NA,"Inferred","AT4G02780","AT4G02780","Medtr7g011663,Medtr7g011770,Medtr7g094970","","","Glyma.19G156800","Potri.002G052100,Potri.005G210300","","",""
"T.aestivum","Traes_7DL_02E7F7D6A",NA,"Fe",NA,NA,NA,NA,"Inferred","AT4G02780","AT4G02780","Medtr7g011663,Medtr7g011770,Medtr7g094970","LOC_Os02g17780","GRMZM2G081554","Glyma.03G154400,Glyma.03G154700,Glyma.19G157000","Potri.002G052100,Potri.005G210300","Sobic.001G248600","Seita.9G262400,Seita.9G351400,Seita.9G262400,Seita.9G351400",""
"T.aestivum","Traes_7DL_211D5CA44",NA,"Fe",NA,NA,NA,NA,"Inferred","AT4G02780","AT4G02780","Medtr7g011663,Medtr7g011770,Medtr7g094970","LOC_Os02g17780","GRMZM2G081554","Glyma.03G154400,Glyma.03G154700,Glyma.19G157000","Potri.002G052100,Potri.005G210300","Sobic.001G248600","Seita.9G262400,Seita.9G351400,Seita.9G262400,Seita.9G351400",""
"T.aestivum","Traes_1AL_0912DED70",NA,"B",NA,NA,NA,NA,"Inferred","AT4G10380","AT4G10380","Medtr1g097840","","","Glyma.10G221100","Potri.001G455000,Potri.011G146900","","",""
"T.aestivum","Traes_1BL_CC64CA41E",NA,"B",NA,NA,NA,NA,"Inferred","AT4G10380,GRMZM2G176209","AT4G10380","Medtr1g097840","LOC_Os10g36924","GRMZM2G176209","Glyma.10G221100","Potri.001G455000,Potri.011G146900","Sobic.001G195800","Seita.9G193500,Seita.9G193500",""
"T.aestivum","Traes_3AL_6B9D38F0F",NA,"Rb,Cs,K",NA,NA,NA,NA,"Inferred","AT4G13420,GRMZM2G084779","AT4G13420","Medtr7g108480,Medtr8g022130,Medtr8g063900","LOC_Os01g70490","GRMZM2G084779","","Potri.001G045200,Potri.001G069600,Potri.T133800,Potri.T134000","Sobic.003G413600,Sobic.003G413700","Seita.5G439500,Seita.5G439500",""
"T.aestivum","Traes_3AL_9E0B84E84",NA,"Rb,Cs,K",NA,NA,NA,NA,"Inferred","AT4G13420,GRMZM2G084779","AT4G13420","Medtr7g108480,Medtr8g022130,Medtr8g063900","","GRMZM2G084779","","Potri.001G045200,Potri.001G069600,Potri.T133800,Potri.T134000","Sobic.003G413600,Sobic.003G413700","Seita.5G439500,Seita.5G439500",""
"T.aestivum","Traes_3B_75C958395",NA,"Rb,Cs,K",NA,NA,NA,NA,"Inferred","AT4G13420,GRMZM2G084779","AT4G13420","Medtr7g108480,Medtr8g022130,Medtr8g063900","LOC_Os01g70490","GRMZM2G084779","","Potri.001G045200,Potri.001G069600,Potri.T133800,Potri.T134000","Sobic.003G413600,Sobic.003G413700","Seita.5G439500,Seita.5G439500",""
"T.aestivum","Traes_3B_FF56F227D",NA,"Rb,Cs,K",NA,NA,NA,NA,"Inferred","AT4G13420,GRMZM2G084779","AT4G13420","Medtr7g108480,Medtr8g022130,Medtr8g063900","","GRMZM2G084779","","","Sobic.003G413600,Sobic.003G413700","",""
"T.aestivum","Traes_3DL_598708C12",NA,"Rb,Cs,K",NA,NA,NA,NA,"Inferred","AT4G13420,GRMZM2G084779","AT4G13420","Medtr7g108480,Medtr8g022130,Medtr8g063900","LOC_Os01g70490","GRMZM2G084779","","Potri.001G045200,Potri.001G069600,Potri.T133800,Potri.T134000","Sobic.003G413600,Sobic.003G413700","Seita.5G439500,Seita.5G439500",""
"T.aestivum","Traes_3DL_E912993A9",NA,"Rb,Cs,K",NA,NA,NA,NA,"Inferred","AT4G13420,GRMZM2G084779","AT4G13420","Medtr7g108480,Medtr8g022130,Medtr8g063900","LOC_Os01g70490","GRMZM2G084779","","Potri.001G045200,Potri.001G069600,Potri.T133800,Potri.T134000","Sobic.003G413600,Sobic.003G413700","Seita.5G439500,Seita.5G439500",""
"T.aestivum","Traes_5BL_1FB170E61",NA,"Fe,Cd",NA,NA,NA,NA,"Inferred","AT4G16370","AT4G16370","Medtr4g133968","LOC_Os03g54000","GRMZM2G421491","Glyma.07G267800,Glyma.17G006100","","Sobic.001G087700","Seita.9G090100,Seita.9G090100",""
"T.aestivum","Traes_4AL_9D79BE8FB",NA,"Fe,Mn,Co,Cd,Zn",NA,NA,NA,NA,"Inferred","AT4G19690","AT1G31260,AT4G19690","Medtr8g105030","LOC_Os03g46470","GRMZM2G118821","Glyma.02G126000","Potri.010G134300","Sobic.001G142800","Seita.9G146100,Seita.9G146100",""
"T.aestivum","Traes_4AL_9F6B106F3",NA,"Fe,Mn,Co,Cd,Zn",NA,NA,NA,NA,"Inferred","AT4G19690","AT1G31260,AT4G19690","Medtr8g105030","LOC_Os03g46470","GRMZM2G118821","Glyma.02G126000","Potri.010G134300","","",""
"T.aestivum","Traes_4BS_6527BBD54",NA,"Fe,Mn,Co,Cd,Zn",NA,NA,NA,NA,"Inferred","AT4G19690","AT1G31260,AT4G19690","Medtr8g105030","LOC_Os03g46470","GRMZM2G118821","Glyma.02G126000","Potri.010G134300","Sobic.001G142800","Seita.9G146100,Seita.9G146100",""
"T.aestivum","Traes_4DS_F565A7C50",NA,"Fe,Mn,Co,Cd,Zn",NA,NA,NA,NA,"Inferred","AT4G19690","AT1G31260,AT4G19690","Medtr8g105030","LOC_Os03g46470","GRMZM2G118821","Glyma.02G126000","Potri.010G134300","Sobic.001G142800","Seita.9G146100,Seita.9G146100",""
"T.aestivum","Traes_1BS_D3FD8CC9D",NA,"Cd,As",NA,NA,NA,NA,"Inferred","AT4G23100","AT4G23100","Medtr8g098350","LOC_Os05g03820,LOC_Os07g27790","GRMZM2G020096,GRMZM2G111579","Glyma.05G207600,Glyma.08G014300","Potri.001G104500,Potri.003G126900","Sobic.009G029600","Seita.3G050000,Seita.3G050000",""
"T.aestivum","Traes_1DS_EFDF9CB72",NA,"Cd,As",NA,NA,NA,NA,"Inferred","AT4G23100","AT4G23100","Medtr8g098350","","GRMZM2G020096,GRMZM2G111579","Glyma.05G207600,Glyma.08G014300","Potri.001G104500,Potri.003G126900","","",""
"T.aestivum","Traes_4DL_2C27C34AF",NA,"P",NA,NA,NA,NA,"Inferred","AT4G28610,LOC_Os03g21240","AT2G20400,AT4G28610","Medtr7g098250","LOC_Os03g21240","GRMZM2G006477","Glyma.03G166400,Glyma.03G250000,Glyma.10G039700,Glyma.13G126200,Glyma.19G167500","Potri.002G257800,Potri.013G048000,Potri.019G020900","Sobic.001G384300","Seita.9G416300,Seita.9G416300",""
"T.aestivum","Traes_3AL_8456B7FB8",NA,"K",NA,NA,NA,NA,"Inferred","AT4G33000","AT4G33000","Medtr1g016430,Medtr8g016170","LOC_Os01g39770","GRMZM2G116584","Glyma.07G010800,Glyma.08G194000","Potri.006G230200","Sobic.003G196400","Seita.5G259100,Seita.5G259100",""
"T.aestivum","Traes_3B_29245B340",NA,"K",NA,NA,NA,NA,"Inferred","AT4G33000","AT4G33000","Medtr1g016430,Medtr8g016170","","","Glyma.07G010800,Glyma.08G194000","Potri.006G230200","","",""
"T.aestivum","Traes_3B_A9E5C3905",NA,"K",NA,NA,NA,NA,"Inferred","AT4G33000","AT4G33000","Medtr1g016430,Medtr8g016170","","GRMZM2G116584","Glyma.07G010800,Glyma.08G194000","Potri.003G035400,Potri.003G037800","Sobic.003G196400","Seita.5G259100,Seita.5G259100",""
"T.aestivum","Traes_7AL_84D5BAE85",NA,"Zn",NA,NA,NA,NA,"Inferred","AT4G37270","AT4G37270","Medtr4g094985","","","Glyma.05G098800,Glyma.17G166800","Potri.007G049000","","",""
"T.aestivum","Traes_7BL_041308E74",NA,"Zn",NA,NA,NA,NA,"Inferred","AT4G37270","AT4G37270","Medtr4g094985","LOC_Os06g47550","GRMZM2G067853","Glyma.05G098800,Glyma.17G166800","Potri.007G049000","Sobic.010G240500","Seita.4G253000,Seita.9G039700,Seita.4G253000,Seita.9G039700",""
"T.aestivum","Traes_7DL_271C7BED5",NA,"Zn",NA,NA,NA,NA,"Inferred","AT4G37270","AT4G37270","Medtr4g094985","","","Glyma.05G098800,Glyma.17G166800","Potri.007G049000","","",""
"T.aestivum","Traes_3AL_F0F9F0D72",NA,"Na,K,Rb",NA,NA,NA,NA,"Inferred","AT5G02600","AT5G02600","Medtr4g094280","","GRMZM2G096008","Glyma.03G174100,Glyma.10G045700,Glyma.13G133600,Glyma.19G175100","Potri.006G213900,Potri.016G080400","Sobic.003G167500","Seita.5G168600,Seita.5G168600",""
"T.aestivum","Traes_3B_DF8816636",NA,"Na,K,Rb",NA,NA,NA,NA,"Inferred","AT5G02600","AT5G02600","","","GRMZM2G096008","Glyma.03G174100,Glyma.10G045700,Glyma.13G133600,Glyma.19G175100","Potri.001G234700","Sobic.003G167500","Seita.5G168600,Seita.5G168600",""
"T.aestivum","Traes_1DL_74A35C8D0",NA,"As,P",NA,NA,NA,NA,"Inferred","AT5G03455","AT5G03455","Medtr7g102310","LOC_Os03g01770","GRMZM2G011520","Glyma.19G185200","Potri.006G122700","Sobic.001G308800","Seita.5G006400,Seita.8G097500,Seita.9G337000,Seita.5G006400,Seita.8G097500,Seita.9G337000",""
"T.aestivum","Traes_4AL_4231650FC",NA,"Zn,Fe",NA,NA,NA,NA,"Inferred","AT5G13740","AT5G13740,AT5G13750","","","","Glyma.04G124800,Glyma.06G313500,Glyma.06G313600,Glyma.13G186400,Glyma.13G186500,Glyma.13G186600,Glyma.13G186700,Glyma.15G224200","Potri.006G026200,Potri.008G010600,Potri.009G021700,Potri.016G024400","","",""
"T.aestivum","Traes_4AL_5C7A4DA54",NA,"Zn,Fe",NA,NA,NA,NA,"Inferred","AT5G13740","AT5G13740,AT5G13750","","","","Glyma.04G124800,Glyma.06G313500,Glyma.06G313600,Glyma.13G186400,Glyma.13G186500,Glyma.13G186600,Glyma.13G186700,Glyma.15G224200","Potri.006G026200,Potri.008G010600,Potri.009G021700,Potri.016G024400","","",""
"T.aestivum","Traes_4BS_1DCF82CB7",NA,"Zn,Fe",NA,NA,NA,NA,"Inferred","AT5G13740,LOC_Os12g03899","AT5G13740,AT5G13750","Medtr3g010820,Medtr3g010850,Medtr3g086440,Medtr8g042770,Medtr8g042780,Medtr8g042870,Medtr8g062990","LOC_Os11g04104,LOC_Os12g03899","GRMZM2G336448","Glyma.04G124800,Glyma.06G313500,Glyma.06G313600,Glyma.13G186400,Glyma.13G186500,Glyma.13G186600,Glyma.13G186700,Glyma.15G224200","Potri.006G026200,Potri.008G010600,Potri.009G021700,Potri.016G024400","Sobic.005G024800","Seita.7G312300,Seita.8G020800,Seita.7G312300,Seita.8G020800",""
"T.aestivum","Traes_4DS_9033E70FF",NA,"Zn,Fe",NA,NA,NA,NA,"Inferred","AT5G13740","AT5G13740,AT5G13750","","","","Glyma.04G124800,Glyma.06G313500,Glyma.06G313600,Glyma.13G186400,Glyma.13G186500,Glyma.13G186600,Glyma.13G186700,Glyma.15G224200","Potri.006G026200,Potri.008G010600,Potri.009G021700,Potri.016G024400","","",""
"T.aestivum","Traes_5BL_F6419E9D0",NA,"Ca,Mg",NA,NA,NA,NA,"Inferred","AT5G15410","AT5G15410","Medtr7g012260","LOC_Os03g55100","GRMZM2G074317,GRMZM5G858887","Glyma.08G241600,Glyma.18G263900","Potri.017G089800,Potri.017G089900","Sobic.001G083800","Seita.9G085500,Seita.9G085500",""
"T.aestivum","Traes_6AS_71E2F7AA0",NA,"Fe,Mn,Zn",NA,NA,NA,NA,"Inferred","AT5G17290","AT5G17290","Medtr5g076920","LOC_Os02g02570","GRMZM2G098420","Glyma.02G240700,Glyma.14G210200","Potri.017G139700","Sobic.004G013600","Seita.1G112300,Seita.1G112300",""
"T.aestivum","Traes_6AS_D63283162",NA,"Fe,Mn,Zn",NA,NA,NA,NA,"Inferred","AT5G17290","AT5G17290","Medtr5g076920","LOC_Os02g02570","GRMZM2G098420","Glyma.02G240700,Glyma.14G210200","Potri.017G139700","Sobic.004G013600","Seita.1G112300,Seita.1G112300",""
"T.aestivum","Traes_6BS_0C41C87D1",NA,"Fe,Mn,Zn",NA,NA,NA,NA,"Inferred","AT5G17290","AT5G17290","Medtr5g076920","LOC_Os02g02570","","Glyma.02G240700,Glyma.14G210200","Potri.017G139700","Sobic.004G013600","Seita.1G112300,Seita.1G112300",""
"T.aestivum","Traes_1AL_C921492AA",NA,"Cu",NA,NA,NA,NA,"Inferred","AT5G18830","AT5G18830","Medtr2g020620","LOC_Os05g33810","GRMZM2G109354","Glyma.13G213400,Glyma.15G099400","Potri.008G197000,Potri.010G026200","Sobic.009G135000","Seita.3G246000,Seita.3G246000",""
"T.aestivum","Traes_1BL_8709BB152",NA,"Cu",NA,NA,NA,NA,"Inferred","AT5G18830","AT5G18830","Medtr2g020620","LOC_Os05g33810","GRMZM2G109354","Glyma.13G213400,Glyma.15G099400","Potri.008G197000,Potri.010G026200","Sobic.009G135000","Seita.3G246000,Seita.3G246000",""
"T.aestivum","Traes_1DL_93BCED372",NA,"Cu",NA,NA,NA,NA,"Inferred","AT5G18830","AT5G18830","Medtr2g020620","LOC_Os05g33810","GRMZM2G109354","Glyma.13G213400,Glyma.15G099400","Potri.008G197000,Potri.010G026200","Sobic.009G135000","Seita.3G246000,Seita.3G246000",""
"T.aestivum","Traes_7AL_0AC3A4753",NA,"Na",NA,NA,NA,NA,"Inferred","AT5G35410","AT4G24400,AT5G35410","","","","","Potri.T093800","","",""
"T.aestivum","Traes_7BL_9A0422DEB",NA,"Na",NA,NA,NA,NA,"Inferred","AT5G35410","AT4G24400,AT5G35410","Medtr4g114670","","","","Potri.T093800","","",""
"T.aestivum","Traes_7DL_85630E21D",NA,"Na",NA,NA,NA,NA,"Inferred","AT5G35410","AT4G24400,AT5G35410","Medtr4g114670","LOC_Os06g40370","GRMZM2G137569,GRMZM2G171507","","Potri.T093800","Sobic.010G186300","Seita.4G221700,Seita.4G221700",""
"T.aestivum","Traes_4DL_A6F0CFF85",NA,"Zn,Cd,As",NA,NA,NA,NA,"Inferred","AT5G44070,LOC_Os06g01260","AT1G03980,AT5G44070","Medtr7g097190,Medtr7g097200","LOC_Os06g01260","","Glyma.03G165000,Glyma.03G165100,Glyma.19G166400","Potri.014G195800,Potri.014G195900","Sobic.003G024200,Sobic.003G024300","Seita.5G146100,Seita.5G146200,Seita.5G146100,Seita.5G146200",""
"T.aestivum","Traes_2AL_2F91AF932",NA,"Fe,Zn,Cu",NA,NA,NA,NA,"Inferred","AT5G53550","AT5G24380,AT5G53550","Medtr0312s0020,Medtr1g007540,Medtr1g007580,Medtr3g092090","","","Glyma.04G231900,Glyma.06G133000,Glyma.17G191300","Potri.012G024700","","",""
"T.aestivum","Traes_2AL_CFCA01C76",NA,"Fe,Zn,Cu",NA,NA,NA,NA,"Inferred","AT5G53550,LOC_Os04g45860","AT5G24380,AT5G53550","Medtr0312s0020,Medtr1g007540,Medtr1g007580,Medtr3g092090","LOC_Os04g45860","GRMZM2G051179","Glyma.04G231900,Glyma.06G133000,Glyma.17G191300","Potri.012G024700","Sobic.006G164200","Seita.7G185000,Seita.7G185000",""
"T.aestivum","Traes_2BL_6C5206B6D",NA,"Fe,Zn,Cu",NA,NA,NA,NA,"Inferred","AT5G53550","AT5G24380,AT5G53550","Medtr0312s0020,Medtr1g007540,Medtr1g007580,Medtr3g092090","","","Glyma.04G231900,Glyma.06G133000,Glyma.17G191300","Potri.012G024700","","",""
"T.aestivum","Traes_2DL_131222AE2",NA,"Fe,Zn,Cu",NA,NA,NA,NA,"Inferred","AT5G53550,LOC_Os04g45860","AT5G24380,AT5G53550","Medtr0312s0020,Medtr1g007540,Medtr1g007580,Medtr3g092090","LOC_Os04g45860","GRMZM2G051179","Glyma.04G231900,Glyma.06G133000,Glyma.17G191300","Potri.012G024700","Sobic.006G164200","Seita.7G185000,Seita.7G185000",""
"T.aestivum","Traes_2AS_FE9AC4EDD",NA,"Cd,Co,Fe,Mn,Zn",NA,NA,NA,NA,"Inferred","AT5G54680","AT5G54680","Medtr2g082640,Medtr4g081370","LOC_Os07g35870","GRMZM2G058451","Glyma.06G266800,Glyma.12G136300,Glyma.12G214900,Glyma.13G286700","Potri.001G416600,Potri.011G132400","Sobic.002G329300","Seita.2G342600,Seita.2G342600",""
"T.aestivum","Traes_2BS_7190FAD1A",NA,"Cd,Co,Fe,Mn,Zn",NA,NA,NA,NA,"Inferred","AT5G54680","AT5G54680","Medtr2g082640,Medtr4g081370","LOC_Os07g35870","GRMZM2G058451","Glyma.06G266800,Glyma.12G136300,Glyma.12G214900,Glyma.13G286700","Potri.001G416600,Potri.011G132400","Sobic.002G329300","Seita.2G342600,Seita.2G342600",""
"T.aestivum","Traes_2DS_B05DDA181",NA,"Cd,Co,Fe,Mn,Zn",NA,NA,NA,NA,"Inferred","AT5G54680","AT5G54680","Medtr2g082640,Medtr4g081370","","","Glyma.06G266800,Glyma.12G136300,Glyma.12G214900,Glyma.13G286700","Potri.001G416600,Potri.011G132400","","",""
"T.aestivum","Traes_7AL_7C0CB1D06",NA,"Cd",NA,NA,NA,NA,"Inferred","AT5G54810","AT4G27070,AT5G54810","Medtr3g049410,Medtr3g051120","LOC_Os08g04180","GRMZM2G005024,GRMZM2G169593","Glyma.08G312300,Glyma.18G102800","Potri.001G420300,Potri.011G136000","Sobic.007G032000","Seita.6G072900,Seita.6G072900",""
"T.aestivum","Traes_7BL_28E519867",NA,"Cd",NA,NA,NA,NA,"Inferred","AT5G54810","AT4G27070,AT5G54810","Medtr3g049410,Medtr3g051120","","","Glyma.08G312300,Glyma.18G102800","Potri.001G420300,Potri.011G136000","","",""
"T.aestivum","Traes_7DL_B73A0C80B",NA,"Cd",NA,NA,NA,NA,"Inferred","AT5G54810","AT4G27070,AT5G54810","Medtr3g049410,Medtr3g051120","","","Glyma.08G312300,Glyma.18G102800","Potri.001G420300,Potri.011G136000","","",""
"T.aestivum","Traes_5BL_C1D4586B1",NA,"Li,B,Na,Mg,K,Ca,Mn,Fe,Co,Ni,Cu,Zn,Rb,Sr,Mo,Cd",NA,NA,NA,NA,"Inferred","AT5G57620","AT5G57620","","LOC_Os09g26170","GRMZM2G115859,GRMZM2G117244","","","Sobic.002G209300","Seita.2G213200,Seita.2G213200",""
"T.aestivum","Traes_3B_6A81EC186",NA,"Cu",NA,NA,NA,NA,"Inferred","AT5G59030","AT2G26975,AT3G46900,AT5G59030","Medtr4g064963,Medtr4g065123,Medtr4g065660","LOC_Os01g56420,LOC_Os05g35050","GRMZM2G042412","Glyma.11G134700","","Sobic.003G310200","Seita.5G333000,Seita.5G333000",""
"T.aestivum","Traes_3AL_2600CE5A9",NA,"K",NA,NA,NA,NA,"Inferred","AT5G64930","AT5G64930","Medtr3g094760","LOC_Os01g68970","GRMZM2G032447","Glyma.06G145800","Potri.005G083600,Potri.007G082100","Sobic.003G402900","Seita.5G428700,Seita.5G428700",""
"T.aestivum","Traes_3B_1B505B455",NA,"K",NA,NA,NA,NA,"Inferred","AT5G64930","AT5G64930","","","","","","","",""
"T.aestivum","Traes_3DL_738EEB08B",NA,"K",NA,NA,NA,NA,"Inferred","AT5G64930","AT5G64930","Medtr3g094760","LOC_Os01g68970","GRMZM2G032447","Glyma.06G145800","Potri.005G083600,Potri.007G082100","Sobic.003G402900","Seita.5G428700,Seita.5G428700",""
"T.aestivum","Traes_6AL_E7EC461BD",NA,"K",NA,NA,NA,NA,"Inferred","AT5G64930","AT5G64930","Medtr3g094760","LOC_Os02g53070","GRMZM2G158811","Glyma.06G145800","Potri.005G083600,Potri.007G082100","Sobic.004G312100","Seita.1G334300,Seita.1G334300",""
"T.aestivum","Traes_6BL_D2DF38E7B",NA,"K",NA,NA,NA,NA,"Inferred","AT5G64930","AT5G64930","Medtr3g094760","LOC_Os02g53070","GRMZM2G158811","Glyma.06G145800","","Sobic.004G312100","Seita.1G334300,Seita.1G334300",""
"T.aestivum","Traes_6DL_E3552E85E",NA,"K",NA,NA,NA,NA,"Inferred","AT5G64930","AT5G64930","Medtr3g094760","LOC_Os02g53070","GRMZM2G158811","Glyma.06G145800","Potri.005G083600,Potri.007G082100","Sobic.004G312100","Seita.1G334300,Seita.1G334300",""
"T.aestivum","Traes_4AS_5D4904831",NA,"Fe,Mn,Cd",NA,NA,NA,NA,"Inferred","Medtr3g088460,LOC_Os07g15370","","Medtr3g088440,Medtr3g088460","LOC_Os07g15370","GRMZM2G147560","Glyma.06G115800","Potri.002G080400,Potri.002G080500,Potri.005G181000,Potri.005G181100","Sobic.002G095400","Seita.2G100300,Seita.2G100300",""
"T.aestivum","Traes_4DL_657E82F56",NA,"Fe,Mn,Cd",NA,NA,NA,NA,"Inferred","Medtr3g088460,LOC_Os07g15370","","Medtr3g088440,Medtr3g088460","LOC_Os07g15370","GRMZM2G147560","Glyma.06G115800","Potri.002G080400,Potri.002G080500,Potri.005G181000,Potri.005G181100","Sobic.002G095400","Seita.2G100300,Seita.2G100300",""
"T.aestivum","Traes_3AS_4988A011D",NA,"Mn",NA,NA,NA,NA,"Inferred","LOC_Os01g03914","AT1G16310,AT1G79520","Medtr2g064405,Medtr3g080090,Medtr8g046550","LOC_Os01g03914","AC182482.3_FG003","Glyma.08G164800,Glyma.09G099500,Glyma.09G122600,Glyma.15G262300,Glyma.15G262400","Potri.008G083600,Potri.010G172600,Potri.010G172700,Potri.010G172800,Potri.010G172900","Sobic.003G086300","",""
"T.aestivum","Traes_3AL_D426C4603",NA,"K",NA,NA,NA,NA,"Inferred","LOC_Os01g45990","AT2G26650","Medtr4g113530","LOC_Os01g45990","","Glyma.05G010600,Glyma.17G118300","Potri.006G154600,Potri.018G031600,Potri.018G071400","Sobic.003G237900","Seita.5G244400,Seita.5G244400",""
"T.aestivum","Traes_3B_1795B9E0B",NA,"K",NA,NA,NA,NA,"Inferred","LOC_Os01g45990","AT2G26650","Medtr4g113530","LOC_Os01g45990","","Glyma.05G010600,Glyma.17G118300","Potri.006G154600,Potri.018G031600,Potri.018G071400","Sobic.003G237900","Seita.5G244400,Seita.5G244400",""
"T.aestivum","Traes_3DL_8D6F782B1",NA,"K",NA,NA,NA,NA,"Inferred","LOC_Os01g45990","AT2G26650","Medtr4g113530","LOC_Os01g45990","","Glyma.05G010600,Glyma.17G118300","Potri.006G154600,Potri.018G031600,Potri.018G071400","Sobic.003G237900","Seita.5G244400,Seita.5G244400",""
"T.aestivum","Traes_3B_1943DBE89",NA,"Fe",NA,NA,NA,NA,"Inferred","LOC_Os01g64250","","Medtr1g050385,Medtr1g111960","LOC_Os01g64250","GRMZM2G141647","Glyma.10G111100,Glyma.10G278400,Glyma.20G111300","Potri.008G019700,Potri.010G239700","Sobic.003G364900","Seita.5G390600,Seita.5G390600",""
"T.aestivum","Traes_3AL_AF6C467BF",NA,"Mg,Na",NA,NA,NA,NA,"Inferred","LOC_Os01g64890","AT3G19640","Medtr1g106065,Medtr5g005240","LOC_Os01g64890","GRMZM2G054632,GRMZM2G458879","Glyma.01G242000,Glyma.11G002200","Potri.001G291900,Potri.007G098000,Potri.007G098200","","",""
"T.aestivum","Traes_3B_4AF155431",NA,"Mg,Na",NA,NA,NA,NA,"Inferred","LOC_Os01g64890","AT3G19640","Medtr1g106065,Medtr5g005240","LOC_Os01g64890","GRMZM2G054632,GRMZM2G458879","Glyma.01G242000,Glyma.11G002200","Potri.001G291900,Potri.007G098000,Potri.007G098200","Sobic.003G369600","Seita.5G394800,Seita.5G394800",""
"T.aestivum","Traes_6AS_A137671B1",NA,"As",NA,NA,NA,NA,"Inferred","LOC_Os02g06290","","Medtr2g059890","LOC_Os02g06290","GRMZM2G303374","","","Sobic.004G046400","Seita.1G082100,Seita.1G082100",""
"T.aestivum","Traes_6DS_98585F07B",NA,"As",NA,NA,NA,NA,"Inferred","LOC_Os02g06290","","Medtr2g059890","LOC_Os02g06290","GRMZM2G303374","","","Sobic.004G046400","Seita.1G082100,Seita.1G082100",""
"T.aestivum","Traes_6AS_6F306F27E",NA,"Cu",NA,NA,NA,NA,"Inferred","LOC_Os02g10290","","Medtr8g012390","LOC_Os02g10290","GRMZM2G029951","Glyma.03G086000,Glyma.16G088300","Potri.001G019100","Sobic.004G079900","Seita.1G049200,Seita.1G049200",""
"T.aestivum","Traes_6DS_26C5A0A44",NA,"Cu",NA,NA,NA,NA,"Inferred","LOC_Os02g10290","","Medtr8g012390","LOC_Os02g10290","GRMZM2G029951","Glyma.03G086000,Glyma.16G088300","Potri.001G019100","Sobic.004G079900","Seita.1G049200,Seita.1G049200",""
"T.aestivum","Traes_7DS_A92314B8C",NA,"As",NA,NA,NA,NA,"Inferred","LOC_Os02g13870","","Medtr2g017570,Medtr2g017590,Medtr2g017610,Medtr8g087710,Medtr8g087720","LOC_Os02g13870","GRMZM2G041980","Glyma.05G162500,Glyma.05G162600,Glyma.08G120200,Glyma.13G224900,Glyma.15G087300","Potri.004G063000,Potri.011G072100","Sobic.004G102200","Seita.1G025100,Seita.1G025100",""
"T.aestivum","Traes_6DL_AA95B2246",NA,"Fe,Mn",NA,NA,NA,NA,"Inferred","LOC_Os02g43370","","","LOC_Os02g43370","GRMZM2G026391","","","","Seita.1G254100,Seita.1G254100",""
"T.aestivum","Traes_1AL_C6A0E255E",NA,"Fe",NA,NA,NA,NA,"Inferred","LOC_Os02g43410","","","LOC_Os02g43410","","","","Sobic.004G299500,Sobic.004G299600","Seita.1G254300,Seita.1G254300",""
"T.aestivum","Traes_1BL_CA93E6359",NA,"Fe",NA,NA,NA,NA,"Inferred","LOC_Os02g43410","","","LOC_Os02g43410","","","","Sobic.004G299500,Sobic.004G299600","Seita.1G254300,Seita.1G254300",""
"T.aestivum","Traes_1DL_7E5ED8683",NA,"Fe",NA,NA,NA,NA,"Inferred","LOC_Os02g43410","","","LOC_Os02g43410","","","","Sobic.004G299500,Sobic.004G299600","Seita.1G254300,Seita.1G254300",""
"T.aestivum","Traes_6AL_E36FCEF64",NA,"Fe",NA,NA,NA,NA,"Inferred","LOC_Os02g43410","","","LOC_Os02g43410","","","","Sobic.004G299500,Sobic.004G299600","Seita.1G254300,Seita.1G254300",""
"T.aestivum","Traes_6AL_4956852E0",NA,"Se",NA,NA,NA,NA,"Inferred","LOC_Os02g51110","","Medtr7g010650","LOC_Os02g51110","GRMZM2G028325,GRMZM2G082184","Glyma.09G238200,Glyma.18G259500","Potri.017G083300","Sobic.004G238100","Seita.1G318800,Seita.1G318800",""
"T.aestivum","Traes_6DL_481276D28",NA,"Se",NA,NA,NA,NA,"Inferred","LOC_Os02g51110","","Medtr7g010650","LOC_Os02g51110","GRMZM2G028325,GRMZM2G082184","Glyma.09G238200,Glyma.18G259500","Potri.017G083300","Sobic.004G238100","Seita.1G318800,Seita.1G318800",""
"T.aestivum","Traes_4AL_884E74F51",NA,"Fe,Zn",NA,NA,NA,NA,"Inferred","LOC_Os03g09140","","","LOC_Os03g09140","AC166636.1_FG008","","","Sobic.001G474200","Seita.9G509800,Seita.9G509800",""
"T.aestivum","Traes_4BL_8E9618E24",NA,"Fe,Zn",NA,NA,NA,NA,"Inferred","LOC_Os03g09140","","","LOC_Os03g09140","AC166636.1_FG008","","","Sobic.001G474200","Seita.9G509800,Seita.9G509800",""
"T.aestivum","Traes_4DL_7B2F68152",NA,"Fe",NA,NA,NA,NA,"Inferred","LOC_Os03g18550","AT1G07030,AT2G30160","Medtr5g073040","LOC_Os03g18550","GRMZM2G032182,GRMZM2G053908","Glyma.02G231200,Glyma.14G198800","Potri.001G282400,Potri.009G077600,Potri.016G125200","Sobic.001G403700","Seita.9G437700,Seita.9G437700",""
"T.aestivum","Traes_2AS_F55243E0C",NA,"Fe",NA,NA,NA,NA,"Inferred","LOC_Os03g19420","","","LOC_Os03g19420,LOC_Os03g19427","AC233955.1_FG003,GRMZM2G030036,GRMZM2G034956,GRMZM2G124785,GRMZM2G312481,GRMZM2G385200,GRMZM2G704488","","","Sobic.001G395900","Seita.9G429600,Seita.9G429600",""
"T.aestivum","Traes_2BS_98815CE06",NA,"Fe",NA,NA,NA,NA,"Inferred","LOC_Os03g19420","","","LOC_Os03g19420,LOC_Os03g19427","AC233955.1_FG003,GRMZM2G030036,GRMZM2G034956,GRMZM2G124785,GRMZM2G312481,GRMZM2G385200,GRMZM2G704488","","","Sobic.001G395900","Seita.9G429600,Seita.9G429600",""
"T.aestivum","Traes_4BL_BB0FC3BD3",NA,"Fe",NA,NA,NA,NA,"Inferred","LOC_Os03g19420","","","LOC_Os03g19420,LOC_Os03g19427","AC233955.1_FG003,GRMZM2G030036,GRMZM2G034956,GRMZM2G124785,GRMZM2G312481,GRMZM2G385200,GRMZM2G704488","","","Sobic.001G395900","Seita.9G429600,Seita.9G429600",""
"T.aestivum","Traes_4DL_4E10A6DFB",NA,"Fe",NA,NA,NA,NA,"Inferred","LOC_Os03g19420","","","LOC_Os03g19420,LOC_Os03g19427","AC233955.1_FG003,GRMZM2G030036,GRMZM2G034956,GRMZM2G124785,GRMZM2G312481,GRMZM2G385200,GRMZM2G704488","","","Sobic.001G395900","Seita.9G429600,Seita.9G429600",""
"T.aestivum","Traes_4DL_AF0869DDB",NA,"Fe",NA,NA,NA,NA,"Inferred","LOC_Os03g19420","","","LOC_Os03g19420,LOC_Os03g19427","AC233955.1_FG003,GRMZM2G030036,GRMZM2G034956,GRMZM2G124785,GRMZM2G312481,GRMZM2G385200,GRMZM2G704488","","","Sobic.001G395900","Seita.9G429600,Seita.9G429600",""
"T.aestivum","Traes_6DL_1470C4162",NA,"Fe",NA,NA,NA,NA,"Inferred","LOC_Os03g19420","","","LOC_Os03g19420,LOC_Os03g19427","","","","Sobic.001G395900","Seita.9G429600,Seita.9G429600",""
"T.aestivum","Traes_2AL_987F244D2",NA,"Cs",NA,NA,NA,NA,"Inferred","LOC_Os04g32920","","","LOC_Os04g32920","","","","Sobic.006G061300","Seita.7G082300,Seita.7G082700,Seita.7G082300,Seita.7G082700",""
"T.aestivum","Traes_2BL_D0C7517E1",NA,"Cs",NA,NA,NA,NA,"Inferred","LOC_Os04g32920","","Medtr4g099260,Medtr8g088200","LOC_Os04g32920","GRMZM2G093826","Glyma.03G264100,Glyma.07G042500,Glyma.19G263100","","Sobic.006G061300","Seita.7G082300,Seita.7G082700,Seita.7G082300,Seita.7G082700",""
"T.aestivum","Traes_4AL_FF208A87A",NA,"Cs",NA,NA,NA,NA,"Inferred","LOC_Os04g32920","","Medtr4g099260,Medtr8g088200","LOC_Os04g32920","GRMZM2G093826","Glyma.03G264100,Glyma.07G042500,Glyma.19G263100","","Sobic.006G061300","Seita.7G082300,Seita.7G082700,Seita.7G082300,Seita.7G082700",""
"T.aestivum","Traes_4DL_496B8485B",NA,"Cs",NA,NA,NA,NA,"Inferred","LOC_Os04g32920","","Medtr4g099260,Medtr8g088200","LOC_Os04g32920","GRMZM2G093826","Glyma.03G264100,Glyma.07G042500,Glyma.19G263100","","Sobic.006G061300","Seita.7G082300,Seita.7G082700,Seita.7G082300,Seita.7G082700",""
"T.aestivum","Traes_2BL_23F1C8743",NA,"Zn",NA,NA,NA,NA,"Inferred","LOC_Os04g52310","","","LOC_Os04g52310","GRMZM2G045849","","","Sobic.006G212200","Seita.7G234300,Seita.7G234300",""
"T.aestivum","Traes_7AL_78100D515",NA,"Zn",NA,NA,NA,NA,"Inferred","LOC_Os06g48720","","","LOC_Os06g48720","","","","","",""
"T.aestivum","Traes_7AL_0E143E0C2",NA,"Na",NA,NA,NA,NA,"Inferred","LOC_Os06g48810","","","LOC_Os06g48810","","","","","Seita.4G241600,Seita.4G241600",""
"T.aestivum","Traes_7BL_AA6117DE9",NA,"Na",NA,NA,NA,NA,"Inferred","LOC_Os06g48810","","","LOC_Os06g48810","","","","","Seita.4G241600,Seita.4G241600",""
"T.aestivum","Traes_7BL_AA6117DE91",NA,"Na",NA,NA,NA,NA,"Inferred","LOC_Os06g48810","","","LOC_Os06g48810","","","","","Seita.4G241600,Seita.4G241600",""
"T.aestivum","Traes_4AL_BE405B578",NA,"K",NA,NA,NA,NA,"Inferred","LOC_Os07g01810","","","LOC_Os07g01810","GRMZM2G351347","","","Sobic.005G114000","Seita.8G118200,Seita.8G118200",""
"T.aestivum","Traes_4BS_61A38B6BA",NA,"K",NA,NA,NA,NA,"Inferred","LOC_Os07g01810","","","LOC_Os07g01810","GRMZM2G351347","","","Sobic.005G114000","Seita.8G118200,Seita.8G118200",""
"T.aestivum","Traes_4DS_BDB03ED9C",NA,"K",NA,NA,NA,NA,"Inferred","LOC_Os07g01810","","","LOC_Os07g01810","GRMZM2G351347","","","Sobic.005G114000","Seita.8G118200,Seita.8G118200",""
"T.aestivum","Traes_7BL_48A3E8A28",NA,"P",NA,NA,NA,NA,"Inferred","LOC_Os07g09000","AT3G52190","Medtr1g090873","LOC_Os07g09000","GRMZM2G158489,GRMZM2G312091","Glyma.10G200200,Glyma.20G190300","Potri.008G029200,Potri.010G232400","Sobic.002G060900","Seita.2G065200,Seita.2G065200",""
"T.aestivum","Traes_7DL_53DB0C6B3",NA,"P",NA,NA,NA,NA,"Inferred","LOC_Os07g09000","AT3G52190","Medtr1g090873","LOC_Os07g09000","GRMZM2G158489,GRMZM2G312091","Glyma.10G200200,Glyma.20G190300","Potri.008G029200,Potri.010G232400","Sobic.002G060900","Seita.2G065200,Seita.2G065200",""
"T.aestivum","Traes_7DL_88B60203A",NA,"Fe",NA,NA,NA,NA,"Inferred","LOC_Os08g04390","","","LOC_Os08g04390","GRMZM2G017586,GRMZM2G093744","","","Sobic.007G033800","Seita.6G069500,Seita.6G069500",""
"T.aestivum","Traes_3B_4745DEECD",NA,"As",NA,NA,NA,NA,"Inferred","LOC_Os08g05590,LOC_Os08g05600","","","LOC_Os08g05590,LOC_Os08g05600,LOC_Os12g10280","GRMZM2G000471,GRMZM2G358161","Glyma.14G109600","","Sobic.007G039500,Sobic.007G039600","Seita.6G062200,Seita.6G062300,Seita.6G063300,Seita.6G063400,Seita.6G062200,Seita.6G062300,Seita.6G063300,Seita.6G063400",""
"T.aestivum","Traes_4AS_887399584",NA,"Fe",NA,NA,NA,NA,"Inferred","GRMZM2G060952","AT1G59950,AT1G59960","Medtr4g072320,Medtr4g072350,Medtr4g072360,Medtr6g073110","LOC_Os03g13390","GRMZM2G060952","Glyma.09G169700,Glyma.09G170000,Glyma.16G219400,Glyma.16G219500","Potri.008G193100","Sobic.001G443100","Seita.9G476100,Seita.9G476100",""
