"Species","GeneID","GeneName","Elements","Citation(s) - DOI only","Closest species orthologs","Tissue","Comments","Primary/Inferred","Inferred from?","A.thaliana orthologs","M.truncatula orthologs","O.sativa orthologs","T.aestivumearly-release orthologs","Z.mays orthologs","G.max orthologs","S.bicolor orthologs","S.viridisearly-release orthologs","S.italica orthologs"
"T.aestivumearly-release","2AL-TRIAE_CS42_ 2AL_TGACv1_095050_AA0306410","TaIPK1","Fe,Zn","doi: [10.3389/fpls.2018.00259]",NA,"Seed",NA,"Primary","NA","","","","2AL-TRIAE_CS42_ 2AL_TGACv1_095050_AA0306410","","","","",""
"T.aestivumearly-release","Traes_4BL_7091749BF","TaABCC13","Ca","https://doi.org/10.1093/jxb/erw224",NA,"Seed",NA,"Primary","NA","","","","Traes_4BL_7091749BF","GRMZM5G820122","","","",""
"T.aestivumearly-release","Traes_2BL_E11AA2D03",NA,"Fe",NA,NA,NA,NA,"Inferred","AT1G01580","AT1G01580,AT1G01590,AT1G23020","Medtr1g100130,Medtr1g100150,Medtr8g028780,Medtr8g028795","LOC_Os04g48930","Traes_2BL_E11AA2D03","","Glyma.07G067700,Glyma.10G231700,Glyma.16G033800,Glyma.18G235900","","",""
"T.aestivumearly-release","Traes_6AL_75BA4C59A",NA,"P",NA,NA,NA,NA,"Inferred","AT1G12640","AT1G12640,AT1G63050","Medtr4g102750","LOC_Os02g45344","Traes_6AL_75BA4C59A","GRMZM2G481755","Glyma.05G049500,Glyma.17G131500","Sobic.004G283600","","Seita.1G270400"
"T.aestivumearly-release","Traes_6BL_891A1BAAE",NA,"P",NA,NA,NA,NA,"Inferred","AT1G12640","AT1G12640,AT1G63050","Medtr4g102750","","Traes_6BL_891A1BAAE","","Glyma.05G049500,Glyma.17G131500","","",""
"T.aestivumearly-release","Traes_6DL_4E31B8DE8",NA,"P",NA,NA,NA,NA,"Inferred","AT1G12640","AT1G12640,AT1G63050","Medtr4g102750","LOC_Os02g45344","Traes_6DL_4E31B8DE8","GRMZM2G481755","Glyma.05G049500,Glyma.17G131500","Sobic.004G283600","","Seita.1G270400"
"T.aestivumearly-release","Traes_2AS_19B6321CB",NA,"Fe,Zn,Co,Mn",NA,NA,NA,NA,"Inferred","AT1G20110","AT1G20110","Medtr3g114080","","Traes_2AS_19B6321CB","","Glyma.04G023100,Glyma.06G023000","","",""
"T.aestivumearly-release","Traes_2BS_CCA9B58A3",NA,"Fe,Zn,Co,Mn",NA,NA,NA,NA,"Inferred","AT1G20110","AT1G20110","Medtr3g114080","LOC_Os07g38580","Traes_2BS_CCA9B58A3","GRMZM2G061156","Glyma.04G023100,Glyma.06G023000","Sobic.002G348600","","Seita.2G363000"
"T.aestivumearly-release","Traes_2AS_58901E0DC",NA,"Ca,K,Na,S",NA,NA,NA,NA,"Inferred","AT1G30450","AT1G30450","","","Traes_2AS_58901E0DC","","Glyma.09G085300,Glyma.15G193400","Sobic.005G040700","",""
"T.aestivumearly-release","Traes_2DS_6C351FD1B",NA,"Ca,K,Na,S",NA,NA,NA,NA,"Inferred","AT1G30450","AT1G30450","Medtr2g048510","","Traes_2DS_6C351FD1B","","Glyma.09G085300,Glyma.15G193400","Sobic.005G040700","",""
"T.aestivumearly-release","Traes_5AL_21B739F34",NA,"Ca,K,Na,S",NA,NA,NA,NA,"Inferred","AT1G30450","AT1G30450","Medtr2g048510","LOC_Os08g23440","Traes_5AL_21B739F34","GRMZM2G113276","Glyma.09G085300,Glyma.15G193400","Sobic.009G105900","","Seita.3G275800"
"T.aestivumearly-release","Traes_5BL_0992ADD0A",NA,"Ca,K,Na,S",NA,NA,NA,NA,"Inferred","AT1G30450","AT1G30450","Medtr2g048510","LOC_Os08g23440","Traes_5BL_0992ADD0A","GRMZM2G113276","Glyma.09G085300,Glyma.15G193400","Sobic.009G105900","","Seita.3G275800"
"T.aestivumearly-release","Traes_5DL_7953B077C",NA,"Ca,K,Na,S",NA,NA,NA,NA,"Inferred","AT1G30450","AT1G30450","Medtr2g048510","LOC_Os08g23440","Traes_5DL_7953B077C","GRMZM2G113276","Glyma.09G085300,Glyma.15G193400","Sobic.009G105900","","Seita.3G275800"
"T.aestivumearly-release","Traes_7AS_2BF62E1DE",NA,"Ca,K,Na,S",NA,NA,NA,NA,"Inferred","AT1G30450","AT1G30450","Medtr2g048510","","Traes_7AS_2BF62E1DE","GRMZM2G113276","Glyma.09G085300,Glyma.15G193400","","",""
"T.aestivumearly-release","Traes_7BS_725BE98D0",NA,"Ca,K,Na,S",NA,NA,NA,NA,"Inferred","AT1G30450","AT1G30450","Medtr2g048510","","Traes_7BS_725BE98D0","GRMZM2G113276","Glyma.09G085300,Glyma.15G193400","","",""
"T.aestivumearly-release","Traes_6AL_168121E7E",NA,"K,NO3-",NA,NA,NA,NA,"Inferred","AT1G32450","AT1G32450,AT4G21680","Medtr4g098800,Medtr5g014150,Medtr7g010820","","Traes_6AL_168121E7E","","Glyma.01G200100,Glyma.05G070600,Glyma.09G237600,Glyma.09G237700,Glyma.11G042000,Glyma.17G153300,Glyma.18G259900,Glyma.18G260000","","",""
"T.aestivumearly-release","Traes_6DL_0A59B823C",NA,"K,NO3-",NA,NA,NA,NA,"Inferred","AT1G32450","AT1G32450,AT4G21680","Medtr4g098800,Medtr5g014150,Medtr7g010820","LOC_Os02g46460","Traes_6DL_0A59B823C","GRMZM2G044851","Glyma.01G200100,Glyma.05G070600,Glyma.09G237600,Glyma.09G237700,Glyma.11G042000,Glyma.17G153300,Glyma.18G259900,Glyma.18G260000","Sobic.004G276200","","Seita.1G278500"
"T.aestivumearly-release","Traes_3AL_4020ECFB3",NA,"S,Se",NA,NA,NA,NA,"Inferred","AT1G36370","AT1G22020,AT1G36370","Medtr2g006570,Medtr3g073470","LOC_Os01g65410,LOC_Os05g35440","Traes_3AL_4020ECFB3","GRMZM2G452630","Glyma.04G254300,Glyma.06G107800,Glyma.08G187800,Glyma.12G170300","Sobic.003G373600","","Seita.5G398800"
"T.aestivumearly-release","Traes_3B_AEE1A6778",NA,"S,Se",NA,NA,NA,NA,"Inferred","AT1G36370","AT1G22020,AT1G36370","Medtr2g006570,Medtr3g073470","LOC_Os01g65410,LOC_Os05g35440","Traes_3B_AEE1A6778","GRMZM2G452630","Glyma.04G254300,Glyma.06G107800,Glyma.08G187800,Glyma.12G170300","Sobic.003G373600","","Seita.5G398800"
"T.aestivumearly-release","Traes_2BS_CB79BAFB1",NA,"Fe,Cd,Co,Mo",NA,NA,NA,NA,"Inferred","AT1G56430","AT1G09240,AT1G56430,AT5G04950,AT5G56080","Medtr1g084050,Medtr2g034240,Medtr7g112130","LOC_Os07g48980","Traes_2BS_CB79BAFB1","GRMZM2G050108,GRMZM2G439195,GRMZM2G478568","Glyma.03G231200,Glyma.09G036400,Glyma.19G228400","Sobic.001G151400","","Seita.2G440200"
"T.aestivumearly-release","Traes_6AS_5D0B8CF891",NA,"Fe,Cd,Co,Mo",NA,NA,NA,NA,"Inferred","AT1G56430","AT1G09240,AT1G56430,AT5G04950,AT5G56080","Medtr1g084050,Medtr2g034240,Medtr7g112130","LOC_Os03g19420,LOC_Os03g19427","Traes_6AS_5D0B8CF891","AC233955.1_FG003,GRMZM2G030036,GRMZM2G034956,GRMZM2G124785,GRMZM2G312481,GRMZM2G385200,GRMZM2G704488","Glyma.03G231200,Glyma.09G036400,Glyma.19G228400","Sobic.001G395900","","Seita.9G429600"
"T.aestivumearly-release","Traes_6DS_0BF81EADB",NA,"Fe,Cd,Co,Mo",NA,NA,NA,NA,"Inferred","AT1G56430","AT1G09240,AT1G56430,AT5G04950,AT5G56080","Medtr1g084050,Medtr2g034240,Medtr7g112130","","Traes_6DS_0BF81EADB","","Glyma.03G231200,Glyma.09G036400,Glyma.19G228400","","",""
"T.aestivumearly-release","Traes_6DS_1965FC73E",NA,"Fe,Cd,Co,Mo",NA,NA,NA,NA,"Inferred","AT1G56430","AT1G09240,AT1G56430,AT5G04950,AT5G56080","Medtr1g084050,Medtr2g034240,Medtr7g112130","","Traes_6DS_1965FC73E","","Glyma.03G231200,Glyma.09G036400,Glyma.19G228400","","",""
"T.aestivumearly-release","Traes_2BS_DDCEEE1DE",NA,"S,Se",NA,NA,NA,NA,"Inferred","AT1G62180","AT1G62180,AT4G04610,AT4G21990","Medtr2g023540","LOC_Os07g32570","Traes_2BS_DDCEEE1DE","AC189750.4_FG004,GRMZM2G087254","Glyma.07G261500,Glyma.09G004400,Glyma.15G108700","Sobic.002G314300","","Seita.2G327500"
"T.aestivumearly-release","Traes_2DS_46D766017",NA,"S,Se",NA,NA,NA,NA,"Inferred","AT1G62180","AT1G62180,AT4G04610,AT4G21990","Medtr2g023540","","Traes_2DS_46D766017","","Glyma.07G261500,Glyma.09G004400,Glyma.15G108700","","",""
"T.aestivumearly-release","Traes_7AL_08B2A7BB2",NA,"Mn",NA,NA,NA,NA,"Inferred","AT1G80830","AT1G15960,AT1G80830","Medtr2g104990","LOC_Os06g46310","Traes_7AL_08B2A7BB2","GRMZM2G069198","Glyma.07G023600,Glyma.08G218200,Glyma.13G369900,Glyma.15G003500","Sobic.010G227800","","Seita.4G263200"
"T.aestivumearly-release","Traes_7BL_CA6B7C9E6",NA,"Mn",NA,NA,NA,NA,"Inferred","AT1G80830","AT1G15960,AT1G80830","Medtr2g104990","LOC_Os06g46310","Traes_7BL_CA6B7C9E6","GRMZM2G069198","Glyma.07G023600,Glyma.08G218200,Glyma.13G369900,Glyma.15G003500","Sobic.010G227800","","Seita.4G263200"
"T.aestivumearly-release","Traes_7DL_26A2F4353",NA,"Mn",NA,NA,NA,NA,"Inferred","AT1G80830","AT1G15960,AT1G80830","Medtr2g104990","LOC_Os06g46310","Traes_7DL_26A2F4353","GRMZM2G069198","Glyma.07G023600,Glyma.08G218200,Glyma.13G369900,Glyma.15G003500","Sobic.010G227800","","Seita.4G263200"
"T.aestivumearly-release","Traes_2AL_A3A25F40E",NA,"Fe,Zn",NA,NA,NA,NA,"Inferred","AT2G01770,LOC_Os04g38940","AT2G01770","Medtr8g105790,Medtr8g105810","LOC_Os04g38940","Traes_2AL_A3A25F40E","GRMZM2G107306","Glyma.05G240600,Glyma.08G047500","Sobic.006G109000","","Seita.7G126700"
"T.aestivumearly-release","Traes_2BL_54954138A",NA,"Fe,Zn",NA,NA,NA,NA,"Inferred","AT2G01770,LOC_Os04g38940","AT2G01770","Medtr8g105790,Medtr8g105810","LOC_Os04g38940","Traes_2BL_54954138A","GRMZM2G107306","Glyma.05G240600,Glyma.08G047500","Sobic.006G109000","","Seita.7G126700"
"T.aestivumearly-release","Traes_2DL_B37EC8078",NA,"Fe,Zn",NA,NA,NA,NA,"Inferred","AT2G01770,LOC_Os04g38940","AT2G01770","Medtr8g105790,Medtr8g105810","LOC_Os04g38940","Traes_2DL_B37EC8078","GRMZM2G107306","Glyma.05G240600,Glyma.08G047500","Sobic.006G109000","","Seita.7G126700"
"T.aestivumearly-release","Traes_5BL_7CE3EDE29",NA,"Fe,Zn",NA,NA,NA,NA,"Inferred","AT2G01770,LOC_Os09g23300","AT2G01770","Medtr8g105790,Medtr8g105810","LOC_Os09g23300","Traes_5BL_7CE3EDE29","GRMZM2G074672","Glyma.05G240600,Glyma.08G047500","Sobic.002G194600","","Seita.2G197500"
"T.aestivumearly-release","Traes_5DL_DA6449AC6",NA,"Fe,Zn",NA,NA,NA,NA,"Inferred","AT2G01770,LOC_Os09g23300","AT2G01770","Medtr8g105790,Medtr8g105810","LOC_Os09g23300","Traes_5DL_DA6449AC6","GRMZM2G074672","Glyma.05G240600,Glyma.08G047500","Sobic.002G194600","","Seita.2G197500"
"T.aestivumearly-release","Traes_4BS_9831A28AE",NA,"S",NA,NA,NA,NA,"Inferred","AT2G13540","AT2G13540","Medtr7g083840","LOC_Os03g22570","Traes_4BS_9831A28AE","GRMZM2G083689","Glyma.16G049600,Glyma.19G101600","Sobic.001G373800","","Seita.9G406000"
"T.aestivumearly-release","Traes_5AS_6F02C9967",NA,"Zn",NA,NA,NA,NA,"Inferred","AT2G16770,AT4G35040","AT2G16770,AT4G35040","Medtr4g073100","","Traes_5AS_6F02C9967","","Glyma.11G108100,Glyma.12G033000","","",""
"T.aestivumearly-release","Traes_5BS_FC54F9BEA",NA,"Zn",NA,NA,NA,NA,"Inferred","AT2G16770,AT4G35040","AT2G16770,AT4G35040","Medtr4g073100","LOC_Os06g50310","Traes_5BS_FC54F9BEA","GRMZM2G000171,GRMZM2G055413","Glyma.11G108100,Glyma.12G033000","Sobic.010G267500","","Seita.4G281600,Seita.9G059700"
"T.aestivumearly-release","Traes_5DS_4F7973584",NA,"Zn",NA,NA,NA,NA,"Inferred","AT2G16770,AT4G35040","AT2G16770,AT4G35040","Medtr4g073100","LOC_Os06g50310","Traes_5DS_4F7973584","GRMZM2G000171,GRMZM2G055413","Glyma.11G108100,Glyma.12G033000","Sobic.010G267500","","Seita.4G281600,Seita.9G059700"
"T.aestivumearly-release","Traes_7AL_A8CAE984E",NA,"Zn",NA,NA,NA,NA,"Inferred","AT2G16770,AT4G35040","AT2G16770,AT4G35040","Medtr4g073100","","Traes_7AL_A8CAE984E","","Glyma.11G108100,Glyma.12G033000","","",""
"T.aestivumearly-release","Traes_5BL_D6C3DC326",NA,"Zn,Cd",NA,NA,NA,NA,"Inferred","AT2G19110,AT4G30110,LOC_Os07g12900","AT2G19110,AT4G30110","","LOC_Os07g12900","Traes_5BL_D6C3DC326","GRMZM2G175576","","Sobic.002G083100","","Seita.2G090300"
"T.aestivumearly-release","Traes_6AS_E5666AE7C",NA,"As",NA,NA,NA,NA,"Inferred","AT2G21045","AT2G21045","Medtr2g017630,Medtr5g022390,Medtr8g075420","","Traes_6AS_E5666AE7C","AC204711.3_FG003","Glyma.01G165300,Glyma.02G047000,Glyma.11G077900,Glyma.12G017900,Glyma.16G126500","Sobic.004G002600","","Seita.1G002000"
"T.aestivumearly-release","Traes_4BS_9337E9B2F",NA,"Fe,Mn,Zn",NA,NA,NA,NA,"Inferred","AT2G23150","AT1G47240,AT2G23150","Medtr3g102620,Medtr4g095075,Medtr5g016270","","Traes_4BS_9337E9B2F","","Glyma.01G190700,Glyma.04G044000,Glyma.05G101700,Glyma.06G044200,Glyma.11G051500,Glyma.17G165200","","","Seita.9G171400"
"T.aestivumearly-release","Traes_5BS_DE1CD2DA4",NA,"Fe,Mn,Zn",NA,NA,NA,NA,"Inferred","AT2G23150","AT1G47240,AT2G23150","Medtr3g102620,Medtr4g095075,Medtr5g016270","LOC_Os12g39180","Traes_5BS_DE1CD2DA4","GRMZM2G028036","Glyma.01G190700,Glyma.04G044000,Glyma.05G101700,Glyma.06G044200,Glyma.11G051500,Glyma.17G165200","Sobic.008G143700","","Seita.3G367300"
"T.aestivumearly-release","Traes_5DS_8FAA08B51",NA,"Fe,Mn,Zn",NA,NA,NA,NA,"Inferred","AT2G23150","AT1G47240,AT2G23150","Medtr3g102620,Medtr4g095075,Medtr5g016270","LOC_Os12g39180","Traes_5DS_8FAA08B51","GRMZM2G028036","Glyma.01G190700,Glyma.04G044000,Glyma.05G101700,Glyma.06G044200,Glyma.11G051500,Glyma.17G165200","Sobic.008G143700","","Seita.3G367300"
"T.aestivumearly-release","Traes_2AL_1855F06E3",NA,"Mo",NA,NA,NA,NA,"Inferred","AT2G25680,Medtr1g010270,Medtr3g464210","AT2G25680","Medtr1g010210,Medtr1g010270,Medtr3g108190,Medtr3g464210","LOC_Os08g01120","Traes_2AL_1855F06E3","GRMZM2G083156","Glyma.04G073000,Glyma.06G074100,Glyma.14G130000,Glyma.17G203000,Glyma.17G203200,Glyma.17G203500","Sobic.001G187300","","Seita.9G184500"
"T.aestivumearly-release","Traes_2BL_9560982FA",NA,"Mo",NA,NA,NA,NA,"Inferred","AT2G25680,Medtr1g010270,Medtr3g464210","AT2G25680","Medtr1g010210,Medtr1g010270,Medtr3g108190,Medtr3g464210","LOC_Os08g01120","Traes_2BL_9560982FA","","Glyma.04G073000,Glyma.06G074100,Glyma.14G130000,Glyma.17G203000,Glyma.17G203200,Glyma.17G203500","","",""
"T.aestivumearly-release","Traes_4DL_BEA8B1874",NA,"Ca,Mn,Zn,Na,S,K,As,Se,Mo",NA,NA,NA,NA,"Inferred","AT2G28670","AT1G07730,AT2G28670,AT2G39430,AT3G55230","Medtr1g115510,Medtr4g062460,Medtr4g062470,Medtr4g062520,Medtr7g021300","LOC_Os03g17220","Traes_4DL_BEA8B1874","GRMZM2G049318","Glyma.08G258300,Glyma.11G144000,Glyma.11G144200,Glyma.11G144400,Glyma.12G067400,Glyma.18G282600","Sobic.001G414800","","Seita.9G448600"
"T.aestivumearly-release","Traes_4DL_A266BC7CA",NA,"Co",NA,NA,NA,NA,"Inferred","AT2G38460,AT5G03570","AT2G38460,AT5G03570","Medtr4g013240,Medtr4g013245","LOC_Os06g36450","Traes_4DL_A266BC7CA","GRMZM2G148060","Glyma.01G128300,Glyma.03G042400","Sobic.010G168400","","Seita.4G269800"
"T.aestivumearly-release","Traes_1AL_4FB613BF5",NA,"Mn",NA,NA,NA,NA,"Inferred","AT2G39450","AT2G39450","Medtr7g022890","","Traes_1AL_4FB613BF5","","Glyma.02G095400,Glyma.18G286100","","",""
"T.aestivumearly-release","Traes_1BL_3E65FFB6B",NA,"Mn",NA,NA,NA,NA,"Inferred","AT2G39450","AT2G39450","Medtr7g022890","","Traes_1BL_3E65FFB6B","","Glyma.02G095400,Glyma.18G286100","","",""
"T.aestivumearly-release","Traes_1DL_47B0A6A7A",NA,"Mn",NA,NA,NA,NA,"Inferred","AT2G39450","AT2G39450","Medtr7g022890","","Traes_1DL_47B0A6A7A","","Glyma.02G095400,Glyma.18G286100","","",""
"T.aestivumearly-release","Traes_3B_8D1DAA8DE",NA,"Mn",NA,NA,NA,NA,"Inferred","AT2G39450","AT2G39450","Medtr7g022890","LOC_Os01g62070","Traes_3B_8D1DAA8DE","GRMZM2G014454","Glyma.02G095400,Glyma.18G286100","Sobic.003G349200","","Seita.3G215300,Seita.5G374300"
"T.aestivumearly-release","Traes_1AS_520F23BD4",NA,"Zn",NA,NA,NA,NA,"Inferred","AT2G46800","AT2G46800","Medtr2g036390,Medtr8g024240","LOC_Os05g03780","Traes_1AS_520F23BD4","GRMZM2G036908,GRMZM2G477741","Glyma.07G049200,Glyma.16G017800","Sobic.009G029500","","Seita.3G049900"
"T.aestivumearly-release","Traes_1BS_7F56C8B50",NA,"Zn",NA,NA,NA,NA,"Inferred","AT2G46800","AT2G46800","Medtr2g036390,Medtr8g024240","LOC_Os05g03780","Traes_1BS_7F56C8B50","GRMZM2G036908,GRMZM2G477741","Glyma.07G049200,Glyma.16G017800","Sobic.009G029500","","Seita.3G049900"
"T.aestivumearly-release","Traes_1DS_A22F0D613",NA,"Zn",NA,NA,NA,NA,"Inferred","AT2G46800","AT2G46800","Medtr2g036390,Medtr8g024240","LOC_Os05g03780","Traes_1DS_A22F0D613","GRMZM2G036908,GRMZM2G477741","Glyma.07G049200,Glyma.16G017800","Sobic.009G029500","","Seita.3G049900"
"T.aestivumearly-release","Traes_4BL_8D52C046B",NA,"Zn",NA,NA,NA,NA,"Inferred","AT2G46800","AT2G46800","Medtr2g036390,Medtr8g024240","","Traes_4BL_8D52C046B","","Glyma.07G049200,Glyma.16G017800","","",""
"T.aestivumearly-release","Traes_4DL_B61644BA1",NA,"Zn",NA,NA,NA,NA,"Inferred","AT2G46800","AT2G46800","Medtr2g036390,Medtr8g024240","","Traes_4DL_B61644BA1","","Glyma.07G049200,Glyma.16G017800","","",""
"T.aestivumearly-release","Traes_6AL_5B7EC197B",NA,"Na,K,Rb,Mg,Ca,Fe,Mo",NA,NA,NA,NA,"Inferred","AT3G06060","AT3G06060,AT5G19200","Medtr2g022600,Medtr3g098750","LOC_Os02g47350","Traes_6AL_5B7EC197B","GRMZM2G147701,GRMZM2G167431","Glyma.13G207200,Glyma.15G105400","Sobic.004G269700","","Seita.1G287300"
"T.aestivumearly-release","Traes_6BL_75894702B",NA,"Na,K,Rb,Mg,Ca,Fe,Mo",NA,NA,NA,NA,"Inferred","AT3G06060","AT3G06060,AT5G19200","Medtr2g022600,Medtr3g098750","","Traes_6BL_75894702B","","Glyma.13G207200,Glyma.15G105400","","",""
"T.aestivumearly-release","Traes_2AL_533B673F0",NA,"Na,Fe,Zn,Mn,Mo",NA,NA,NA,NA,"Inferred","AT3G15380","AT3G15380","Medtr2g079490,Medtr8g059125","LOC_Os04g58470,LOC_Os04g58504","Traes_2AL_533B673F0","GRMZM2G051917","Glyma.06G246600,Glyma.12G150800,Glyma.12G223200,Glyma.13G278300","Sobic.006G270400","","Seita.3G012800"
"T.aestivumearly-release","Traes_2BL_3DDB1826B",NA,"Na,Fe,Zn,Mn,Mo",NA,NA,NA,NA,"Inferred","AT3G15380","AT3G15380","Medtr2g079490,Medtr8g059125","LOC_Os04g58470,LOC_Os04g58504","Traes_2BL_3DDB1826B","GRMZM2G051917","Glyma.06G246600,Glyma.12G150800,Glyma.12G223200,Glyma.13G278300","Sobic.006G270400","","Seita.3G012800"
"T.aestivumearly-release","Traes_2DL_DCE370754",NA,"Na,Fe,Zn,Mn,Mo",NA,NA,NA,NA,"Inferred","AT3G15380","AT3G15380","Medtr2g079490,Medtr8g059125","LOC_Os04g58470,LOC_Os04g58504","Traes_2DL_DCE370754","GRMZM2G051917","Glyma.06G246600,Glyma.12G150800,Glyma.12G223200,Glyma.13G278300","Sobic.006G270400","","Seita.3G012800"
"T.aestivumearly-release","Traes_7BL_3902E0349",NA,"Na,Fe,Zn,Mn,Mo",NA,NA,NA,NA,"Inferred","AT3G15380","AT3G15380","Medtr2g079490,Medtr8g059125","","Traes_7BL_3902E0349","GRMZM2G125768","Glyma.06G246600,Glyma.12G150800,Glyma.12G223200,Glyma.13G278300","Sobic.007G000700","","Seita.6G001600"
"T.aestivumearly-release","Traes_7DL_6F84F387C",NA,"Na,Fe,Zn,Mn,Mo",NA,NA,NA,NA,"Inferred","AT3G15380","AT3G15380","Medtr2g079490,Medtr8g059125","","Traes_7DL_6F84F387C","GRMZM2G125768","Glyma.06G246600,Glyma.12G150800,Glyma.12G223200,Glyma.13G278300","Sobic.007G000700","","Seita.6G001600"
"T.aestivumearly-release","Traes_1DL_94289C61D",NA,"Fe,Zn,Mn",NA,NA,NA,NA,"Inferred","AT3G18290","AT3G18290","Medtr6g083900,Medtr8g104410","","Traes_1DL_94289C61D","","Glyma.05G237500,Glyma.07G093700,Glyma.08G044700,Glyma.09G182600","Sobic.009G222200","","Seita.3G156900"
"T.aestivumearly-release","Traes_3AL_667B9174E",NA,"Fe,Zn,Mn",NA,NA,NA,NA,"Inferred","AT3G18290","AT3G18290","Medtr6g083900,Medtr8g104410","LOC_Os01g49470","Traes_3AL_667B9174E","GRMZM2G175661,GRMZM2G312712","Glyma.05G237500,Glyma.07G093700,Glyma.08G044700,Glyma.09G182600","Sobic.003G262200","","Seita.5G276900"
"T.aestivumearly-release","Traes_3B_38BD6A407",NA,"Fe,Zn,Mn",NA,NA,NA,NA,"Inferred","AT3G18290","AT3G18290","Medtr6g083900,Medtr8g104410","LOC_Os01g49470","Traes_3B_38BD6A407","GRMZM2G175661,GRMZM2G312712","Glyma.05G237500,Glyma.07G093700,Glyma.08G044700,Glyma.09G182600","Sobic.003G262200","","Seita.5G276900"
"T.aestivumearly-release","Traes_3DL_7AF5E2768",NA,"Fe,Zn,Mn",NA,NA,NA,NA,"Inferred","AT3G18290","AT3G18290","Medtr6g083900,Medtr8g104410","LOC_Os01g49470","Traes_3DL_7AF5E2768","GRMZM2G175661,GRMZM2G312712","Glyma.05G237500,Glyma.07G093700,Glyma.08G044700,Glyma.09G182600","Sobic.003G262200","","Seita.5G276900"
"T.aestivumearly-release","Traes_5AL_66D8F6463",NA,"S",NA,NA,NA,NA,"Inferred","AT3G22890","AT3G22890,AT4G14680,AT5G43780","Medtr1g102550","","Traes_5AL_66D8F6463","","Glyma.10G242600,Glyma.19G037600,Glyma.20G151500","","",""
"T.aestivumearly-release","Traes_5BL_5CED2C911",NA,"S",NA,NA,NA,NA,"Inferred","AT3G22890","AT3G22890,AT4G14680,AT5G43780","Medtr1g102550","LOC_Os03g53230","Traes_5BL_5CED2C911","GRMZM2G051270,GRMZM2G149952","Glyma.10G242600,Glyma.19G037600,Glyma.20G151500","Sobic.001G094300","","Seita.9G096900"
"T.aestivumearly-release","Traes_5DL_BCEFD69DA",NA,"S",NA,NA,NA,NA,"Inferred","AT3G22890","AT3G22890,AT4G14680,AT5G43780","Medtr1g102550","LOC_Os03g53230","Traes_5DL_BCEFD69DA","GRMZM2G051270,GRMZM2G149952","Glyma.10G242600,Glyma.19G037600,Glyma.20G151500","Sobic.001G094300","","Seita.9G096900"
"T.aestivumearly-release","Traes_2AS_9AEA9BDEA",NA,"Fe,Zn,Mn,Co",NA,NA,NA,NA,"Inferred","AT3G47640","AT3G47640","Medtr4g108360","LOC_Os03g26210","Traes_2AS_9AEA9BDEA","GRMZM2G350312","Glyma.05G027600,Glyma.17G098900","Sobic.001G355600","","Seita.9G384500"
"T.aestivumearly-release","Traes_2AS_C4568AE60",NA,"Fe,Zn,Mn,Co",NA,NA,NA,NA,"Inferred","AT3G47640","AT3G47640","Medtr4g108360","LOC_Os07g43530","Traes_2AS_C4568AE60","GRMZM2G017145","Glyma.05G027600,Glyma.17G098900","Sobic.002G385300","","Seita.2G400400"
"T.aestivumearly-release","Traes_2BS_8A40B568C",NA,"Fe,Zn,Mn,Co",NA,NA,NA,NA,"Inferred","AT3G47640","AT3G47640","Medtr4g108360","LOC_Os03g26210","Traes_2BS_8A40B568C","GRMZM2G350312","Glyma.05G027600,Glyma.17G098900","Sobic.001G355600","","Seita.9G384500"
"T.aestivumearly-release","Traes_2DS_1FE8E9DE9",NA,"Fe,Zn,Mn,Co",NA,NA,NA,NA,"Inferred","AT3G47640","AT3G47640","Medtr4g108360","LOC_Os07g43530","Traes_2DS_1FE8E9DE9","GRMZM2G017145","Glyma.05G027600,Glyma.17G098900","Sobic.002G385300","","Seita.2G400400"
"T.aestivumearly-release","Traes_2DS_FE62DB7F5",NA,"Fe,Zn,Mn,Co",NA,NA,NA,NA,"Inferred","AT3G47640","AT3G47640","Medtr4g108360","LOC_Os03g26210","Traes_2DS_FE62DB7F5","GRMZM2G350312","Glyma.05G027600,Glyma.17G098900","Sobic.001G355600","","Seita.9G384500"
"T.aestivumearly-release","Traes_4DS_2EEB4E70B",NA,"Na",NA,NA,NA,NA,"Inferred","AT3G47950","AT3G47950,AT5G62670","Medtr4g107500,Medtr6g011310","","Traes_4DS_2EEB4E70B","","Glyma.04G174800,Glyma.05G030700,Glyma.06G189900,Glyma.17G096100,Glyma.19G019200","","","Seita.9G134900"
"T.aestivumearly-release","Traes_5AS_FDCDBC783",NA,"Na",NA,NA,NA,NA,"Inferred","AT3G47950","AT3G47950,AT5G62670","Medtr4g107500,Medtr6g011310","LOC_Os12g44150","Traes_5AS_FDCDBC783","GRMZM2G035520","Glyma.04G174800,Glyma.05G030700,Glyma.06G189900,Glyma.17G096100,Glyma.19G019200","Sobic.008G190500","","Seita.3G406700"
"T.aestivumearly-release","Traes_5BS_7DDBE5B89",NA,"Na",NA,NA,NA,NA,"Inferred","AT3G47950","AT3G47950,AT5G62670","Medtr4g107500,Medtr6g011310","LOC_Os12g44150","Traes_5BS_7DDBE5B89","GRMZM2G035520","Glyma.04G174800,Glyma.05G030700,Glyma.06G189900,Glyma.17G096100,Glyma.19G019200","Sobic.008G190500","","Seita.3G406700"
"T.aestivumearly-release","Traes_5DS_DECAA37DD",NA,"Na",NA,NA,NA,NA,"Inferred","AT3G47950","AT3G47950,AT5G62670","Medtr4g107500,Medtr6g011310","LOC_Os12g44150","Traes_5DS_DECAA37DD","GRMZM2G035520","Glyma.04G174800,Glyma.05G030700,Glyma.06G189900,Glyma.17G096100,Glyma.19G019200","Sobic.008G190500","","Seita.3G406700"
"T.aestivumearly-release","Traes_4AS_B5D20D324",NA,"Mn",NA,NA,NA,NA,"Inferred","AT3G58060,LOC_Os03g12530","AT3G58060","Medtr3g062610,Medtr5g075680","LOC_Os03g12530","Traes_4AS_B5D20D324","GRMZM2G118497","Glyma.03G146700","Sobic.001G445000","","Seita.9G478600"
"T.aestivumearly-release","Traes_4BL_E65703779",NA,"Mn",NA,NA,NA,NA,"Inferred","AT3G58060","AT3G58060","Medtr3g062610,Medtr5g075680","","Traes_4BL_E65703779","","Glyma.03G146700","","",""
"T.aestivumearly-release","Traes_4DL_84BDB65D9",NA,"Mn",NA,NA,NA,NA,"Inferred","AT3G58060,LOC_Os03g12530","AT3G58060","Medtr3g062610,Medtr5g075680","LOC_Os03g12530","Traes_4DL_84BDB65D9","GRMZM2G118497","Glyma.03G146700","Sobic.001G445000","","Seita.9G478600"
"T.aestivumearly-release","Traes_1BS_8A9B3CE82",NA,"Fe",NA,NA,NA,NA,"Inferred","AT4G02780","AT4G02780","Medtr7g011663,Medtr7g011770,Medtr7g094970","LOC_Os02g17780","Traes_1BS_8A9B3CE82","GRMZM2G081554","Glyma.03G154400,Glyma.03G154700,Glyma.19G157000","Sobic.001G248600","","Seita.9G262400,Seita.9G351400"
"T.aestivumearly-release","Traes_1DS_CD37D3A95",NA,"Fe",NA,NA,NA,NA,"Inferred","AT4G02780","AT4G02780","Medtr7g011663,Medtr7g011770,Medtr7g094970","LOC_Os02g17780","Traes_1DS_CD37D3A95","GRMZM2G081554","Glyma.03G154400,Glyma.03G154700,Glyma.19G157000","Sobic.001G248600","","Seita.9G262400,Seita.9G351400"
"T.aestivumearly-release","Traes_7AL_151CAA335",NA,"Fe",NA,NA,NA,NA,"Inferred","AT4G02780","AT4G02780","Medtr7g011663,Medtr7g011770,Medtr7g094970","","Traes_7AL_151CAA335","","Glyma.19G156800","","",""
"T.aestivumearly-release","Traes_7DL_02E7F7D6A",NA,"Fe",NA,NA,NA,NA,"Inferred","AT4G02780","AT4G02780","Medtr7g011663,Medtr7g011770,Medtr7g094970","LOC_Os02g17780","Traes_7DL_02E7F7D6A","GRMZM2G081554","Glyma.03G154400,Glyma.03G154700,Glyma.19G157000","Sobic.001G248600","","Seita.9G262400,Seita.9G351400"
"T.aestivumearly-release","Traes_7DL_211D5CA44",NA,"Fe",NA,NA,NA,NA,"Inferred","AT4G02780","AT4G02780","Medtr7g011663,Medtr7g011770,Medtr7g094970","LOC_Os02g17780","Traes_7DL_211D5CA44","GRMZM2G081554","Glyma.03G154400,Glyma.03G154700,Glyma.19G157000","Sobic.001G248600","","Seita.9G262400,Seita.9G351400"
"T.aestivumearly-release","Traes_4DL_3F8034BFD",NA,"Na",NA,NA,NA,NA,"Inferred","AT4G10310","AT4G10310","","LOC_Os01g20160","Traes_4DL_3F8034BFD","GRMZM2G047616","Glyma.01G002300,Glyma.07G130100","Sobic.003G145800","","Seita.5G192900"
"T.aestivumearly-release","Traes_5BL_1FB170E61",NA,"Fe,Cd",NA,NA,NA,NA,"Inferred","AT4G16370","AT4G16370","Medtr4g133968","LOC_Os03g54000","Traes_5BL_1FB170E61","GRMZM2G421491","Glyma.07G267800,Glyma.17G006100","Sobic.001G087700","","Seita.9G090100"
"T.aestivumearly-release","Traes_4AL_9D79BE8FB",NA,"Fe,Mn,Co,Cd,Zn",NA,NA,NA,NA,"Inferred","AT4G19690","AT1G31260,AT4G19690","Medtr8g105030","LOC_Os03g46470","Traes_4AL_9D79BE8FB","GRMZM2G118821","Glyma.02G126000","Sobic.001G142800","","Seita.9G146100"
"T.aestivumearly-release","Traes_4AL_9F6B106F3",NA,"Fe,Mn,Co,Cd,Zn",NA,NA,NA,NA,"Inferred","AT4G19690","AT1G31260,AT4G19690","Medtr8g105030","LOC_Os03g46470","Traes_4AL_9F6B106F3","GRMZM2G118821","Glyma.02G126000","","",""
"T.aestivumearly-release","Traes_4BS_6527BBD54",NA,"Fe,Mn,Co,Cd,Zn",NA,NA,NA,NA,"Inferred","AT4G19690","AT1G31260,AT4G19690","Medtr8g105030","LOC_Os03g46470","Traes_4BS_6527BBD54","GRMZM2G118821","Glyma.02G126000","Sobic.001G142800","","Seita.9G146100"
"T.aestivumearly-release","Traes_4DS_F565A7C50",NA,"Fe,Mn,Co,Cd,Zn",NA,NA,NA,NA,"Inferred","AT4G19690","AT1G31260,AT4G19690","Medtr8g105030","LOC_Os03g46470","Traes_4DS_F565A7C50","GRMZM2G118821","Glyma.02G126000","Sobic.001G142800","","Seita.9G146100"
"T.aestivumearly-release","Traes_3AL_F0F9F0D72",NA,"Na,K,Rb",NA,NA,NA,NA,"Inferred","AT5G02600","AT5G02600","Medtr4g094280","","Traes_3AL_F0F9F0D72","GRMZM2G096008","Glyma.03G174100,Glyma.10G045700,Glyma.13G133600,Glyma.19G175100","Sobic.003G167500","","Seita.5G168600"
"T.aestivumearly-release","Traes_3B_DF8816636",NA,"Na,K,Rb",NA,NA,NA,NA,"Inferred","AT5G02600","AT5G02600","","","Traes_3B_DF8816636","GRMZM2G096008","Glyma.03G174100,Glyma.10G045700,Glyma.13G133600,Glyma.19G175100","Sobic.003G167500","","Seita.5G168600"
"T.aestivumearly-release","Traes_5BL_F6419E9D0",NA,"Ca,Mg",NA,NA,NA,NA,"Inferred","AT5G15410","AT5G15410","Medtr7g012260","LOC_Os03g55100","Traes_5BL_F6419E9D0","GRMZM2G074317,GRMZM5G858887","Glyma.08G241600,Glyma.18G263900","Sobic.001G083800","","Seita.9G085500"
"T.aestivumearly-release","Traes_1AL_C921492AA",NA,"Cu",NA,NA,NA,NA,"Inferred","AT5G18830","AT5G18830","Medtr2g020620","LOC_Os05g33810","Traes_1AL_C921492AA","GRMZM2G109354","Glyma.13G213400,Glyma.15G099400","Sobic.009G135000","","Seita.3G246000"
"T.aestivumearly-release","Traes_1BL_8709BB152",NA,"Cu",NA,NA,NA,NA,"Inferred","AT5G18830","AT5G18830","Medtr2g020620","LOC_Os05g33810","Traes_1BL_8709BB152","GRMZM2G109354","Glyma.13G213400,Glyma.15G099400","Sobic.009G135000","","Seita.3G246000"
"T.aestivumearly-release","Traes_1DL_93BCED372",NA,"Cu",NA,NA,NA,NA,"Inferred","AT5G18830","AT5G18830","Medtr2g020620","LOC_Os05g33810","Traes_1DL_93BCED372","GRMZM2G109354","Glyma.13G213400,Glyma.15G099400","Sobic.009G135000","","Seita.3G246000"
"T.aestivumearly-release","Traes_7AL_0AC3A4753",NA,"Na",NA,NA,NA,NA,"Inferred","AT5G35410","AT4G24400,AT5G35410","","","Traes_7AL_0AC3A4753","","","","",""
"T.aestivumearly-release","Traes_7BL_9A0422DEB",NA,"Na",NA,NA,NA,NA,"Inferred","AT5G35410","AT4G24400,AT5G35410","Medtr4g114670","","Traes_7BL_9A0422DEB","","","","",""
"T.aestivumearly-release","Traes_7DL_85630E21D",NA,"Na",NA,NA,NA,NA,"Inferred","AT5G35410","AT4G24400,AT5G35410","Medtr4g114670","LOC_Os06g40370","Traes_7DL_85630E21D","GRMZM2G137569,GRMZM2G171507","","Sobic.010G186300","","Seita.4G221700"
"T.aestivumearly-release","Traes_4DL_A6F0CFF85",NA,"Zn,Cd,As",NA,NA,NA,NA,"Inferred","AT5G44070,LOC_Os06g01260","AT1G03980,AT5G44070","Medtr7g097190,Medtr7g097200","LOC_Os06g01260","Traes_4DL_A6F0CFF85","","Glyma.03G165000,Glyma.03G165100,Glyma.19G166400","Sobic.003G024200,Sobic.003G024300","","Seita.5G146100,Seita.5G146200"
"T.aestivumearly-release","Traes_2AL_2F91AF932",NA,"Fe,Zn,Cu",NA,NA,NA,NA,"Inferred","AT5G53550","AT5G24380,AT5G53550","Medtr0312s0020,Medtr1g007540,Medtr1g007580,Medtr3g092090","","Traes_2AL_2F91AF932","","Glyma.04G231900,Glyma.06G133000,Glyma.17G191300","","",""
"T.aestivumearly-release","Traes_2AL_CFCA01C76",NA,"Fe,Zn,Cu",NA,NA,NA,NA,"Inferred","AT5G53550,LOC_Os04g45860","AT5G24380,AT5G53550","Medtr0312s0020,Medtr1g007540,Medtr1g007580,Medtr3g092090","LOC_Os04g45860","Traes_2AL_CFCA01C76","GRMZM2G051179","Glyma.04G231900,Glyma.06G133000,Glyma.17G191300","Sobic.006G164200","","Seita.7G185000"
"T.aestivumearly-release","Traes_2BL_6C5206B6D",NA,"Fe,Zn,Cu",NA,NA,NA,NA,"Inferred","AT5G53550","AT5G24380,AT5G53550","Medtr0312s0020,Medtr1g007540,Medtr1g007580,Medtr3g092090","","Traes_2BL_6C5206B6D","","Glyma.04G231900,Glyma.06G133000,Glyma.17G191300","","",""
"T.aestivumearly-release","Traes_2DL_131222AE2",NA,"Fe,Zn,Cu",NA,NA,NA,NA,"Inferred","AT5G53550,LOC_Os04g45860","AT5G24380,AT5G53550","Medtr0312s0020,Medtr1g007540,Medtr1g007580,Medtr3g092090","LOC_Os04g45860","Traes_2DL_131222AE2","GRMZM2G051179","Glyma.04G231900,Glyma.06G133000,Glyma.17G191300","Sobic.006G164200","","Seita.7G185000"
"T.aestivumearly-release","Traes_5BL_C1D4586B1",NA,"Li,B,Na,Mg,K,Ca,Mn,Fe,Co,Ni,Cu,Zn,Rb,Sr,Mo,Cd",NA,NA,NA,NA,"Inferred","AT5G57620","AT5G57620","","LOC_Os09g26170","Traes_5BL_C1D4586B1","GRMZM2G115859,GRMZM2G117244","","Sobic.002G209300","","Seita.2G213200"
"T.aestivumearly-release","Traes_3AL_2600CE5A9",NA,"K",NA,NA,NA,NA,"Inferred","AT5G64930","AT5G64930","Medtr3g094760","LOC_Os01g68970","Traes_3AL_2600CE5A9","GRMZM2G032447","Glyma.06G145800","Sobic.003G402900","","Seita.5G428700"
"T.aestivumearly-release","Traes_3B_1B505B455",NA,"K",NA,NA,NA,NA,"Inferred","AT5G64930","AT5G64930","","","Traes_3B_1B505B455","","","","",""
"T.aestivumearly-release","Traes_3DL_738EEB08B",NA,"K",NA,NA,NA,NA,"Inferred","AT5G64930","AT5G64930","Medtr3g094760","LOC_Os01g68970","Traes_3DL_738EEB08B","GRMZM2G032447","Glyma.06G145800","Sobic.003G402900","","Seita.5G428700"
"T.aestivumearly-release","Traes_6AL_E7EC461BD",NA,"K",NA,NA,NA,NA,"Inferred","AT5G64930","AT5G64930","Medtr3g094760","LOC_Os02g53070","Traes_6AL_E7EC461BD","GRMZM2G158811","Glyma.06G145800","Sobic.004G312100","","Seita.1G334300"
"T.aestivumearly-release","Traes_6BL_D2DF38E7B",NA,"K",NA,NA,NA,NA,"Inferred","AT5G64930","AT5G64930","Medtr3g094760","LOC_Os02g53070","Traes_6BL_D2DF38E7B","GRMZM2G158811","Glyma.06G145800","Sobic.004G312100","","Seita.1G334300"
"T.aestivumearly-release","Traes_6DL_E3552E85E",NA,"K",NA,NA,NA,NA,"Inferred","AT5G64930","AT5G64930","Medtr3g094760","LOC_Os02g53070","Traes_6DL_E3552E85E","GRMZM2G158811","Glyma.06G145800","Sobic.004G312100","","Seita.1G334300"
"T.aestivumearly-release","Traes_4AS_5D4904831",NA,"Fe",NA,NA,NA,NA,"Inferred","Medtr3g088460","","Medtr3g088440,Medtr3g088460","LOC_Os07g15370","Traes_4AS_5D4904831","GRMZM2G147560","Glyma.06G115800","Sobic.002G095400","","Seita.2G100300"
"T.aestivumearly-release","Traes_4DL_657E82F56",NA,"Fe",NA,NA,NA,NA,"Inferred","Medtr3g088460","","Medtr3g088440,Medtr3g088460","LOC_Os07g15370","Traes_4DL_657E82F56","GRMZM2G147560","Glyma.06G115800","Sobic.002G095400","","Seita.2G100300"
"T.aestivumearly-release","Traes_3AS_4988A011D",NA,"Mn",NA,NA,NA,NA,"Inferred","LOC_Os01g03914","AT1G16310,AT1G79520","Medtr2g064405,Medtr3g080090,Medtr8g046550","LOC_Os01g03914","Traes_3AS_4988A011D","AC182482.3_FG003","Glyma.08G164800,Glyma.09G099500,Glyma.09G122600,Glyma.15G262300,Glyma.15G262400","Sobic.003G086300","",""
"T.aestivumearly-release","Traes_3AL_D426C4603",NA,"K",NA,NA,NA,NA,"Inferred","LOC_Os01g45990","AT2G26650","Medtr4g113530","LOC_Os01g45990","Traes_3AL_D426C4603","","Glyma.05G010600,Glyma.17G118300","Sobic.003G237900","","Seita.5G244400"
"T.aestivumearly-release","Traes_3B_1795B9E0B",NA,"K",NA,NA,NA,NA,"Inferred","LOC_Os01g45990","AT2G26650","Medtr4g113530","LOC_Os01g45990","Traes_3B_1795B9E0B","","Glyma.05G010600,Glyma.17G118300","Sobic.003G237900","","Seita.5G244400"
"T.aestivumearly-release","Traes_3DL_8D6F782B1",NA,"K",NA,NA,NA,NA,"Inferred","LOC_Os01g45990","AT2G26650","Medtr4g113530","LOC_Os01g45990","Traes_3DL_8D6F782B1","","Glyma.05G010600,Glyma.17G118300","Sobic.003G237900","","Seita.5G244400"
"T.aestivumearly-release","Traes_6AS_A137671B1",NA,"As",NA,NA,NA,NA,"Inferred","LOC_Os02g06290","","Medtr2g059890","LOC_Os02g06290","Traes_6AS_A137671B1","GRMZM2G303374","","Sobic.004G046400","","Seita.1G082100"
"T.aestivumearly-release","Traes_6DS_98585F07B",NA,"As",NA,NA,NA,NA,"Inferred","LOC_Os02g06290","","Medtr2g059890","LOC_Os02g06290","Traes_6DS_98585F07B","GRMZM2G303374","","Sobic.004G046400","","Seita.1G082100"
"T.aestivumearly-release","Traes_6AS_6F306F27E",NA,"Cu",NA,NA,NA,NA,"Inferred","LOC_Os02g10290","","Medtr8g012390","LOC_Os02g10290","Traes_6AS_6F306F27E","GRMZM2G029951","Glyma.03G086000,Glyma.16G088300","Sobic.004G079900","","Seita.1G049200"
"T.aestivumearly-release","Traes_6DS_26C5A0A44",NA,"Cu",NA,NA,NA,NA,"Inferred","LOC_Os02g10290","","Medtr8g012390","LOC_Os02g10290","Traes_6DS_26C5A0A44","GRMZM2G029951","Glyma.03G086000,Glyma.16G088300","Sobic.004G079900","","Seita.1G049200"
"T.aestivumearly-release","Traes_6DL_AA95B2246",NA,"Fe,Mn",NA,NA,NA,NA,"Inferred","LOC_Os02g43370","","","LOC_Os02g43370","Traes_6DL_AA95B2246","GRMZM2G026391","","","","Seita.1G254100"
"T.aestivumearly-release","Traes_1AL_C6A0E255E",NA,"Fe",NA,NA,NA,NA,"Inferred","LOC_Os02g43410","","","LOC_Os02g43410","Traes_1AL_C6A0E255E","","","Sobic.004G299500,Sobic.004G299600","","Seita.1G254300"
"T.aestivumearly-release","Traes_1BL_CA93E6359",NA,"Fe",NA,NA,NA,NA,"Inferred","LOC_Os02g43410","","","LOC_Os02g43410","Traes_1BL_CA93E6359","","","Sobic.004G299500,Sobic.004G299600","","Seita.1G254300"
"T.aestivumearly-release","Traes_1DL_7E5ED8683",NA,"Fe",NA,NA,NA,NA,"Inferred","LOC_Os02g43410","","","LOC_Os02g43410","Traes_1DL_7E5ED8683","","","Sobic.004G299500,Sobic.004G299600","","Seita.1G254300"
"T.aestivumearly-release","Traes_6AL_E36FCEF64",NA,"Fe",NA,NA,NA,NA,"Inferred","LOC_Os02g43410","","","LOC_Os02g43410","Traes_6AL_E36FCEF64","","","Sobic.004G299500,Sobic.004G299600","","Seita.1G254300"
"T.aestivumearly-release","Traes_4DL_7B2F68152",NA,"Fe",NA,NA,NA,NA,"Inferred","LOC_Os03g18550","AT1G07030,AT2G30160","Medtr5g073040","LOC_Os03g18550","Traes_4DL_7B2F68152","GRMZM2G032182,GRMZM2G053908","Glyma.02G231200,Glyma.14G198800","Sobic.001G403700","","Seita.9G437700"
"T.aestivumearly-release","Traes_2AL_987F244D2",NA,"Cs",NA,NA,NA,NA,"Inferred","LOC_Os04g32920","","","LOC_Os04g32920","Traes_2AL_987F244D2","","","Sobic.006G061300","","Seita.7G082300,Seita.7G082700"
"T.aestivumearly-release","Traes_2BL_D0C7517E1",NA,"Cs",NA,NA,NA,NA,"Inferred","LOC_Os04g32920","","Medtr4g099260,Medtr8g088200","LOC_Os04g32920","Traes_2BL_D0C7517E1","GRMZM2G093826","Glyma.03G264100,Glyma.07G042500,Glyma.19G263100","Sobic.006G061300","","Seita.7G082300,Seita.7G082700"
"T.aestivumearly-release","Traes_4AL_FF208A87A",NA,"Cs",NA,NA,NA,NA,"Inferred","LOC_Os04g32920","","Medtr4g099260,Medtr8g088200","LOC_Os04g32920","Traes_4AL_FF208A87A","GRMZM2G093826","Glyma.03G264100,Glyma.07G042500,Glyma.19G263100","Sobic.006G061300","","Seita.7G082300,Seita.7G082700"
"T.aestivumearly-release","Traes_4DL_496B8485B",NA,"Cs",NA,NA,NA,NA,"Inferred","LOC_Os04g32920","","Medtr4g099260,Medtr8g088200","LOC_Os04g32920","Traes_4DL_496B8485B","GRMZM2G093826","Glyma.03G264100,Glyma.07G042500,Glyma.19G263100","Sobic.006G061300","","Seita.7G082300,Seita.7G082700"
"T.aestivumearly-release","Traes_2AL_D0EABF355",NA,"Cu",NA,NA,NA,NA,"Inferred","LOC_Os04g46940","AT1G63440","Medtr5g010420,Medtr8g079250","LOC_Os04g46940","Traes_2AL_D0EABF355","GRMZM2G143512,GRMZM2G144083","Glyma.01G219100,Glyma.19G140000","Sobic.006G173700,Sobic.006G173800","","Seita.7G193900,Seita.7G194000"
"T.aestivumearly-release","Traes_2BL_19B3E60AA",NA,"Cu",NA,NA,NA,NA,"Inferred","LOC_Os04g46940","AT1G63440","Medtr5g010420,Medtr8g079250","LOC_Os04g46940","Traes_2BL_19B3E60AA","GRMZM2G143512,GRMZM2G144083","Glyma.01G219100,Glyma.19G140000","Sobic.006G173700,Sobic.006G173800","","Seita.7G193900,Seita.7G194000"
"T.aestivumearly-release","Traes_2DL_51FF05F66",NA,"Cu",NA,NA,NA,NA,"Inferred","LOC_Os04g46940","AT1G63440","Medtr5g010420,Medtr8g079250","LOC_Os04g46940","Traes_2DL_51FF05F66","GRMZM2G143512,GRMZM2G144083","Glyma.01G219100,Glyma.19G140000","Sobic.006G173700,Sobic.006G173800","","Seita.7G193900,Seita.7G194000"
"T.aestivumearly-release","Traes_2BL_23F1C8743",NA,"Zn",NA,NA,NA,NA,"Inferred","LOC_Os04g52310","","","LOC_Os04g52310","Traes_2BL_23F1C8743","GRMZM2G045849","","Sobic.006G212200","","Seita.7G234300"
"T.aestivumearly-release","Traes_2AL_0A38A0EFC",NA,"As",NA,NA,NA,NA,"Inferred","LOC_Os04g52900","AT1G30400,AT2G34660","Medtr2g019020","LOC_Os04g52900","Traes_2AL_0A38A0EFC","GRMZM2G084181","Glyma.13G220000,Glyma.15G092400","Sobic.006G219300","","Seita.7G241100"
"T.aestivumearly-release","Traes_2DL_5F40C7E14",NA,"As",NA,NA,NA,NA,"Inferred","LOC_Os04g52900","AT1G30400,AT2G34660","Medtr2g019020","LOC_Os04g52900","Traes_2DL_5F40C7E14","GRMZM2G084181","Glyma.13G220000,Glyma.15G092400","Sobic.006G219300","","Seita.7G241100"
"T.aestivumearly-release","Traes_7AL_78100D515",NA,"Zn",NA,NA,NA,NA,"Inferred","LOC_Os06g48720","","","LOC_Os06g48720","Traes_7AL_78100D515","","","","",""
"T.aestivumearly-release","Traes_4AL_BE405B578",NA,"K",NA,NA,NA,NA,"Inferred","LOC_Os07g01810","","","LOC_Os07g01810","Traes_4AL_BE405B578","GRMZM2G351347","","Sobic.005G114000","","Seita.8G118200"
"T.aestivumearly-release","Traes_4BS_61A38B6BA",NA,"K",NA,NA,NA,NA,"Inferred","LOC_Os07g01810","","","LOC_Os07g01810","Traes_4BS_61A38B6BA","GRMZM2G351347","","Sobic.005G114000","","Seita.8G118200"
"T.aestivumearly-release","Traes_4DS_BDB03ED9C",NA,"K",NA,NA,NA,NA,"Inferred","LOC_Os07g01810","","","LOC_Os07g01810","Traes_4DS_BDB03ED9C","GRMZM2G351347","","Sobic.005G114000","","Seita.8G118200"
"T.aestivumearly-release","Traes_7DL_88B60203A",NA,"Fe",NA,NA,NA,NA,"Inferred","LOC_Os08g04390","","","LOC_Os08g04390","Traes_7DL_88B60203A","GRMZM2G017586,GRMZM2G093744","","Sobic.007G033800","","Seita.6G069500"
"T.aestivumearly-release","Traes_7AL_4C5A18F7C",NA,"Cu",NA,NA,NA,NA,"Inferred","LOC_Os08g10480","AT1G66240","Medtr1g092670","LOC_Os08g10480","Traes_7AL_4C5A18F7C","","Glyma.10G203200,Glyma.20G187100","Sobic.008G179500","","Seita.8G110600"
"T.aestivumearly-release","Traes_7DL_4B6FAFD6B",NA,"Cu",NA,NA,NA,NA,"Inferred","LOC_Os08g10480","AT1G66240","Medtr1g092670","LOC_Os08g10480","Traes_7DL_4B6FAFD6B","","Glyma.10G203200,Glyma.20G187100","Sobic.008G179500","","Seita.8G110600"
"T.aestivumearly-release","Traes_4AS_887399584",NA,"Fe",NA,NA,NA,NA,"Inferred","GRMZM2G060952","AT1G59950,AT1G59960","Medtr4g072320,Medtr4g072350,Medtr4g072360,Medtr6g073110","LOC_Os03g13390","Traes_4AS_887399584","GRMZM2G060952","Glyma.09G169700,Glyma.09G170000,Glyma.16G219400,Glyma.16G219500","Sobic.001G443100","","Seita.9G476100"
